<CurveConfiguration>
	<YieldCurves>
		<YieldCurve>
			<CurveId>EUR-EONIA</CurveId>
			<CurveDescription>EONIA curve as spread over ESTER</CurveDescription>
			<Currency>EUR</Currency>
			<DiscountCurve/>
			<Segments>
				<ZeroSpread>
					<Type>Zero Spread</Type>
					<Quotes>
						<Quote>ZERO/YIELD_SPREAD/EUR/EONIA_ESTER_SPREAD/A365/1D</Quote>
						<Quote>ZERO/YIELD_SPREAD/EUR/EONIA_ESTER_SPREAD/A365/50Y</Quote>
					</Quotes>
					<Conventions>EUR-ZERO-TENOR-BASED</Conventions>
					<ReferenceCurve>EUR-ESTER</ReferenceCurve>
				</ZeroSpread>
			</Segments>
			<InterpolationVariable>Discount</InterpolationVariable>
			<InterpolationMethod>LogLinear</InterpolationMethod>
			<YieldCurveDayCounter>A365</YieldCurveDayCounter>
			<Tolerance>0.0000000000010000</Tolerance>
			<Extrapolation>true</Extrapolation>
			<BootstrapConfig>
				<Accuracy>0.0000000000010000</Accuracy>
				<GlobalAccuracy>0.0000000000010000</GlobalAccuracy>
				<DontThrow>false</DontThrow>
				<MaxAttempts>5</MaxAttempts>
				<MaxFactor>2</MaxFactor>
				<MinFactor>2</MinFactor>
				<DontThrowSteps>10</DontThrowSteps>
			</BootstrapConfig>
		</YieldCurve>
		<YieldCurve>
			<CurveId>EUR-ESTER</CurveId>
			<CurveDescription>EUR ESTER discount curve bootstrapped from OIS swap rates</CurveDescription>
			<Currency>EUR</Currency>
			<DiscountCurve>EUR-ESTER</DiscountCurve>
			<Segments>
				<Simple>
					<Type>Deposit</Type>
					<Quotes>
						<Quote>MM/RATE/EUR/ESTER/0D/1D</Quote>
					</Quotes>
					<Conventions>EUR-ON-DEPOSIT-ESTER</Conventions>
				</Simple>
				<Simple>
					<Type>OIS</Type>
					<Quotes>
						<Quote optional="true">IR_SWAP/RATE/EUR/ESTER/2D/1D/1W</Quote>
						<Quote optional="true">IR_SWAP/RATE/EUR/ESTER/2D/1D/2W</Quote>
						<Quote optional="true">IR_SWAP/RATE/EUR/ESTER/2D/1D/3W</Quote>
						<Quote optional="true">IR_SWAP/RATE/EUR/ESTER/2D/1D/1M</Quote>
						<Quote optional="true">IR_SWAP/RATE/EUR/ESTER/2D/1D/2M</Quote>
						<Quote optional="true">IR_SWAP/RATE/EUR/ESTER/2D/1D/3M</Quote>
						<Quote optional="true">IR_SWAP/RATE/EUR/ESTER/2D/1D/4M</Quote>
						<Quote optional="true">IR_SWAP/RATE/EUR/ESTER/2D/1D/5M</Quote>
						<Quote optional="true">IR_SWAP/RATE/EUR/ESTER/2D/1D/6M</Quote>
						<Quote optional="true">IR_SWAP/RATE/EUR/ESTER/2D/1D/7M</Quote>
						<Quote optional="true">IR_SWAP/RATE/EUR/ESTER/2D/1D/8M</Quote>
						<Quote optional="true">IR_SWAP/RATE/EUR/ESTER/2D/1D/9M</Quote>
						<Quote optional="true">IR_SWAP/RATE/EUR/ESTER/2D/1D/10M</Quote>
						<Quote optional="true">IR_SWAP/RATE/EUR/ESTER/2D/1D/11M</Quote>
						<Quote optional="true">IR_SWAP/RATE/EUR/ESTER/2D/1D/1Y</Quote>
						<Quote optional="true">IR_SWAP/RATE/EUR/ESTER/2D/1D/15M</Quote>
						<Quote optional="true">IR_SWAP/RATE/EUR/ESTER/2D/1D/18M</Quote>
						<Quote optional="true">IR_SWAP/RATE/EUR/ESTER/2D/1D/21M</Quote>
						<Quote optional="true">IR_SWAP/RATE/EUR/ESTER/2D/1D/2Y</Quote>
						<Quote optional="true">IR_SWAP/RATE/EUR/ESTER/2D/1D/3Y</Quote>
						<Quote optional="true">IR_SWAP/RATE/EUR/ESTER/2D/1D/4Y</Quote>
						<Quote optional="true">IR_SWAP/RATE/EUR/ESTER/2D/1D/5Y</Quote>
						<Quote optional="true">IR_SWAP/RATE/EUR/ESTER/2D/1D/6Y</Quote>
						<Quote optional="true">IR_SWAP/RATE/EUR/ESTER/2D/1D/7Y</Quote>
						<Quote optional="true">IR_SWAP/RATE/EUR/ESTER/2D/1D/8Y</Quote>
						<Quote optional="true">IR_SWAP/RATE/EUR/ESTER/2D/1D/9Y</Quote>
						<Quote optional="true">IR_SWAP/RATE/EUR/ESTER/2D/1D/10Y</Quote>
						<Quote optional="true">IR_SWAP/RATE/EUR/ESTER/2D/1D/11Y</Quote>
						<Quote optional="true">IR_SWAP/RATE/EUR/ESTER/2D/1D/12Y</Quote>
						<Quote optional="true">IR_SWAP/RATE/EUR/ESTER/2D/1D/15Y</Quote>
						<Quote optional="true">IR_SWAP/RATE/EUR/ESTER/2D/1D/20Y</Quote>
						<Quote optional="true">IR_SWAP/RATE/EUR/ESTER/2D/1D/25Y</Quote>
						<Quote optional="true">IR_SWAP/RATE/EUR/ESTER/2D/1D/30Y</Quote>
						<Quote optional="true">IR_SWAP/RATE/EUR/ESTER/2D/1D/40Y</Quote>
						<Quote optional="true">IR_SWAP/RATE/EUR/ESTER/2D/1D/50Y</Quote>
						<Quote optional="true">IR_SWAP/RATE/EUR/ESTER/2D/1D/60Y</Quote>
					</Quotes>
					<Conventions>EUR-ESTER-OIS</Conventions>
				</Simple>
			</Segments>
			<InterpolationVariable>Discount</InterpolationVariable>
			<InterpolationMethod>LogLinear</InterpolationMethod>
			<YieldCurveDayCounter>A365</YieldCurveDayCounter>
			<Tolerance>0.0000000000010000</Tolerance>
			<Extrapolation>true</Extrapolation>
			<BootstrapConfig>
				<Accuracy>0.0000000000010000</Accuracy>
				<GlobalAccuracy>0.0000000000010000</GlobalAccuracy>
				<DontThrow>false</DontThrow>
				<MaxAttempts>5</MaxAttempts>
				<MaxFactor>2</MaxFactor>
				<MinFactor>2</MinFactor>
				<DontThrowSteps>10</DontThrowSteps>
			</BootstrapConfig>
		</YieldCurve>
	</YieldCurves>
	<EquityCurves>
		<EquityCurve>
			<CurveId>RIC:.STOXX50E</CurveId>
			<CurveDescription>EURO STOXX 50 EUR Price Index option implied forward curve</CurveDescription>
			<Currency>EUR</Currency>
			<Calendar/>
			<ForecastingCurve>EUR-EONIA</ForecastingCurve>
			<Type>OptionPremium</Type>
			<ExerciseStyle>European</ExerciseStyle>
			<SpotQuote>EQUITY/PRICE/RIC:.STOXX50E/EUR</SpotQuote>
			<Quotes>
				<Quote>EQUITY_OPTION/PRICE/RIC:.STOXX50E/EUR/*</Quote>
			</Quotes>
			<DayCounter>A365</DayCounter>
			<DividendInterpolation>
				<InterpolationVariable>Zero</InterpolationVariable>
				<InterpolationMethod>Linear</InterpolationMethod>
			</DividendInterpolation>
			<Extrapolation>true</Extrapolation>
		</EquityCurve>
	</EquityCurves>
	<EquityVolatilities>
		<EquityVolatility>
			<CurveId>RIC:.STOXX50E</CurveId>
			<CurveDescription>Lognormal option implied vols for RIC:.STOXX50E</CurveDescription>
			<Currency>EUR</Currency>
			<DayCounter>A365</DayCounter>
			<VolatilityConfig>
				<StrikeSurface priority="0">
					<QuoteType>Premium</QuoteType>
					<ExerciseType>European</ExerciseType>
					<Strikes>*</Strikes>
					<Expiries>*</Expiries>
					<TimeInterpolation>Linear</TimeInterpolation>
					<StrikeInterpolation>Linear</StrikeInterpolation>
					<Extrapolation>true</Extrapolation>
					<TimeExtrapolation>Flat</TimeExtrapolation>
					<StrikeExtrapolation>Flat</StrikeExtrapolation>
				</StrikeSurface>
			</VolatilityConfig>
			<Calendar/>
			<Report/>
		</EquityVolatility>
	</EquityVolatilities>
</CurveConfiguration>
