{
  "version": 2,
  "configurePresets": [
    {
      "name": "windows-ninja-x64-debug",
      "binaryDir": "${sourceDir}/build",
      "generator": "Ninja Multi-Config",
      "cacheVariables": {
        "CMAKE_CXX_COMPILER": "cl.exe",
        "CMAKE_BUILD_TYPE": "Debug",
        "BOOST_INCLUDEDIR": "$env{BOOST}",
        "BOOST_LIBRARYDIR": "$env{BOOST_LIB64}",
        "ORE": "$env{ORE}",
        "ORE_BUILD": "$env{ORE_BUILD}",
        "QL_BUILD_EXAMPLES": false,
        "QL_BUILD_TEST_SUITE": false,
        "QL_BUILD_BENCHMARK": false,
        "MSVC_LINK_DYNAMIC_RUNTIME": true,
        "MSVC_WHOLE_PROGRAM_OPTIMIZATION": false,
        "QL_ENABLE_SESSIONS": true,
        "ORE_BUILD_DOC": true,
        "OREPLUS_LICENSE": false,
        "CMAKE_TOOLCHAIN_FILE": "$env{VCPKG_ROOT}/scripts/buildsystems/vcpkg.cmake"
      },
      "architecture": {
        "value": "x64",
        "strategy": "external"
      },
      "vendor": {
        "microsoft.com/VisualStudioSettings/CMake/1.0": {
          "intelliSenseMode": "windows-msvc-x64",
          "hostOS": [
            "Windows"
          ]
        }
      }
    },
    {
      "name": "windows-ninja-x64-relWithDebInfo",
      "binaryDir": "${sourceDir}/build",
      "generator": "Ninja Multi-Config",
      "cacheVariables": {
        "CMAKE_CXX_COMPILER": "cl.exe",
        "CMAKE_BUILD_TYPE": "RelWithDebInfo",
        "BOOST_INCLUDEDIR": "$env{BOOST}",
        "BOOST_LIBRARYDIR": "$env{BOOST_LIB64}",
        "ORE": "$env{ORE}",
        "ORE_BUILD": "$env{ORE_BUILD}",
        "QL_BUILD_EXAMPLES": false,
        "QL_BUILD_TEST_SUITE": false,
        "QL_BUILD_BENCHMARK": false,
        "MSVC_LINK_DYNAMIC_RUNTIME": true,
        "MSVC_WHOLE_PROGRAM_OPTIMIZATION": true,
        "QL_ENABLE_SESSIONS": true,
        "ORE_BUILD_DOC": true,
        "OREPLUS_LICENSE": false,
        "CMAKE_TOOLCHAIN_FILE": "$env{VCPKG_ROOT}/scripts/buildsystems/vcpkg.cmake"
      },
      "architecture": {
        "value": "x64",
        "strategy": "external"
      },
      "vendor": {
        "microsoft.com/VisualStudioSettings/CMake/1.0": {
          "intelliSenseMode": "windows-msvc-x64",
          "hostOS": [
            "Windows"
          ]
        }
      }
    },
    {
      "name": "windows-ninja-x64-release",
      "binaryDir": "${sourceDir}/build",
      "generator": "Ninja Multi-Config",
      "cacheVariables": {
        "CMAKE_CXX_COMPILER": "cl.exe",
        "CMAKE_BUILD_TYPE": "Release",
        "BOOST_INCLUDEDIR": "$env{BOOST}",
        "BOOST_LIBRARYDIR": "$env{BOOST_LIB64}",
        "ORE": "$env{ORE}",
        "ORE_BUILD": "$env{ORE_BUILD}",
        "QL_BUILD_EXAMPLES": false,
        "QL_BUILD_TEST_SUITE": false,
        "QL_BUILD_BENCHMARK": false,
        "MSVC_LINK_DYNAMIC_RUNTIME": true,
        "MSVC_WHOLE_PROGRAM_OPTIMIZATION": true,
        "QL_ENABLE_SESSIONS": true,
        "ORE_BUILD_DOC": true,
        "OREPLUS_LICENSE": false,
        "CMAKE_TOOLCHAIN_FILE": "$env{VCPKG_ROOT}/scripts/buildsystems/vcpkg.cmake"
      },
      "architecture": {
        "value": "x64",
        "strategy": "external"
      },
      "vendor": {
        "microsoft.com/VisualStudioSettings/CMake/1.0": {
          "intelliSenseMode": "windows-msvc-x64",
          "hostOS": [
            "Windows"
          ]
        }
      }
    },
    {
      "name": "windows-msvc-x64",
      "binaryDir": "${sourceDir}/build",
      "generator": "Visual Studio 17 2022",
      "cacheVariables": {
        "BOOST_INCLUDEDIR": "$env{BOOST}",
        "BOOST_LIBRARYDIR": "$env{BOOST_LIB64}",
        "ORE": "$env{ORE}",
        "ORE_BUILD": "$env{ORE_BUILD}",
        "QL_BUILD_EXAMPLES": false,
        "QL_BUILD_TEST_SUITE": false,
        "QL_BUILD_BENCHMARK": false,
        "MSVC_LINK_DYNAMIC_RUNTIME": true,
        "MSVC_WHOLE_PROGRAM_OPTIMIZATION": false,
        "QL_ENABLE_SESSIONS": true,
        "ORE_BUILD_DOC": true,
        "OREPLUS_LICENSE": false,
        "CMAKE_TOOLCHAIN_FILE": "$env{VCPKG_ROOT}/scripts/buildsystems/vcpkg.cmake"
      },
      "architecture": {
        "value": "x64",
        "strategy": "set"
      },
      "vendor": {
        "microsoft.com/VisualStudioSettings/CMake/1.0": {
          "intelliSenseMode": "windows-msvc-x64",
          "hostOS": [
            "Windows"
          ]
        }
      }
    },
    {
      "name": "windows-msvc-x64-static",
      "binaryDir": "${sourceDir}/build",
      "generator": "Visual Studio 17 2022",
      "cacheVariables": {
        "BOOST_INCLUDEDIR": "$env{BOOST}",
        "BOOST_LIBRARYDIR": "$env{BOOST_LIB64}",
        "ORE": "$env{ORE}",
        "ORE_BUILD": "$env{ORE_BUILD}",
        "QL_BUILD_EXAMPLES": false,
        "QL_BUILD_TEST_SUITE": false,
        "QL_BUILD_BENCHMARK": false,
        "MSVC_LINK_DYNAMIC_RUNTIME": false,
        "MSVC_WHOLE_PROGRAM_OPTIMIZATION": true,
        "QL_ENABLE_SESSIONS": true,
        "ORE_BUILD_DOC": true,
        "OREPLUS_LICENSE": false,
        "CMAKE_TOOLCHAIN_FILE": "$env{VCPKG_ROOT}/scripts/buildsystems/vcpkg.cmake"
      },
      "architecture": {
        "value": "x64",
        "strategy": "set"
      },
      "vendor": {
        "microsoft.com/VisualStudioSettings/CMake/1.0": {
          "intelliSenseMode": "windows-msvc-x64",
          "hostOS": [
            "Windows"
          ]
        }
      }
    }
  ],
  "buildPresets": [
    {
      "name": "windows-ninja-x64-release",
      "configurePreset": "windows-ninja-x64-release",
      "configuration": "Release"
    },
    {
      "name": "windows-ninja-x64-relWithDebInfo",
      "configurePreset": "windows-ninja-x64-relWithDebInfo",
      "configuration": "RelWithDebInfo"
    },
    {
      "name": "windows-ninja-x64-debug",
      "configurePreset": "windows-ninja-x64-debug",
      "configuration": "Debug"
    },
    {
      "name": "windows-msvc-x64-release",
      "configurePreset": "windows-msvc-x64",
      "configuration": "Release",
      "nativeToolOptions": [
        "-m"
      ]
    },
    {
      "name": "windows-msvc-x64-relWithDebInfo",
      "configurePreset": "windows-msvc-x64",
      "configuration": "RelWithDebInfo",
      "nativeToolOptions": [
        "-m"
      ]
    },
    {
      "name": "windows-msvc-x64-debug",
      "configurePreset": "windows-msvc-x64",
      "configuration": "Debug",
      "nativeToolOptions": [
        "-m"
      ]
    },
    {
      "name": "windows-msvc-x64-static-release",
      "configurePreset": "windows-msvc-x64-static",
      "configuration": "Release",
      "nativeToolOptions": [
        "-m"
      ]
    },
    {
      "name": "windows-msvc-x64-static-relWithDebInfo",
      "configurePreset": "windows-msvc-x64-static",
      "configuration": "RelWithDebInfo",
      "nativeToolOptions": [
        "-m"
      ]
    },
    {
      "name": "windows-msvc-x64-static-debug",
      "configurePreset": "windows-msvc-x64-static",
      "configuration": "Debug",
      "nativeToolOptions": [
        "-m"
      ]
    }
  ]
}