#TradeId,TradeType,Maturity,MaturityTime,NPV,NpvCurrency,NPV(Base),BaseCurrency,Notional,NotionalCurrency,Notional(Base),NettingSet,CounterParty
BermSwp,Swaption,2036-03-03,20.073770,52289.126872,EUR,52289.126872,EUR,1000000.00,EUR,1000000.00,CPTY_A,CPTY_A
CC_SWAP_EUR_USD,Swap,2026-02-05,10.000262,-31235267.317457,USD,-27584780.253102,EUR,100000000.00,USD,88312931.57,CPTY_A,CPTY_A
FXSwap,FxSwap,2026-09-01,10.570125,524.173992,EUR,524.173992,EUR,1000000.00,EUR,1000000.00,CPTY_A,CPTY_A
FX_CALL_OPTION,FxOption,2026-03-01,10.066015,244668.350958,USD,216073.793365,EUR,1100000.00,USD,971442.25,CPTY_A,CPTY_A
Swap_EUR,Swap,2036-03-03,20.073770,-363.321687,EUR,-363.321687,EUR,10000000.00,EUR,10000000.00,CPTY_A,CPTY_A
Swap_USD,Swap,2036-03-03,20.073770,57135.153717,USD,50457.729207,EUR,10000000.00,USD,8831293.16,CPTY_A,CPTY_A
