<?xml version="1.0" ?>
<Portfolio>
  <Trade id="FXFWD_EUR_USD_3M">
    <TradeType>FxForward</TradeType>
    <Envelope>
      <CounterParty>CPTY_A</CounterParty>
      <NettingSetId>CPTY_A</NettingSetId>
      <AdditionalFields/>
    </Envelope>
    <FxForwardData>
      <ValueDate>2016-05-05</ValueDate>
      <BoughtCurrency>EUR</BoughtCurrency>
      <BoughtAmount>1000000</BoughtAmount>
      <SoldCurrency>USD</SoldCurrency>
      <SoldAmount>1135348.741843</SoldAmount>
    </FxForwardData>
  </Trade>
  <Trade id="FXFWD_EUR_USD_6M">
    <TradeType>FxForward</TradeType>
    <Envelope>
      <CounterParty>CPTY_A</CounterParty>
      <NettingSetId>CPTY_A</NettingSetId>
      <AdditionalFields/>
    </Envelope>
    <FxForwardData>
      <ValueDate>2016-08-05</ValueDate>
      <BoughtCurrency>EUR</BoughtCurrency>
      <BoughtAmount>1000000</BoughtAmount>
      <SoldCurrency>USD</SoldCurrency>
      <SoldAmount>1139000.106248</SoldAmount>
    </FxForwardData>
  </Trade>
  <Trade id="FXFWD_EUR_USD_9M">
    <TradeType>FxForward</TradeType>
    <Envelope>
      <CounterParty>CPTY_A</CounterParty>
      <NettingSetId>CPTY_A</NettingSetId>
      <AdditionalFields/>
    </Envelope>
    <FxForwardData>
      <ValueDate>2016-11-05</ValueDate>
      <BoughtCurrency>EUR</BoughtCurrency>
      <BoughtAmount>1000000</BoughtAmount>
      <SoldCurrency>USD</SoldCurrency>
      <SoldAmount>1143023.2742239998</SoldAmount>
    </FxForwardData>
  </Trade>
  <Trade id="FXFWD_EUR_USD_12M">
    <TradeType>FxForward</TradeType>
    <Envelope>
      <CounterParty>CPTY_A</CounterParty>
      <NettingSetId>CPTY_A</NettingSetId>
      <AdditionalFields/>
    </Envelope>
    <FxForwardData>
      <ValueDate>2017-02-05</ValueDate>
      <BoughtCurrency>EUR</BoughtCurrency>
      <BoughtAmount>1000000</BoughtAmount>
      <SoldCurrency>USD</SoldCurrency>
      <SoldAmount>1147313.4580559998</SoldAmount>
    </FxForwardData>
  </Trade>
  <Trade id="FXFWD_EUR_USD_3M">
    <TradeType>FxForward</TradeType>
    <Envelope>
      <CounterParty>CPTY_A</CounterParty>
      <NettingSetId>CPTY_A</NettingSetId>
      <AdditionalFields/>
    </Envelope>
    <FxForwardData>
      <ValueDate>2016-05-05</ValueDate>
      <BoughtCurrency>EUR</BoughtCurrency>
      <BoughtAmount>1000000</BoughtAmount>
      <SoldCurrency>USD</SoldCurrency>
      <SoldAmount>1135348.741843</SoldAmount>
    </FxForwardData>
  </Trade>
  <Trade id="FXFWD_EUR_USD_6M">
    <TradeType>FxForward</TradeType>
    <Envelope>
      <CounterParty>CPTY_A</CounterParty>
      <NettingSetId>CPTY_A</NettingSetId>
      <AdditionalFields/>
    </Envelope>
    <FxForwardData>
      <ValueDate>2016-08-05</ValueDate>
      <BoughtCurrency>EUR</BoughtCurrency>
      <BoughtAmount>1000000</BoughtAmount>
      <SoldCurrency>USD</SoldCurrency>
      <SoldAmount>1139000.106248</SoldAmount>
    </FxForwardData>
  </Trade>
  <Trade id="FXFWD_EUR_USD_9M">
    <TradeType>FxForward</TradeType>
    <Envelope>
      <CounterParty>CPTY_A</CounterParty>
      <NettingSetId>CPTY_A</NettingSetId>
      <AdditionalFields/>
    </Envelope>
    <FxForwardData>
      <ValueDate>2016-11-05</ValueDate>
      <BoughtCurrency>EUR</BoughtCurrency>
      <BoughtAmount>1000000</BoughtAmount>
      <SoldCurrency>USD</SoldCurrency>
      <SoldAmount>1143023.2742239998</SoldAmount>
    </FxForwardData>
  </Trade>
  <Trade id="FXFWD_EUR_USD_12M">
    <TradeType>FxForward</TradeType>
    <Envelope>
      <CounterParty>CPTY_A</CounterParty>
      <NettingSetId>CPTY_A</NettingSetId>
      <AdditionalFields/>
    </Envelope>
    <FxForwardData>
      <ValueDate>2017-02-05</ValueDate>
      <BoughtCurrency>EUR</BoughtCurrency>
      <BoughtAmount>1000000</BoughtAmount>
      <SoldCurrency>USD</SoldCurrency>
      <SoldAmount>1147313.4580559998</SoldAmount>
    </FxForwardData>
  </Trade>
  <Trade id="FXFWD_EUR_GBP_3M">
    <TradeType>FxForward</TradeType>
    <Envelope>
      <CounterParty>CPTY_A</CounterParty>
      <NettingSetId>CPTY_A</NettingSetId>
      <AdditionalFields/>
    </Envelope>
    <FxForwardData>
      <ValueDate>2016-05-05</ValueDate>
      <BoughtCurrency>EUR</BoughtCurrency>
      <BoughtAmount>1000000</BoughtAmount>
      <SoldCurrency>GBP</SoldCurrency>
      <SoldAmount>813857.983256</SoldAmount>
    </FxForwardData>
  </Trade>
  <Trade id="FXFWD_EUR_GBP_6M">
    <TradeType>FxForward</TradeType>
    <Envelope>
      <CounterParty>CPTY_A</CounterParty>
      <NettingSetId>CPTY_A</NettingSetId>
      <AdditionalFields/>
    </Envelope>
    <FxForwardData>
      <ValueDate>2016-08-05</ValueDate>
      <BoughtCurrency>EUR</BoughtCurrency>
      <BoughtAmount>1000000</BoughtAmount>
      <SoldCurrency>GBP</SoldCurrency>
      <SoldAmount>815872.1106150001</SoldAmount>
    </FxForwardData>
  </Trade>
  <Trade id="FXFWD_EUR_GBP_9M">
    <TradeType>FxForward</TradeType>
    <Envelope>
      <CounterParty>CPTY_A</CounterParty>
      <NettingSetId>CPTY_A</NettingSetId>
      <AdditionalFields/>
    </Envelope>
    <FxForwardData>
      <ValueDate>2016-11-05</ValueDate>
      <BoughtCurrency>EUR</BoughtCurrency>
      <BoughtAmount>1000000</BoughtAmount>
      <SoldCurrency>GBP</SoldCurrency>
      <SoldAmount>818004.989384</SoldAmount>
    </FxForwardData>
  </Trade>
  <Trade id="FXFWD_EUR_GBP_12M">
    <TradeType>FxForward</TradeType>
    <Envelope>
      <CounterParty>CPTY_A</CounterParty>
      <NettingSetId>CPTY_A</NettingSetId>
      <AdditionalFields/>
    </Envelope>
    <FxForwardData>
      <ValueDate>2017-02-05</ValueDate>
      <BoughtCurrency>EUR</BoughtCurrency>
      <BoughtAmount>1000000</BoughtAmount>
      <SoldCurrency>GBP</SoldCurrency>
      <SoldAmount>820223.815926</SoldAmount>
    </FxForwardData>
  </Trade>
  <Trade id="xccyBasisSwap_EUR_3M_GBP_3M_2Y">
    <TradeType>Swap</TradeType>
    <Envelope>
      <CounterParty>CPTY_A</CounterParty>
      <NettingSetId>CPTY_A</NettingSetId>
      <AdditionalFields/>
    </Envelope>
    <SwapData>
      <LegData>
        <LegType>Floating</LegType>
        <Payer>true</Payer>
        <Currency>EUR</Currency>
        <Notionals>
          <Notional>1000000</Notional>
          <Exchanges>
            <NotionalInitialExchange>true</NotionalInitialExchange>
            <NotionalFinalExchange>true</NotionalFinalExchange>
          </Exchanges>
        </Notionals>
        <DayCounter>ACT/360</DayCounter>
        <PaymentConvention>MF</PaymentConvention>
        <PaymentLag>0</PaymentLag>
        <FloatingLegData>
          <Index>EUR-EURIBOR-3M</Index>
          <Spreads>
            <Spread>0</Spread>
          </Spreads>
          <FixingDays>2</FixingDays>
        </FloatingLegData>
        <ScheduleData>
          <Rules>
            <StartDate>20160209</StartDate>
            <EndDate>20180209</EndDate>
            <Tenor>3M</Tenor>
            <Calendar>UK,TARGET</Calendar>
            <Convention>MF</Convention>
            <TermConvention>MF</TermConvention>
            <EndOfMonth/>
            <FirstDate/>
            <LastDate/>
          </Rules>
        </ScheduleData>
      </LegData>
      <LegData>
        <LegType>Floating</LegType>
        <Payer>false</Payer>
        <Currency>GBP</Currency>
        <Notionals>
          <Notional>811938.0</Notional>
          <Exchanges>
            <NotionalInitialExchange>true</NotionalInitialExchange>
            <NotionalFinalExchange>true</NotionalFinalExchange>
          </Exchanges>
        </Notionals>
        <DayCounter>A365</DayCounter>
        <PaymentConvention>MF</PaymentConvention>
        <PaymentLag>0</PaymentLag>
        <FloatingLegData>
          <Index>GBP-LIBOR-3M</Index>
          <Spreads>
            <Spread>-0.00271</Spread>
          </Spreads>
          <FixingDays>0</FixingDays>
        </FloatingLegData>
        <ScheduleData>
          <Rules>
            <StartDate>20160209</StartDate>
            <EndDate>20180209</EndDate>
            <Tenor>3M</Tenor>
            <Calendar>UK,TARGET</Calendar>
            <Convention>MF</Convention>
            <TermConvention>MF</TermConvention>
            <EndOfMonth/>
            <FirstDate/>
            <LastDate/>
          </Rules>
        </ScheduleData>
      </LegData>
    </SwapData>
  </Trade>
  <Trade id="xccyBasisSwap_EUR_3M_GBP_3M_3Y">
    <TradeType>Swap</TradeType>
    <Envelope>
      <CounterParty>CPTY_A</CounterParty>
      <NettingSetId>CPTY_A</NettingSetId>
      <AdditionalFields/>
    </Envelope>
    <SwapData>
      <LegData>
        <LegType>Floating</LegType>
        <Payer>true</Payer>
        <Currency>EUR</Currency>
        <Notionals>
          <Notional>1000000</Notional>
          <Exchanges>
            <NotionalInitialExchange>true</NotionalInitialExchange>
            <NotionalFinalExchange>true</NotionalFinalExchange>
          </Exchanges>
        </Notionals>
        <DayCounter>ACT/360</DayCounter>
        <PaymentConvention>MF</PaymentConvention>
        <PaymentLag>0</PaymentLag>
        <FloatingLegData>
          <Index>EUR-EURIBOR-3M</Index>
          <Spreads>
            <Spread>0</Spread>
          </Spreads>
          <FixingDays>2</FixingDays>
        </FloatingLegData>
        <ScheduleData>
          <Rules>
            <StartDate>20160209</StartDate>
            <EndDate>20190209</EndDate>
            <Tenor>3M</Tenor>
            <Calendar>UK,TARGET</Calendar>
            <Convention>MF</Convention>
            <TermConvention>MF</TermConvention>
            <EndOfMonth/>
            <FirstDate/>
            <LastDate/>
          </Rules>
        </ScheduleData>
      </LegData>
      <LegData>
        <LegType>Floating</LegType>
        <Payer>false</Payer>
        <Currency>GBP</Currency>
        <Notionals>
          <Notional>811938.0</Notional>
          <Exchanges>
            <NotionalInitialExchange>true</NotionalInitialExchange>
            <NotionalFinalExchange>true</NotionalFinalExchange>
          </Exchanges>
        </Notionals>
        <DayCounter>A365</DayCounter>
        <PaymentConvention>MF</PaymentConvention>
        <PaymentLag>0</PaymentLag>
        <FloatingLegData>
          <Index>GBP-LIBOR-3M</Index>
          <Spreads>
            <Spread>-0.003056</Spread>
          </Spreads>
          <FixingDays>0</FixingDays>
        </FloatingLegData>
        <ScheduleData>
          <Rules>
            <StartDate>20160209</StartDate>
            <EndDate>20190209</EndDate>
            <Tenor>3M</Tenor>
            <Calendar>UK,TARGET</Calendar>
            <Convention>MF</Convention>
            <TermConvention>MF</TermConvention>
            <EndOfMonth/>
            <FirstDate/>
            <LastDate/>
          </Rules>
        </ScheduleData>
      </LegData>
    </SwapData>
  </Trade>
  <Trade id="xccyBasisSwap_EUR_3M_GBP_3M_4Y">
    <TradeType>Swap</TradeType>
    <Envelope>
      <CounterParty>CPTY_A</CounterParty>
      <NettingSetId>CPTY_A</NettingSetId>
      <AdditionalFields/>
    </Envelope>
    <SwapData>
      <LegData>
        <LegType>Floating</LegType>
        <Payer>true</Payer>
        <Currency>EUR</Currency>
        <Notionals>
          <Notional>1000000</Notional>
          <Exchanges>
            <NotionalInitialExchange>true</NotionalInitialExchange>
            <NotionalFinalExchange>true</NotionalFinalExchange>
          </Exchanges>
        </Notionals>
        <DayCounter>ACT/360</DayCounter>
        <PaymentConvention>MF</PaymentConvention>
        <PaymentLag>0</PaymentLag>
        <FloatingLegData>
          <Index>EUR-EURIBOR-3M</Index>
          <Spreads>
            <Spread>0</Spread>
          </Spreads>
          <FixingDays>2</FixingDays>
        </FloatingLegData>
        <ScheduleData>
          <Rules>
            <StartDate>20160209</StartDate>
            <EndDate>20200209</EndDate>
            <Tenor>3M</Tenor>
            <Calendar>UK,TARGET</Calendar>
            <Convention>MF</Convention>
            <TermConvention>MF</TermConvention>
            <EndOfMonth/>
            <FirstDate/>
            <LastDate/>
          </Rules>
        </ScheduleData>
      </LegData>
      <LegData>
        <LegType>Floating</LegType>
        <Payer>false</Payer>
        <Currency>GBP</Currency>
        <Notionals>
          <Notional>811938.0</Notional>
          <Exchanges>
            <NotionalInitialExchange>true</NotionalInitialExchange>
            <NotionalFinalExchange>true</NotionalFinalExchange>
          </Exchanges>
        </Notionals>
        <DayCounter>A365</DayCounter>
        <PaymentConvention>MF</PaymentConvention>
        <PaymentLag>0</PaymentLag>
        <FloatingLegData>
          <Index>GBP-LIBOR-3M</Index>
          <Spreads>
            <Spread>-0.003202</Spread>
          </Spreads>
          <FixingDays>0</FixingDays>
        </FloatingLegData>
        <ScheduleData>
          <Rules>
            <StartDate>20160209</StartDate>
            <EndDate>20200209</EndDate>
            <Tenor>3M</Tenor>
            <Calendar>UK,TARGET</Calendar>
            <Convention>MF</Convention>
            <TermConvention>MF</TermConvention>
            <EndOfMonth/>
            <FirstDate/>
            <LastDate/>
          </Rules>
        </ScheduleData>
      </LegData>
    </SwapData>
  </Trade>
  <Trade id="xccyBasisSwap_EUR_3M_GBP_3M_5Y">
    <TradeType>Swap</TradeType>
    <Envelope>
      <CounterParty>CPTY_A</CounterParty>
      <NettingSetId>CPTY_A</NettingSetId>
      <AdditionalFields/>
    </Envelope>
    <SwapData>
      <LegData>
        <LegType>Floating</LegType>
        <Payer>true</Payer>
        <Currency>EUR</Currency>
        <Notionals>
          <Notional>1000000</Notional>
          <Exchanges>
            <NotionalInitialExchange>true</NotionalInitialExchange>
            <NotionalFinalExchange>true</NotionalFinalExchange>
          </Exchanges>
        </Notionals>
        <DayCounter>ACT/360</DayCounter>
        <PaymentConvention>MF</PaymentConvention>
        <PaymentLag>0</PaymentLag>
        <FloatingLegData>
          <Index>EUR-EURIBOR-3M</Index>
          <Spreads>
            <Spread>0</Spread>
          </Spreads>
          <FixingDays>2</FixingDays>
        </FloatingLegData>
        <ScheduleData>
          <Rules>
            <StartDate>20160209</StartDate>
            <EndDate>20210209</EndDate>
            <Tenor>3M</Tenor>
            <Calendar>UK,TARGET</Calendar>
            <Convention>MF</Convention>
            <TermConvention>MF</TermConvention>
            <EndOfMonth/>
            <FirstDate/>
            <LastDate/>
          </Rules>
        </ScheduleData>
      </LegData>
      <LegData>
        <LegType>Floating</LegType>
        <Payer>false</Payer>
        <Currency>GBP</Currency>
        <Notionals>
          <Notional>811938.0</Notional>
          <Exchanges>
            <NotionalInitialExchange>true</NotionalInitialExchange>
            <NotionalFinalExchange>true</NotionalFinalExchange>
          </Exchanges>
        </Notionals>
        <DayCounter>A365</DayCounter>
        <PaymentConvention>MF</PaymentConvention>
        <PaymentLag>0</PaymentLag>
        <FloatingLegData>
          <Index>GBP-LIBOR-3M</Index>
          <Spreads>
            <Spread>-0.003315</Spread>
          </Spreads>
          <FixingDays>0</FixingDays>
        </FloatingLegData>
        <ScheduleData>
          <Rules>
            <StartDate>20160209</StartDate>
            <EndDate>20210209</EndDate>
            <Tenor>3M</Tenor>
            <Calendar>UK,TARGET</Calendar>
            <Convention>MF</Convention>
            <TermConvention>MF</TermConvention>
            <EndOfMonth/>
            <FirstDate/>
            <LastDate/>
          </Rules>
        </ScheduleData>
      </LegData>
    </SwapData>
  </Trade>
  <Trade id="xccyBasisSwap_EUR_3M_GBP_3M_7Y">
    <TradeType>Swap</TradeType>
    <Envelope>
      <CounterParty>CPTY_A</CounterParty>
      <NettingSetId>CPTY_A</NettingSetId>
      <AdditionalFields/>
    </Envelope>
    <SwapData>
      <LegData>
        <LegType>Floating</LegType>
        <Payer>true</Payer>
        <Currency>EUR</Currency>
        <Notionals>
          <Notional>1000000</Notional>
          <Exchanges>
            <NotionalInitialExchange>true</NotionalInitialExchange>
            <NotionalFinalExchange>true</NotionalFinalExchange>
          </Exchanges>
        </Notionals>
        <DayCounter>ACT/360</DayCounter>
        <PaymentConvention>MF</PaymentConvention>
        <PaymentLag>0</PaymentLag>
        <FloatingLegData>
          <Index>EUR-EURIBOR-3M</Index>
          <Spreads>
            <Spread>0</Spread>
          </Spreads>
          <FixingDays>2</FixingDays>
        </FloatingLegData>
        <ScheduleData>
          <Rules>
            <StartDate>20160209</StartDate>
            <EndDate>20230209</EndDate>
            <Tenor>3M</Tenor>
            <Calendar>UK,TARGET</Calendar>
            <Convention>MF</Convention>
            <TermConvention>MF</TermConvention>
            <EndOfMonth/>
            <FirstDate/>
            <LastDate/>
          </Rules>
        </ScheduleData>
      </LegData>
      <LegData>
        <LegType>Floating</LegType>
        <Payer>false</Payer>
        <Currency>GBP</Currency>
        <Notionals>
          <Notional>811938.0</Notional>
          <Exchanges>
            <NotionalInitialExchange>true</NotionalInitialExchange>
            <NotionalFinalExchange>true</NotionalFinalExchange>
          </Exchanges>
        </Notionals>
        <DayCounter>A365</DayCounter>
        <PaymentConvention>MF</PaymentConvention>
        <PaymentLag>0</PaymentLag>
        <FloatingLegData>
          <Index>GBP-LIBOR-3M</Index>
          <Spreads>
            <Spread>-0.003253</Spread>
          </Spreads>
          <FixingDays>0</FixingDays>
        </FloatingLegData>
        <ScheduleData>
          <Rules>
            <StartDate>20160209</StartDate>
            <EndDate>20230209</EndDate>
            <Tenor>3M</Tenor>
            <Calendar>UK,TARGET</Calendar>
            <Convention>MF</Convention>
            <TermConvention>MF</TermConvention>
            <EndOfMonth/>
            <FirstDate/>
            <LastDate/>
          </Rules>
        </ScheduleData>
      </LegData>
    </SwapData>
  </Trade>
  <Trade id="xccyBasisSwap_EUR_3M_GBP_3M_10Y">
    <TradeType>Swap</TradeType>
    <Envelope>
      <CounterParty>CPTY_A</CounterParty>
      <NettingSetId>CPTY_A</NettingSetId>
      <AdditionalFields/>
    </Envelope>
    <SwapData>
      <LegData>
        <LegType>Floating</LegType>
        <Payer>true</Payer>
        <Currency>EUR</Currency>
        <Notionals>
          <Notional>1000000</Notional>
          <Exchanges>
            <NotionalInitialExchange>true</NotionalInitialExchange>
            <NotionalFinalExchange>true</NotionalFinalExchange>
          </Exchanges>
        </Notionals>
        <DayCounter>ACT/360</DayCounter>
        <PaymentConvention>MF</PaymentConvention>
        <PaymentLag>0</PaymentLag>
        <FloatingLegData>
          <Index>EUR-EURIBOR-3M</Index>
          <Spreads>
            <Spread>0</Spread>
          </Spreads>
          <FixingDays>2</FixingDays>
        </FloatingLegData>
        <ScheduleData>
          <Rules>
            <StartDate>20160209</StartDate>
            <EndDate>20260209</EndDate>
            <Tenor>3M</Tenor>
            <Calendar>UK,TARGET</Calendar>
            <Convention>MF</Convention>
            <TermConvention>MF</TermConvention>
            <EndOfMonth/>
            <FirstDate/>
            <LastDate/>
          </Rules>
        </ScheduleData>
      </LegData>
      <LegData>
        <LegType>Floating</LegType>
        <Payer>false</Payer>
        <Currency>GBP</Currency>
        <Notionals>
          <Notional>811938.0</Notional>
          <Exchanges>
            <NotionalInitialExchange>true</NotionalInitialExchange>
            <NotionalFinalExchange>true</NotionalFinalExchange>
          </Exchanges>
        </Notionals>
        <DayCounter>A365</DayCounter>
        <PaymentConvention>MF</PaymentConvention>
        <PaymentLag>0</PaymentLag>
        <FloatingLegData>
          <Index>GBP-LIBOR-3M</Index>
          <Spreads>
            <Spread>-0.002683</Spread>
          </Spreads>
          <FixingDays>0</FixingDays>
        </FloatingLegData>
        <ScheduleData>
          <Rules>
            <StartDate>20160209</StartDate>
            <EndDate>20260209</EndDate>
            <Tenor>3M</Tenor>
            <Calendar>UK,TARGET</Calendar>
            <Convention>MF</Convention>
            <TermConvention>MF</TermConvention>
            <EndOfMonth/>
            <FirstDate/>
            <LastDate/>
          </Rules>
        </ScheduleData>
      </LegData>
    </SwapData>
  </Trade>
  <Trade id="xccyBasisSwap_EUR_3M_GBP_3M_15Y">
    <TradeType>Swap</TradeType>
    <Envelope>
      <CounterParty>CPTY_A</CounterParty>
      <NettingSetId>CPTY_A</NettingSetId>
      <AdditionalFields/>
    </Envelope>
    <SwapData>
      <LegData>
        <LegType>Floating</LegType>
        <Payer>true</Payer>
        <Currency>EUR</Currency>
        <Notionals>
          <Notional>1000000</Notional>
          <Exchanges>
            <NotionalInitialExchange>true</NotionalInitialExchange>
            <NotionalFinalExchange>true</NotionalFinalExchange>
          </Exchanges>
        </Notionals>
        <DayCounter>ACT/360</DayCounter>
        <PaymentConvention>MF</PaymentConvention>
        <PaymentLag>0</PaymentLag>
        <FloatingLegData>
          <Index>EUR-EURIBOR-3M</Index>
          <Spreads>
            <Spread>0</Spread>
          </Spreads>
          <FixingDays>2</FixingDays>
        </FloatingLegData>
        <ScheduleData>
          <Rules>
            <StartDate>20160209</StartDate>
            <EndDate>20310209</EndDate>
            <Tenor>3M</Tenor>
            <Calendar>UK,TARGET</Calendar>
            <Convention>MF</Convention>
            <TermConvention>MF</TermConvention>
            <EndOfMonth/>
            <FirstDate/>
            <LastDate/>
          </Rules>
        </ScheduleData>
      </LegData>
      <LegData>
        <LegType>Floating</LegType>
        <Payer>false</Payer>
        <Currency>GBP</Currency>
        <Notionals>
          <Notional>811938.0</Notional>
          <Exchanges>
            <NotionalInitialExchange>true</NotionalInitialExchange>
            <NotionalFinalExchange>true</NotionalFinalExchange>
          </Exchanges>
        </Notionals>
        <DayCounter>A365</DayCounter>
        <PaymentConvention>MF</PaymentConvention>
        <PaymentLag>0</PaymentLag>
        <FloatingLegData>
          <Index>GBP-LIBOR-3M</Index>
          <Spreads>
            <Spread>-0.001834</Spread>
          </Spreads>
          <FixingDays>0</FixingDays>
        </FloatingLegData>
        <ScheduleData>
          <Rules>
            <StartDate>20160209</StartDate>
            <EndDate>20310209</EndDate>
            <Tenor>3M</Tenor>
            <Calendar>UK,TARGET</Calendar>
            <Convention>MF</Convention>
            <TermConvention>MF</TermConvention>
            <EndOfMonth/>
            <FirstDate/>
            <LastDate/>
          </Rules>
        </ScheduleData>
      </LegData>
    </SwapData>
  </Trade>
  <Trade id="xccyBasisSwap_EUR_3M_GBP_3M_20Y">
    <TradeType>Swap</TradeType>
    <Envelope>
      <CounterParty>CPTY_A</CounterParty>
      <NettingSetId>CPTY_A</NettingSetId>
      <AdditionalFields/>
    </Envelope>
    <SwapData>
      <LegData>
        <LegType>Floating</LegType>
        <Payer>true</Payer>
        <Currency>EUR</Currency>
        <Notionals>
          <Notional>1000000</Notional>
          <Exchanges>
            <NotionalInitialExchange>true</NotionalInitialExchange>
            <NotionalFinalExchange>true</NotionalFinalExchange>
          </Exchanges>
        </Notionals>
        <DayCounter>ACT/360</DayCounter>
        <PaymentConvention>MF</PaymentConvention>
        <PaymentLag>0</PaymentLag>
        <FloatingLegData>
          <Index>EUR-EURIBOR-3M</Index>
          <Spreads>
            <Spread>0</Spread>
          </Spreads>
          <FixingDays>2</FixingDays>
        </FloatingLegData>
        <ScheduleData>
          <Rules>
            <StartDate>20160209</StartDate>
            <EndDate>20360209</EndDate>
            <Tenor>3M</Tenor>
            <Calendar>UK,TARGET</Calendar>
            <Convention>MF</Convention>
            <TermConvention>MF</TermConvention>
            <EndOfMonth/>
            <FirstDate/>
            <LastDate/>
          </Rules>
        </ScheduleData>
      </LegData>
      <LegData>
        <LegType>Floating</LegType>
        <Payer>false</Payer>
        <Currency>GBP</Currency>
        <Notionals>
          <Notional>811938.0</Notional>
          <Exchanges>
            <NotionalInitialExchange>true</NotionalInitialExchange>
            <NotionalFinalExchange>true</NotionalFinalExchange>
          </Exchanges>
        </Notionals>
        <DayCounter>A365</DayCounter>
        <PaymentConvention>MF</PaymentConvention>
        <PaymentLag>0</PaymentLag>
        <FloatingLegData>
          <Index>GBP-LIBOR-3M</Index>
          <Spreads>
            <Spread>-0.001185</Spread>
          </Spreads>
          <FixingDays>0</FixingDays>
        </FloatingLegData>
        <ScheduleData>
          <Rules>
            <StartDate>20160209</StartDate>
            <EndDate>20360209</EndDate>
            <Tenor>3M</Tenor>
            <Calendar>UK,TARGET</Calendar>
            <Convention>MF</Convention>
            <TermConvention>MF</TermConvention>
            <EndOfMonth/>
            <FirstDate/>
            <LastDate/>
          </Rules>
        </ScheduleData>
      </LegData>
    </SwapData>
  </Trade>
  <Trade id="xccyBasisSwap_EUR_3M_GBP_3M_30Y">
    <TradeType>Swap</TradeType>
    <Envelope>
      <CounterParty>CPTY_A</CounterParty>
      <NettingSetId>CPTY_A</NettingSetId>
      <AdditionalFields/>
    </Envelope>
    <SwapData>
      <LegData>
        <LegType>Floating</LegType>
        <Payer>true</Payer>
        <Currency>EUR</Currency>
        <Notionals>
          <Notional>1000000</Notional>
          <Exchanges>
            <NotionalInitialExchange>true</NotionalInitialExchange>
            <NotionalFinalExchange>true</NotionalFinalExchange>
          </Exchanges>
        </Notionals>
        <DayCounter>ACT/360</DayCounter>
        <PaymentConvention>MF</PaymentConvention>
        <PaymentLag>0</PaymentLag>
        <FloatingLegData>
          <Index>EUR-EURIBOR-3M</Index>
          <Spreads>
            <Spread>0</Spread>
          </Spreads>
          <FixingDays>2</FixingDays>
        </FloatingLegData>
        <ScheduleData>
          <Rules>
            <StartDate>20160209</StartDate>
            <EndDate>20460209</EndDate>
            <Tenor>3M</Tenor>
            <Calendar>UK,TARGET</Calendar>
            <Convention>MF</Convention>
            <TermConvention>MF</TermConvention>
            <EndOfMonth/>
            <FirstDate/>
            <LastDate/>
          </Rules>
        </ScheduleData>
      </LegData>
      <LegData>
        <LegType>Floating</LegType>
        <Payer>false</Payer>
        <Currency>GBP</Currency>
        <Notionals>
          <Notional>811938.0</Notional>
          <Exchanges>
            <NotionalInitialExchange>true</NotionalInitialExchange>
            <NotionalFinalExchange>true</NotionalFinalExchange>
          </Exchanges>
        </Notionals>
        <DayCounter>A365</DayCounter>
        <PaymentConvention>MF</PaymentConvention>
        <PaymentLag>0</PaymentLag>
        <FloatingLegData>
          <Index>GBP-LIBOR-3M</Index>
          <Spreads>
            <Spread>-0.001296</Spread>
          </Spreads>
          <FixingDays>0</FixingDays>
        </FloatingLegData>
        <ScheduleData>
          <Rules>
            <StartDate>20160209</StartDate>
            <EndDate>20460209</EndDate>
            <Tenor>3M</Tenor>
            <Calendar>UK,TARGET</Calendar>
            <Convention>MF</Convention>
            <TermConvention>MF</TermConvention>
            <EndOfMonth/>
            <FirstDate/>
            <LastDate/>
          </Rules>
        </ScheduleData>
      </LegData>
    </SwapData>
  </Trade>
  <Trade id="xccyBasisSwap_EUR_3M_GBP_3M_40Y">
    <TradeType>Swap</TradeType>
    <Envelope>
      <CounterParty>CPTY_A</CounterParty>
      <NettingSetId>CPTY_A</NettingSetId>
      <AdditionalFields/>
    </Envelope>
    <SwapData>
      <LegData>
        <LegType>Floating</LegType>
        <Payer>true</Payer>
        <Currency>EUR</Currency>
        <Notionals>
          <Notional>1000000</Notional>
          <Exchanges>
            <NotionalInitialExchange>true</NotionalInitialExchange>
            <NotionalFinalExchange>true</NotionalFinalExchange>
          </Exchanges>
        </Notionals>
        <DayCounter>ACT/360</DayCounter>
        <PaymentConvention>MF</PaymentConvention>
        <PaymentLag>0</PaymentLag>
        <FloatingLegData>
          <Index>EUR-EURIBOR-3M</Index>
          <Spreads>
            <Spread>0</Spread>
          </Spreads>
          <FixingDays>2</FixingDays>
        </FloatingLegData>
        <ScheduleData>
          <Rules>
            <StartDate>20160209</StartDate>
            <EndDate>20560209</EndDate>
            <Tenor>3M</Tenor>
            <Calendar>UK,TARGET</Calendar>
            <Convention>MF</Convention>
            <TermConvention>MF</TermConvention>
            <EndOfMonth/>
            <FirstDate/>
            <LastDate/>
          </Rules>
        </ScheduleData>
      </LegData>
      <LegData>
        <LegType>Floating</LegType>
        <Payer>false</Payer>
        <Currency>GBP</Currency>
        <Notionals>
          <Notional>811938.0</Notional>
          <Exchanges>
            <NotionalInitialExchange>true</NotionalInitialExchange>
            <NotionalFinalExchange>true</NotionalFinalExchange>
          </Exchanges>
        </Notionals>
        <DayCounter>A365</DayCounter>
        <PaymentConvention>MF</PaymentConvention>
        <PaymentLag>0</PaymentLag>
        <FloatingLegData>
          <Index>GBP-LIBOR-3M</Index>
          <Spreads>
            <Spread>-0.002365</Spread>
          </Spreads>
          <FixingDays>0</FixingDays>
        </FloatingLegData>
        <ScheduleData>
          <Rules>
            <StartDate>20160209</StartDate>
            <EndDate>20560209</EndDate>
            <Tenor>3M</Tenor>
            <Calendar>UK,TARGET</Calendar>
            <Convention>MF</Convention>
            <TermConvention>MF</TermConvention>
            <EndOfMonth/>
            <FirstDate/>
            <LastDate/>
          </Rules>
        </ScheduleData>
      </LegData>
    </SwapData>
  </Trade>
  <Trade id="xccyBasisSwap_EUR_3M_GBP_3M_50Y">
    <TradeType>Swap</TradeType>
    <Envelope>
      <CounterParty>CPTY_A</CounterParty>
      <NettingSetId>CPTY_A</NettingSetId>
      <AdditionalFields/>
    </Envelope>
    <SwapData>
      <LegData>
        <LegType>Floating</LegType>
        <Payer>true</Payer>
        <Currency>EUR</Currency>
        <Notionals>
          <Notional>1000000</Notional>
          <Exchanges>
            <NotionalInitialExchange>true</NotionalInitialExchange>
            <NotionalFinalExchange>true</NotionalFinalExchange>
          </Exchanges>
        </Notionals>
        <DayCounter>ACT/360</DayCounter>
        <PaymentConvention>MF</PaymentConvention>
        <PaymentLag>0</PaymentLag>
        <FloatingLegData>
          <Index>EUR-EURIBOR-3M</Index>
          <Spreads>
            <Spread>0</Spread>
          </Spreads>
          <FixingDays>2</FixingDays>
        </FloatingLegData>
        <ScheduleData>
          <Rules>
            <StartDate>20160209</StartDate>
            <EndDate>20660209</EndDate>
            <Tenor>3M</Tenor>
            <Calendar>UK,TARGET</Calendar>
            <Convention>MF</Convention>
            <TermConvention>MF</TermConvention>
            <EndOfMonth/>
            <FirstDate/>
            <LastDate/>
          </Rules>
        </ScheduleData>
      </LegData>
      <LegData>
        <LegType>Floating</LegType>
        <Payer>false</Payer>
        <Currency>GBP</Currency>
        <Notionals>
          <Notional>811938.0</Notional>
          <Exchanges>
            <NotionalInitialExchange>true</NotionalInitialExchange>
            <NotionalFinalExchange>true</NotionalFinalExchange>
          </Exchanges>
        </Notionals>
        <DayCounter>A365</DayCounter>
        <PaymentConvention>MF</PaymentConvention>
        <PaymentLag>0</PaymentLag>
        <FloatingLegData>
          <Index>GBP-LIBOR-3M</Index>
          <Spreads>
            <Spread>-0.002979</Spread>
          </Spreads>
          <FixingDays>0</FixingDays>
        </FloatingLegData>
        <ScheduleData>
          <Rules>
            <StartDate>20160209</StartDate>
            <EndDate>20660209</EndDate>
            <Tenor>3M</Tenor>
            <Calendar>UK,TARGET</Calendar>
            <Convention>MF</Convention>
            <TermConvention>MF</TermConvention>
            <EndOfMonth/>
            <FirstDate/>
            <LastDate/>
          </Rules>
        </ScheduleData>
      </LegData>
    </SwapData>
  </Trade>
  <Trade id="FXFWD_EUR_CHF_3M">
    <TradeType>FxForward</TradeType>
    <Envelope>
      <CounterParty>CPTY_A</CounterParty>
      <NettingSetId>CPTY_A</NettingSetId>
      <AdditionalFields/>
    </Envelope>
    <FxForwardData>
      <ValueDate>2016-05-05</ValueDate>
      <BoughtCurrency>EUR</BoughtCurrency>
      <BoughtAmount>1000000</BoughtAmount>
      <SoldCurrency>CHF</SoldCurrency>
      <SoldAmount>1123248.100174</SoldAmount>
    </FxForwardData>
  </Trade>
  <Trade id="FXFWD_EUR_CHF_6M">
    <TradeType>FxForward</TradeType>
    <Envelope>
      <CounterParty>CPTY_A</CounterParty>
      <NettingSetId>CPTY_A</NettingSetId>
      <AdditionalFields/>
    </Envelope>
    <FxForwardData>
      <ValueDate>2016-08-05</ValueDate>
      <BoughtCurrency>EUR</BoughtCurrency>
      <BoughtAmount>1000000</BoughtAmount>
      <SoldCurrency>CHF</SoldCurrency>
      <SoldAmount>1121240.1325959999</SoldAmount>
    </FxForwardData>
  </Trade>
  <Trade id="xccyBasisSwap_EUR_3M_CHF_3M_2Y">
    <TradeType>Swap</TradeType>
    <Envelope>
      <CounterParty>CPTY_A</CounterParty>
      <NettingSetId>CPTY_A</NettingSetId>
      <AdditionalFields/>
    </Envelope>
    <SwapData>
      <LegData>
        <LegType>Floating</LegType>
        <Payer>true</Payer>
        <Currency>EUR</Currency>
        <Notionals>
          <Notional>1000000</Notional>
          <Exchanges>
            <NotionalInitialExchange>true</NotionalInitialExchange>
            <NotionalFinalExchange>true</NotionalFinalExchange>
          </Exchanges>
        </Notionals>
        <DayCounter>ACT/360</DayCounter>
        <PaymentConvention>MF</PaymentConvention>
        <PaymentLag>0</PaymentLag>
        <FloatingLegData>
          <Index>EUR-EURIBOR-3M</Index>
          <Spreads>
            <Spread>0</Spread>
          </Spreads>
          <FixingDays>2</FixingDays>
        </FloatingLegData>
        <ScheduleData>
          <Rules>
            <StartDate>20160209</StartDate>
            <EndDate>20180209</EndDate>
            <Tenor>3M</Tenor>
            <Calendar>ZUB,TARGET,UK</Calendar>
            <Convention>MF</Convention>
            <TermConvention>MF</TermConvention>
            <EndOfMonth/>
            <FirstDate/>
            <LastDate/>
          </Rules>
        </ScheduleData>
      </LegData>
      <LegData>
        <LegType>Floating</LegType>
        <Payer>false</Payer>
        <Currency>CHF</Currency>
        <Notionals>
          <Notional>1125046.0</Notional>
          <Exchanges>
            <NotionalInitialExchange>true</NotionalInitialExchange>
            <NotionalFinalExchange>true</NotionalFinalExchange>
          </Exchanges>
        </Notionals>
        <DayCounter>ACT/360</DayCounter>
        <PaymentConvention>MF</PaymentConvention>
        <PaymentLag>0</PaymentLag>
        <FloatingLegData>
          <Index>CHF-LIBOR-3M</Index>
          <Spreads>
            <Spread>0.002935</Spread>
          </Spreads>
          <FixingDays>2</FixingDays>
        </FloatingLegData>
        <ScheduleData>
          <Rules>
            <StartDate>20160209</StartDate>
            <EndDate>20180209</EndDate>
            <Tenor>3M</Tenor>
            <Calendar>ZUB,TARGET,UK</Calendar>
            <Convention>MF</Convention>
            <TermConvention>MF</TermConvention>
            <EndOfMonth/>
            <FirstDate/>
            <LastDate/>
          </Rules>
        </ScheduleData>
      </LegData>
    </SwapData>
  </Trade>
  <Trade id="xccyBasisSwap_EUR_3M_CHF_3M_3Y">
    <TradeType>Swap</TradeType>
    <Envelope>
      <CounterParty>CPTY_A</CounterParty>
      <NettingSetId>CPTY_A</NettingSetId>
      <AdditionalFields/>
    </Envelope>
    <SwapData>
      <LegData>
        <LegType>Floating</LegType>
        <Payer>true</Payer>
        <Currency>EUR</Currency>
        <Notionals>
          <Notional>1000000</Notional>
          <Exchanges>
            <NotionalInitialExchange>true</NotionalInitialExchange>
            <NotionalFinalExchange>true</NotionalFinalExchange>
          </Exchanges>
        </Notionals>
        <DayCounter>ACT/360</DayCounter>
        <PaymentConvention>MF</PaymentConvention>
        <PaymentLag>0</PaymentLag>
        <FloatingLegData>
          <Index>EUR-EURIBOR-3M</Index>
          <Spreads>
            <Spread>0</Spread>
          </Spreads>
          <FixingDays>2</FixingDays>
        </FloatingLegData>
        <ScheduleData>
          <Rules>
            <StartDate>20160209</StartDate>
            <EndDate>20190209</EndDate>
            <Tenor>3M</Tenor>
            <Calendar>ZUB,TARGET,UK</Calendar>
            <Convention>MF</Convention>
            <TermConvention>MF</TermConvention>
            <EndOfMonth/>
            <FirstDate/>
            <LastDate/>
          </Rules>
        </ScheduleData>
      </LegData>
      <LegData>
        <LegType>Floating</LegType>
        <Payer>false</Payer>
        <Currency>CHF</Currency>
        <Notionals>
          <Notional>1125046.0</Notional>
          <Exchanges>
            <NotionalInitialExchange>true</NotionalInitialExchange>
            <NotionalFinalExchange>true</NotionalFinalExchange>
          </Exchanges>
        </Notionals>
        <DayCounter>ACT/360</DayCounter>
        <PaymentConvention>MF</PaymentConvention>
        <PaymentLag>0</PaymentLag>
        <FloatingLegData>
          <Index>CHF-LIBOR-3M</Index>
          <Spreads>
            <Spread>0.003183</Spread>
          </Spreads>
          <FixingDays>2</FixingDays>
        </FloatingLegData>
        <ScheduleData>
          <Rules>
            <StartDate>20160209</StartDate>
            <EndDate>20190209</EndDate>
            <Tenor>3M</Tenor>
            <Calendar>ZUB,TARGET,UK</Calendar>
            <Convention>MF</Convention>
            <TermConvention>MF</TermConvention>
            <EndOfMonth/>
            <FirstDate/>
            <LastDate/>
          </Rules>
        </ScheduleData>
      </LegData>
    </SwapData>
  </Trade>
  <Trade id="xccyBasisSwap_EUR_3M_CHF_3M_4Y">
    <TradeType>Swap</TradeType>
    <Envelope>
      <CounterParty>CPTY_A</CounterParty>
      <NettingSetId>CPTY_A</NettingSetId>
      <AdditionalFields/>
    </Envelope>
    <SwapData>
      <LegData>
        <LegType>Floating</LegType>
        <Payer>true</Payer>
        <Currency>EUR</Currency>
        <Notionals>
          <Notional>1000000</Notional>
          <Exchanges>
            <NotionalInitialExchange>true</NotionalInitialExchange>
            <NotionalFinalExchange>true</NotionalFinalExchange>
          </Exchanges>
        </Notionals>
        <DayCounter>ACT/360</DayCounter>
        <PaymentConvention>MF</PaymentConvention>
        <PaymentLag>0</PaymentLag>
        <FloatingLegData>
          <Index>EUR-EURIBOR-3M</Index>
          <Spreads>
            <Spread>0</Spread>
          </Spreads>
          <FixingDays>2</FixingDays>
        </FloatingLegData>
        <ScheduleData>
          <Rules>
            <StartDate>20160209</StartDate>
            <EndDate>20200209</EndDate>
            <Tenor>3M</Tenor>
            <Calendar>ZUB,TARGET,UK</Calendar>
            <Convention>MF</Convention>
            <TermConvention>MF</TermConvention>
            <EndOfMonth/>
            <FirstDate/>
            <LastDate/>
          </Rules>
        </ScheduleData>
      </LegData>
      <LegData>
        <LegType>Floating</LegType>
        <Payer>false</Payer>
        <Currency>CHF</Currency>
        <Notionals>
          <Notional>1125046.0</Notional>
          <Exchanges>
            <NotionalInitialExchange>true</NotionalInitialExchange>
            <NotionalFinalExchange>true</NotionalFinalExchange>
          </Exchanges>
        </Notionals>
        <DayCounter>ACT/360</DayCounter>
        <PaymentConvention>MF</PaymentConvention>
        <PaymentLag>0</PaymentLag>
        <FloatingLegData>
          <Index>CHF-LIBOR-3M</Index>
          <Spreads>
            <Spread>0.003323</Spread>
          </Spreads>
          <FixingDays>2</FixingDays>
        </FloatingLegData>
        <ScheduleData>
          <Rules>
            <StartDate>20160209</StartDate>
            <EndDate>20200209</EndDate>
            <Tenor>3M</Tenor>
            <Calendar>ZUB,TARGET,UK</Calendar>
            <Convention>MF</Convention>
            <TermConvention>MF</TermConvention>
            <EndOfMonth/>
            <FirstDate/>
            <LastDate/>
          </Rules>
        </ScheduleData>
      </LegData>
    </SwapData>
  </Trade>
  <Trade id="xccyBasisSwap_EUR_3M_CHF_3M_5Y">
    <TradeType>Swap</TradeType>
    <Envelope>
      <CounterParty>CPTY_A</CounterParty>
      <NettingSetId>CPTY_A</NettingSetId>
      <AdditionalFields/>
    </Envelope>
    <SwapData>
      <LegData>
        <LegType>Floating</LegType>
        <Payer>true</Payer>
        <Currency>EUR</Currency>
        <Notionals>
          <Notional>1000000</Notional>
          <Exchanges>
            <NotionalInitialExchange>true</NotionalInitialExchange>
            <NotionalFinalExchange>true</NotionalFinalExchange>
          </Exchanges>
        </Notionals>
        <DayCounter>ACT/360</DayCounter>
        <PaymentConvention>MF</PaymentConvention>
        <PaymentLag>0</PaymentLag>
        <FloatingLegData>
          <Index>EUR-EURIBOR-3M</Index>
          <Spreads>
            <Spread>0</Spread>
          </Spreads>
          <FixingDays>2</FixingDays>
        </FloatingLegData>
        <ScheduleData>
          <Rules>
            <StartDate>20160209</StartDate>
            <EndDate>20210209</EndDate>
            <Tenor>3M</Tenor>
            <Calendar>ZUB,TARGET,UK</Calendar>
            <Convention>MF</Convention>
            <TermConvention>MF</TermConvention>
            <EndOfMonth/>
            <FirstDate/>
            <LastDate/>
          </Rules>
        </ScheduleData>
      </LegData>
      <LegData>
        <LegType>Floating</LegType>
        <Payer>false</Payer>
        <Currency>CHF</Currency>
        <Notionals>
          <Notional>1125046.0</Notional>
          <Exchanges>
            <NotionalInitialExchange>true</NotionalInitialExchange>
            <NotionalFinalExchange>true</NotionalFinalExchange>
          </Exchanges>
        </Notionals>
        <DayCounter>ACT/360</DayCounter>
        <PaymentConvention>MF</PaymentConvention>
        <PaymentLag>0</PaymentLag>
        <FloatingLegData>
          <Index>CHF-LIBOR-3M</Index>
          <Spreads>
            <Spread>0.003351</Spread>
          </Spreads>
          <FixingDays>2</FixingDays>
        </FloatingLegData>
        <ScheduleData>
          <Rules>
            <StartDate>20160209</StartDate>
            <EndDate>20210209</EndDate>
            <Tenor>3M</Tenor>
            <Calendar>ZUB,TARGET,UK</Calendar>
            <Convention>MF</Convention>
            <TermConvention>MF</TermConvention>
            <EndOfMonth/>
            <FirstDate/>
            <LastDate/>
          </Rules>
        </ScheduleData>
      </LegData>
    </SwapData>
  </Trade>
  <Trade id="xccyBasisSwap_EUR_3M_CHF_3M_7Y">
    <TradeType>Swap</TradeType>
    <Envelope>
      <CounterParty>CPTY_A</CounterParty>
      <NettingSetId>CPTY_A</NettingSetId>
      <AdditionalFields/>
    </Envelope>
    <SwapData>
      <LegData>
        <LegType>Floating</LegType>
        <Payer>true</Payer>
        <Currency>EUR</Currency>
        <Notionals>
          <Notional>1000000</Notional>
          <Exchanges>
            <NotionalInitialExchange>true</NotionalInitialExchange>
            <NotionalFinalExchange>true</NotionalFinalExchange>
          </Exchanges>
        </Notionals>
        <DayCounter>ACT/360</DayCounter>
        <PaymentConvention>MF</PaymentConvention>
        <PaymentLag>0</PaymentLag>
        <FloatingLegData>
          <Index>EUR-EURIBOR-3M</Index>
          <Spreads>
            <Spread>0</Spread>
          </Spreads>
          <FixingDays>2</FixingDays>
        </FloatingLegData>
        <ScheduleData>
          <Rules>
            <StartDate>20160209</StartDate>
            <EndDate>20230209</EndDate>
            <Tenor>3M</Tenor>
            <Calendar>ZUB,TARGET,UK</Calendar>
            <Convention>MF</Convention>
            <TermConvention>MF</TermConvention>
            <EndOfMonth/>
            <FirstDate/>
            <LastDate/>
          </Rules>
        </ScheduleData>
      </LegData>
      <LegData>
        <LegType>Floating</LegType>
        <Payer>false</Payer>
        <Currency>CHF</Currency>
        <Notionals>
          <Notional>1125046.0</Notional>
          <Exchanges>
            <NotionalInitialExchange>true</NotionalInitialExchange>
            <NotionalFinalExchange>true</NotionalFinalExchange>
          </Exchanges>
        </Notionals>
        <DayCounter>ACT/360</DayCounter>
        <PaymentConvention>MF</PaymentConvention>
        <PaymentLag>0</PaymentLag>
        <FloatingLegData>
          <Index>CHF-LIBOR-3M</Index>
          <Spreads>
            <Spread>0.003234</Spread>
          </Spreads>
          <FixingDays>2</FixingDays>
        </FloatingLegData>
        <ScheduleData>
          <Rules>
            <StartDate>20160209</StartDate>
            <EndDate>20230209</EndDate>
            <Tenor>3M</Tenor>
            <Calendar>ZUB,TARGET,UK</Calendar>
            <Convention>MF</Convention>
            <TermConvention>MF</TermConvention>
            <EndOfMonth/>
            <FirstDate/>
            <LastDate/>
          </Rules>
        </ScheduleData>
      </LegData>
    </SwapData>
  </Trade>
  <Trade id="xccyBasisSwap_EUR_3M_CHF_3M_10Y">
    <TradeType>Swap</TradeType>
    <Envelope>
      <CounterParty>CPTY_A</CounterParty>
      <NettingSetId>CPTY_A</NettingSetId>
      <AdditionalFields/>
    </Envelope>
    <SwapData>
      <LegData>
        <LegType>Floating</LegType>
        <Payer>true</Payer>
        <Currency>EUR</Currency>
        <Notionals>
          <Notional>1000000</Notional>
          <Exchanges>
            <NotionalInitialExchange>true</NotionalInitialExchange>
            <NotionalFinalExchange>true</NotionalFinalExchange>
          </Exchanges>
        </Notionals>
        <DayCounter>ACT/360</DayCounter>
        <PaymentConvention>MF</PaymentConvention>
        <PaymentLag>0</PaymentLag>
        <FloatingLegData>
          <Index>EUR-EURIBOR-3M</Index>
          <Spreads>
            <Spread>0</Spread>
          </Spreads>
          <FixingDays>2</FixingDays>
        </FloatingLegData>
        <ScheduleData>
          <Rules>
            <StartDate>20160209</StartDate>
            <EndDate>20260209</EndDate>
            <Tenor>3M</Tenor>
            <Calendar>ZUB,TARGET,UK</Calendar>
            <Convention>MF</Convention>
            <TermConvention>MF</TermConvention>
            <EndOfMonth/>
            <FirstDate/>
            <LastDate/>
          </Rules>
        </ScheduleData>
      </LegData>
      <LegData>
        <LegType>Floating</LegType>
        <Payer>false</Payer>
        <Currency>CHF</Currency>
        <Notionals>
          <Notional>1125046.0</Notional>
          <Exchanges>
            <NotionalInitialExchange>true</NotionalInitialExchange>
            <NotionalFinalExchange>true</NotionalFinalExchange>
          </Exchanges>
        </Notionals>
        <DayCounter>ACT/360</DayCounter>
        <PaymentConvention>MF</PaymentConvention>
        <PaymentLag>0</PaymentLag>
        <FloatingLegData>
          <Index>CHF-LIBOR-3M</Index>
          <Spreads>
            <Spread>0.002838</Spread>
          </Spreads>
          <FixingDays>2</FixingDays>
        </FloatingLegData>
        <ScheduleData>
          <Rules>
            <StartDate>20160209</StartDate>
            <EndDate>20260209</EndDate>
            <Tenor>3M</Tenor>
            <Calendar>ZUB,TARGET,UK</Calendar>
            <Convention>MF</Convention>
            <TermConvention>MF</TermConvention>
            <EndOfMonth/>
            <FirstDate/>
            <LastDate/>
          </Rules>
        </ScheduleData>
      </LegData>
    </SwapData>
  </Trade>
  <Trade id="xccyBasisSwap_EUR_3M_CHF_3M_15Y">
    <TradeType>Swap</TradeType>
    <Envelope>
      <CounterParty>CPTY_A</CounterParty>
      <NettingSetId>CPTY_A</NettingSetId>
      <AdditionalFields/>
    </Envelope>
    <SwapData>
      <LegData>
        <LegType>Floating</LegType>
        <Payer>true</Payer>
        <Currency>EUR</Currency>
        <Notionals>
          <Notional>1000000</Notional>
          <Exchanges>
            <NotionalInitialExchange>true</NotionalInitialExchange>
            <NotionalFinalExchange>true</NotionalFinalExchange>
          </Exchanges>
        </Notionals>
        <DayCounter>ACT/360</DayCounter>
        <PaymentConvention>MF</PaymentConvention>
        <PaymentLag>0</PaymentLag>
        <FloatingLegData>
          <Index>EUR-EURIBOR-3M</Index>
          <Spreads>
            <Spread>0</Spread>
          </Spreads>
          <FixingDays>2</FixingDays>
        </FloatingLegData>
        <ScheduleData>
          <Rules>
            <StartDate>20160209</StartDate>
            <EndDate>20310209</EndDate>
            <Tenor>3M</Tenor>
            <Calendar>ZUB,TARGET,UK</Calendar>
            <Convention>MF</Convention>
            <TermConvention>MF</TermConvention>
            <EndOfMonth/>
            <FirstDate/>
            <LastDate/>
          </Rules>
        </ScheduleData>
      </LegData>
      <LegData>
        <LegType>Floating</LegType>
        <Payer>false</Payer>
        <Currency>CHF</Currency>
        <Notionals>
          <Notional>1125046.0</Notional>
          <Exchanges>
            <NotionalInitialExchange>true</NotionalInitialExchange>
            <NotionalFinalExchange>true</NotionalFinalExchange>
          </Exchanges>
        </Notionals>
        <DayCounter>ACT/360</DayCounter>
        <PaymentConvention>MF</PaymentConvention>
        <PaymentLag>0</PaymentLag>
        <FloatingLegData>
          <Index>CHF-LIBOR-3M</Index>
          <Spreads>
            <Spread>0.001835</Spread>
          </Spreads>
          <FixingDays>2</FixingDays>
        </FloatingLegData>
        <ScheduleData>
          <Rules>
            <StartDate>20160209</StartDate>
            <EndDate>20310209</EndDate>
            <Tenor>3M</Tenor>
            <Calendar>ZUB,TARGET,UK</Calendar>
            <Convention>MF</Convention>
            <TermConvention>MF</TermConvention>
            <EndOfMonth/>
            <FirstDate/>
            <LastDate/>
          </Rules>
        </ScheduleData>
      </LegData>
    </SwapData>
  </Trade>
  <Trade id="xccyBasisSwap_EUR_3M_CHF_3M_20Y">
    <TradeType>Swap</TradeType>
    <Envelope>
      <CounterParty>CPTY_A</CounterParty>
      <NettingSetId>CPTY_A</NettingSetId>
      <AdditionalFields/>
    </Envelope>
    <SwapData>
      <LegData>
        <LegType>Floating</LegType>
        <Payer>true</Payer>
        <Currency>EUR</Currency>
        <Notionals>
          <Notional>1000000</Notional>
          <Exchanges>
            <NotionalInitialExchange>true</NotionalInitialExchange>
            <NotionalFinalExchange>true</NotionalFinalExchange>
          </Exchanges>
        </Notionals>
        <DayCounter>ACT/360</DayCounter>
        <PaymentConvention>MF</PaymentConvention>
        <PaymentLag>0</PaymentLag>
        <FloatingLegData>
          <Index>EUR-EURIBOR-3M</Index>
          <Spreads>
            <Spread>0</Spread>
          </Spreads>
          <FixingDays>2</FixingDays>
        </FloatingLegData>
        <ScheduleData>
          <Rules>
            <StartDate>20160209</StartDate>
            <EndDate>20360209</EndDate>
            <Tenor>3M</Tenor>
            <Calendar>ZUB,TARGET,UK</Calendar>
            <Convention>MF</Convention>
            <TermConvention>MF</TermConvention>
            <EndOfMonth/>
            <FirstDate/>
            <LastDate/>
          </Rules>
        </ScheduleData>
      </LegData>
      <LegData>
        <LegType>Floating</LegType>
        <Payer>false</Payer>
        <Currency>CHF</Currency>
        <Notionals>
          <Notional>1125046.0</Notional>
          <Exchanges>
            <NotionalInitialExchange>true</NotionalInitialExchange>
            <NotionalFinalExchange>true</NotionalFinalExchange>
          </Exchanges>
        </Notionals>
        <DayCounter>ACT/360</DayCounter>
        <PaymentConvention>MF</PaymentConvention>
        <PaymentLag>0</PaymentLag>
        <FloatingLegData>
          <Index>CHF-LIBOR-3M</Index>
          <Spreads>
            <Spread>0.001217</Spread>
          </Spreads>
          <FixingDays>2</FixingDays>
        </FloatingLegData>
        <ScheduleData>
          <Rules>
            <StartDate>20160209</StartDate>
            <EndDate>20360209</EndDate>
            <Tenor>3M</Tenor>
            <Calendar>ZUB,TARGET,UK</Calendar>
            <Convention>MF</Convention>
            <TermConvention>MF</TermConvention>
            <EndOfMonth/>
            <FirstDate/>
            <LastDate/>
          </Rules>
        </ScheduleData>
      </LegData>
    </SwapData>
  </Trade>
</Portfolio>