<?xml version="1.0"?>
<ORE>
  <Setup>
    <Parameter name="asofDate">2016-02-05</Parameter>
    <Parameter name="inputPath">Input</Parameter>
    <Parameter name="outputPath">Output</Parameter>
    <Parameter name="logFile">log.txt</Parameter>
    <Parameter name="logMask">31</Parameter>
    <Parameter name="marketDataFile">market.txt</Parameter>
    <Parameter name="fixingDataFile">fixings.txt</Parameter>
    <Parameter name="implyTodaysFixings">N</Parameter>
    <Parameter name="curveConfigFile">curveconfig.xml</Parameter>
    <Parameter name="conventionsFile">conventions.xml</Parameter>
    <Parameter name="marketConfigFile">todaysmarket.xml</Parameter>
    <Parameter name="pricingEnginesFile">pricingengine.xml</Parameter>
    <Parameter name="portfolioFile">portfolio.xml</Parameter>
    <Parameter name="observationModel">None</Parameter>
    <Parameter name="continueOnError">false</Parameter>
    <Parameter name="calendarAdjustment">calendaradjustment.xml</Parameter>
    <Parameter name="currencyConfiguration">currencies.xml</Parameter>
    <Parameter name="nThreads">1</Parameter>
  </Setup>
  <Markets>
    <Parameter name="lgmcalibration">libor</Parameter>
    <Parameter name="fxcalibration">libor</Parameter>
    <Parameter name="eqcalibration">libor</Parameter>
    <Parameter name="pricing">libor</Parameter>
    <Parameter name="simulation">libor</Parameter>
  </Markets>
  <Analytics>
    <Analytic type="npv">
      <Parameter name="active">Y</Parameter>
      <Parameter name="baseCurrency">EUR</Parameter>
      <Parameter name="outputFileName">npv.csv</Parameter>
    </Analytic>
    <Analytic type="simulation">
      <Parameter name="active">Y</Parameter>
      <Parameter name="amc">Y</Parameter>
      <Parameter name="amcTradeTypes">Swap,Swaption,FxOption</Parameter>
      <Parameter name="simulationConfigFile">simulation.xml</Parameter>
      <Parameter name="pricingEnginesFile">pricingengine.xml</Parameter>
      <Parameter name="amcPricingEnginesFile">pricingengine_amc.xml</Parameter>
      <Parameter name="baseCurrency">EUR</Parameter>
      <Parameter name="storeScenarios">N</Parameter>
      <Parameter name="cubeFile">cube.csv.gz</Parameter>
      <Parameter name="aggregationScenarioDataFileName">scenariodata.csv.gz</Parameter>
      <Parameter name="aggregationScenarioDataDump">scenariodata.csv</Parameter>
    </Analytic>
    <Analytic type="xva">
      <Parameter name="active">Y</Parameter>
      <Parameter name="csaFile">netting.xml</Parameter>
      <Parameter name="cubeFile">cube.csv.gz</Parameter>
      <Parameter name="scenarioFile">scenariodata.csv.gz</Parameter>
      <Parameter name="baseCurrency">EUR</Parameter>
      <Parameter name="exposureProfiles">Y</Parameter>
      <Parameter name="exposureProfilesByTrade">Y</Parameter>
      <Parameter name="quantile">0.95</Parameter>
      <Parameter name="calculationType">NoLag</Parameter>
      <Parameter name="allocationMethod">None</Parameter>
      <Parameter name="marginalAllocationLimit">1.0</Parameter>
      <Parameter name="exerciseNextBreak">N</Parameter>
      <Parameter name="cva">Y</Parameter>
      <Parameter name="dva">N</Parameter>
      <Parameter name="dvaName">BANK</Parameter>
      <Parameter name="fva">N</Parameter>
      <Parameter name="fvaBorrowingCurve">BANK_EUR_BORROW</Parameter>
      <Parameter name="fvaLendingCurve">BANK_EUR_LEND</Parameter>
      <Parameter name="colva">N</Parameter>
      <Parameter name="collateralSpread">0.0000</Parameter>
      <Parameter name="collateralFloor">N</Parameter>
      <Parameter name="dim">N</Parameter>
      <Parameter name="dimQuantile">0.99</Parameter>
      <Parameter name="dimHorizonCalendarDays">14</Parameter>
      <Parameter name="dimRegressionOrder">2</Parameter>
      <Parameter name="dimRegressors"/>
      <Parameter name="dimScaling">1.0</Parameter>
      <Parameter name="dimEvolutionFile">dim_evolution.csv</Parameter>
      <Parameter name="dimRegressionFiles">dim_regression.csv</Parameter>
      <Parameter name="dimOutputNettingSet">CPTY_A</Parameter>
      <Parameter name="dimOutputGridPoints">0</Parameter>
      <Parameter name="dimLocalRegressionEvaluations">0</Parameter>
      <Parameter name="dimLocalRegressionBandwidth">1.0</Parameter>
      <Parameter name="rawCubeOutputFile">rawcube.csv</Parameter>
      <Parameter name="netCubeOutputFile">netcube.csv</Parameter>
    </Analytic>
  </Analytics>
</ORE>
