{ "@timestamp": "2024-02-06T18:28:17.520684", "key": "Running XVA Analytic", "progress": 0, "total": 1 }
{ "@timestamp": "2024-02-06T18:28:17.521686", "key": "XVA: Build Today's Market", "progress": 0, "total": 1 }
{ "@timestamp": "2024-02-06T18:28:17.927674", "key": "XVA: Build Today's Market", "progress": 1, "total": 1 }
{ "@timestamp": "2024-02-06T18:28:19.988621", "key": "XVA: Build Portfolio", "progress": 0, "total": 1 }
{ "@timestamp": "2024-02-06T18:28:19.993621", "key": "XVA: Build Portfolio", "progress": 1, "total": 1 }
{ "@timestamp": "2024-02-06T18:28:25.437484", "detail": "1 trade, 50 samples", "key": "XVA: Building cube", "progress": 0, "total": 50 }
{ "@timestamp": "2024-02-06T18:28:25.557481", "detail": "1 trade, 50 samples", "key": "XVA: Building cube", "progress": 1, "total": 50 }
{ "@timestamp": "2024-02-06T18:28:25.660476", "detail": "1 trade, 50 samples", "key": "XVA: Building cube", "progress": 2, "total": 50 }
{ "@timestamp": "2024-02-06T18:28:25.769474", "detail": "1 trade, 50 samples", "key": "XVA: Building cube", "progress": 3, "total": 50 }
{ "@timestamp": "2024-02-06T18:28:25.880474", "detail": "1 trade, 50 samples", "key": "XVA: Building cube", "progress": 4, "total": 50 }
{ "@timestamp": "2024-02-06T18:28:26.000468", "detail": "1 trade, 50 samples", "key": "XVA: Building cube", "progress": 5, "total": 50 }
{ "@timestamp": "2024-02-06T18:28:26.117465", "detail": "1 trade, 50 samples", "key": "XVA: Building cube", "progress": 6, "total": 50 }
{ "@timestamp": "2024-02-06T18:28:26.225462", "detail": "1 trade, 50 samples", "key": "XVA: Building cube", "progress": 7, "total": 50 }
{ "@timestamp": "2024-02-06T18:28:26.398458", "detail": "1 trade, 50 samples", "key": "XVA: Building cube", "progress": 8, "total": 50 }
{ "@timestamp": "2024-02-06T18:28:26.575455", "detail": "1 trade, 50 samples", "key": "XVA: Building cube", "progress": 9, "total": 50 }
{ "@timestamp": "2024-02-06T18:28:26.710450", "detail": "1 trade, 50 samples", "key": "XVA: Building cube", "progress": 10, "total": 50 }
{ "@timestamp": "2024-02-06T18:28:26.825447", "detail": "1 trade, 50 samples", "key": "XVA: Building cube", "progress": 11, "total": 50 }
{ "@timestamp": "2024-02-06T18:28:26.924445", "detail": "1 trade, 50 samples", "key": "XVA: Building cube", "progress": 12, "total": 50 }
{ "@timestamp": "2024-02-06T18:28:27.023443", "detail": "1 trade, 50 samples", "key": "XVA: Building cube", "progress": 13, "total": 50 }
{ "@timestamp": "2024-02-06T18:28:27.122440", "detail": "1 trade, 50 samples", "key": "XVA: Building cube", "progress": 14, "total": 50 }
{ "@timestamp": "2024-02-06T18:28:27.234438", "detail": "1 trade, 50 samples", "key": "XVA: Building cube", "progress": 15, "total": 50 }
{ "@timestamp": "2024-02-06T18:28:27.340435", "detail": "1 trade, 50 samples", "key": "XVA: Building cube", "progress": 16, "total": 50 }
{ "@timestamp": "2024-02-06T18:28:27.442434", "detail": "1 trade, 50 samples", "key": "XVA: Building cube", "progress": 17, "total": 50 }
{ "@timestamp": "2024-02-06T18:28:27.547430", "detail": "1 trade, 50 samples", "key": "XVA: Building cube", "progress": 18, "total": 50 }
{ "@timestamp": "2024-02-06T18:28:27.650427", "detail": "1 trade, 50 samples", "key": "XVA: Building cube", "progress": 19, "total": 50 }
{ "@timestamp": "2024-02-06T18:28:27.758425", "detail": "1 trade, 50 samples", "key": "XVA: Building cube", "progress": 20, "total": 50 }
{ "@timestamp": "2024-02-06T18:28:27.870422", "detail": "1 trade, 50 samples", "key": "XVA: Building cube", "progress": 21, "total": 50 }
{ "@timestamp": "2024-02-06T18:28:27.971420", "detail": "1 trade, 50 samples", "key": "XVA: Building cube", "progress": 22, "total": 50 }
{ "@timestamp": "2024-02-06T18:28:28.080417", "detail": "1 trade, 50 samples", "key": "XVA: Building cube", "progress": 23, "total": 50 }
{ "@timestamp": "2024-02-06T18:28:28.182414", "detail": "1 trade, 50 samples", "key": "XVA: Building cube", "progress": 24, "total": 50 }
{ "@timestamp": "2024-02-06T18:28:28.284411", "detail": "1 trade, 50 samples", "key": "XVA: Building cube", "progress": 25, "total": 50 }
{ "@timestamp": "2024-02-06T18:28:28.386410", "detail": "1 trade, 50 samples", "key": "XVA: Building cube", "progress": 26, "total": 50 }
{ "@timestamp": "2024-02-06T18:28:28.486406", "detail": "1 trade, 50 samples", "key": "XVA: Building cube", "progress": 27, "total": 50 }
{ "@timestamp": "2024-02-06T18:28:28.591403", "detail": "1 trade, 50 samples", "key": "XVA: Building cube", "progress": 28, "total": 50 }
{ "@timestamp": "2024-02-06T18:28:28.687402", "detail": "1 trade, 50 samples", "key": "XVA: Building cube", "progress": 29, "total": 50 }
{ "@timestamp": "2024-02-06T18:28:28.793398", "detail": "1 trade, 50 samples", "key": "XVA: Building cube", "progress": 30, "total": 50 }
{ "@timestamp": "2024-02-06T18:28:28.896396", "detail": "1 trade, 50 samples", "key": "XVA: Building cube", "progress": 31, "total": 50 }
{ "@timestamp": "2024-02-06T18:28:29.000394", "detail": "1 trade, 50 samples", "key": "XVA: Building cube", "progress": 32, "total": 50 }
{ "@timestamp": "2024-02-06T18:28:29.103391", "detail": "1 trade, 50 samples", "key": "XVA: Building cube", "progress": 33, "total": 50 }
{ "@timestamp": "2024-02-06T18:28:29.210387", "detail": "1 trade, 50 samples", "key": "XVA: Building cube", "progress": 34, "total": 50 }
{ "@timestamp": "2024-02-06T18:28:29.339384", "detail": "1 trade, 50 samples", "key": "XVA: Building cube", "progress": 35, "total": 50 }
{ "@timestamp": "2024-02-06T18:28:29.448381", "detail": "1 trade, 50 samples", "key": "XVA: Building cube", "progress": 36, "total": 50 }
{ "@timestamp": "2024-02-06T18:28:29.553379", "detail": "1 trade, 50 samples", "key": "XVA: Building cube", "progress": 37, "total": 50 }
{ "@timestamp": "2024-02-06T18:28:29.652376", "detail": "1 trade, 50 samples", "key": "XVA: Building cube", "progress": 38, "total": 50 }
{ "@timestamp": "2024-02-06T18:28:29.750374", "detail": "1 trade, 50 samples", "key": "XVA: Building cube", "progress": 39, "total": 50 }
{ "@timestamp": "2024-02-06T18:28:29.850373", "detail": "1 trade, 50 samples", "key": "XVA: Building cube", "progress": 40, "total": 50 }
{ "@timestamp": "2024-02-06T18:28:29.955369", "detail": "1 trade, 50 samples", "key": "XVA: Building cube", "progress": 41, "total": 50 }
{ "@timestamp": "2024-02-06T18:28:30.056366", "detail": "1 trade, 50 samples", "key": "XVA: Building cube", "progress": 42, "total": 50 }
{ "@timestamp": "2024-02-06T18:28:30.165366", "detail": "1 trade, 50 samples", "key": "XVA: Building cube", "progress": 43, "total": 50 }
{ "@timestamp": "2024-02-06T18:28:30.267360", "detail": "1 trade, 50 samples", "key": "XVA: Building cube", "progress": 44, "total": 50 }
{ "@timestamp": "2024-02-06T18:28:30.368358", "detail": "1 trade, 50 samples", "key": "XVA: Building cube", "progress": 45, "total": 50 }
{ "@timestamp": "2024-02-06T18:28:30.474355", "detail": "1 trade, 50 samples", "key": "XVA: Building cube", "progress": 46, "total": 50 }
{ "@timestamp": "2024-02-06T18:28:30.577353", "detail": "1 trade, 50 samples", "key": "XVA: Building cube", "progress": 47, "total": 50 }
{ "@timestamp": "2024-02-06T18:28:30.679350", "detail": "1 trade, 50 samples", "key": "XVA: Building cube", "progress": 48, "total": 50 }
{ "@timestamp": "2024-02-06T18:28:30.803347", "detail": "1 trade, 50 samples", "key": "XVA: Building cube", "progress": 49, "total": 50 }
{ "@timestamp": "2024-02-06T18:28:30.808347", "detail": "1 trade, 50 samples", "key": "XVA: Building cube", "progress": 50, "total": 50 }
{ "@timestamp": "2024-02-06T18:28:30.824347", "key": "XVA: Aggregation", "progress": 0, "total": 1 }
{ "@timestamp": "2024-02-06T18:28:30.842347", "key": "XVA: Aggregation", "progress": 1, "total": 1 }
{ "@timestamp": "2024-02-06T18:28:30.842347", "key": "XVA: Reports", "progress": 0, "total": 1 }
{ "@timestamp": "2024-02-06T18:28:30.852346", "key": "XVA: Reports", "progress": 1, "total": 1 }
{ "@timestamp": "2024-02-06T18:28:30.852346", "key": "Running XVA Analytic", "progress": 1, "total": 1 }
