<?xml version="1.0"?>
<Portfolio>

  <Trade id="SwapLeg">
    <TradeType>Swap</TradeType>
    <Envelope>
      <CounterParty>CPTY</CounterParty>
      <NettingSetId>CPTY</NettingSetId>
      <AdditionalFields/>
    </Envelope>
    <SwapData>
      <LegData>
        <LegType>Fixed</LegType>
        <Payer>false</Payer>
        <Currency>USD</Currency>
        <Notionals>
          <Notional>500000</Notional>
        </Notionals>
        <DayCounter>30/360</DayCounter>
        <PaymentConvention>F</PaymentConvention>
        <FixedLegData>
          <Rates>
            <Rate>0.05</Rate>
          </Rates>
        </FixedLegData>
        <ScheduleData>
          <Rules>
            <StartDate>20230201</StartDate>
            <EndDate>20240201</EndDate>
            <Tenor>1Y</Tenor>
            <Calendar>US</Calendar>
            <Convention>F</Convention>
            <TermConvention>F</TermConvention>
            <Rule>Forward</Rule>
            <EndOfMonth/>
            <FirstDate/>
            <LastDate/>
          </Rules>
        </ScheduleData>
      </LegData>
    </SwapData>
  </Trade>
  
  <Trade id="SwapLegFlow2">
    <TradeType>Swap</TradeType>
    <Envelope>
      <CounterParty>CPTY</CounterParty>
      <NettingSetId>CPTY</NettingSetId>
      <AdditionalFields/>
    </Envelope>
    <SwapData>
      <LegData>
        <LegType>Fixed</LegType>
        <Payer>false</Payer>
        <Currency>USD</Currency>
        <Notionals>
          <Notional>1000000</Notional>
        </Notionals>
        <DayCounter>30/360</DayCounter>
        <PaymentConvention>F</PaymentConvention>
        <FixedLegData>
          <Rates>
            <Rate>0.05</Rate>
          </Rates>
        </FixedLegData>
        <ScheduleData>
          <Rules>
            <StartDate>20220205</StartDate>
            <EndDate>20240205</EndDate>
            <Tenor>1Y</Tenor>
            <Calendar>US</Calendar>
            <Convention>F</Convention>
            <TermConvention>F</TermConvention>
            <Rule>Forward</Rule>
            <EndOfMonth/>
            <FirstDate/>
            <LastDate/>
          </Rules>
        </ScheduleData>
      </LegData>
    </SwapData>
  </Trade>


</Portfolio>
