<SIMMCalibrationData>
  <SIMMCalibration id="official">
    <VersionNames>
      <Name>2.2</Name>
      <Name>2.1.16</Name>
      <Name>latest</Name>
    </VersionNames>
    <AdditionalFields/>
    <InterestRate>
      <RiskWeights>
        <Delta mporDays="10">
          <Weight bucket="1" label1="2w">116</Weight>
          <Weight bucket="1" label1="1m">106</Weight>
          <Weight bucket="1" label1="3m">94</Weight>
          <Weight bucket="1" label1="6m">71</Weight>
          <Weight bucket="1" label1="1y">59</Weight>
          <Weight bucket="1" label1="2y">52</Weight>
          <Weight bucket="1" label1="3y">49</Weight>
          <Weight bucket="1" label1="5y">51</Weight>
          <Weight bucket="1" label1="10y">51</Weight>
          <Weight bucket="1" label1="15y">51</Weight>
          <Weight bucket="1" label1="20y">54</Weight>
          <Weight bucket="1" label1="30y">62</Weight>
          <Weight bucket="2" label1="2w">14</Weight>
          <Weight bucket="2" label1="1m">20</Weight>
          <Weight bucket="2" label1="3m">10</Weight>
          <Weight bucket="2" label1="6m">10</Weight>
          <Weight bucket="2" label1="1y">14</Weight>
          <Weight bucket="2" label1="2y">20</Weight>
          <Weight bucket="2" label1="3y">22</Weight>
          <Weight bucket="2" label1="5y">20</Weight>
          <Weight bucket="2" label1="10y">20</Weight>
          <Weight bucket="2" label1="15y">20</Weight>
          <Weight bucket="2" label1="20y">22</Weight>
          <Weight bucket="2" label1="30y">27</Weight>
          <Weight bucket="3" label1="2w">85</Weight>
          <Weight bucket="3" label1="1m">80</Weight>
          <Weight bucket="3" label1="3m">79</Weight>
          <Weight bucket="3" label1="6m">86</Weight>
          <Weight bucket="3" label1="1y">97</Weight>
          <Weight bucket="3" label1="2y">102</Weight>
          <Weight bucket="3" label1="3y">104</Weight>
          <Weight bucket="3" label1="5y">102</Weight>
          <Weight bucket="3" label1="10y">103</Weight>
          <Weight bucket="3" label1="15y">99</Weight>
          <Weight bucket="3" label1="20y">99</Weight>
          <Weight bucket="3" label1="30y">100</Weight>
        </Delta>
        <Vega mporDays="10">
          <Weight>0.16</Weight>
        </Vega>
        <HistoricalVolatilityRatio mporDays="10">0.53</HistoricalVolatilityRatio>
        <Inflation mporDays="10">47</Inflation>
        <XCcyBasis mporDays="10">20</XCcyBasis>
        <Delta mporDays="1">
          <Weight bucket="1" label1="2w">18</Weight>
          <Weight bucket="1" label1="1m">16</Weight>
          <Weight bucket="1" label1="3m">11</Weight>
          <Weight bucket="1" label1="6m">11</Weight>
          <Weight bucket="1" label1="1y">13</Weight>
          <Weight bucket="1" label1="2y">14</Weight>
          <Weight bucket="1" label1="3y">14</Weight>
          <Weight bucket="1" label1="5y">16</Weight>
          <Weight bucket="1" label1="10y">16</Weight>
          <Weight bucket="1" label1="15y">16</Weight>
          <Weight bucket="1" label1="20y">16</Weight>
          <Weight bucket="1" label1="30y">16</Weight>
          <Weight bucket="2" label1="2w">3.5</Weight>
          <Weight bucket="2" label1="1m">3.4</Weight>
          <Weight bucket="2" label1="3m">1.7</Weight>
          <Weight bucket="2" label1="6m">1.5</Weight>
          <Weight bucket="2" label1="1y">3.2</Weight>
          <Weight bucket="2" label1="2y">4.4</Weight>
          <Weight bucket="2" label1="3y">5.1</Weight>
          <Weight bucket="2" label1="5y">6.6</Weight>
          <Weight bucket="2" label1="10y">7.3</Weight>
          <Weight bucket="2" label1="15y">7.1</Weight>
          <Weight bucket="2" label1="20y">7.8</Weight>
          <Weight bucket="2" label1="30y">8.6</Weight>
          <Weight bucket="3" label1="2w">41</Weight>
          <Weight bucket="3" label1="1m">24</Weight>
          <Weight bucket="3" label1="3m">17</Weight>
          <Weight bucket="3" label1="6m">17</Weight>
          <Weight bucket="3" label1="1y">20</Weight>
          <Weight bucket="3" label1="2y">23</Weight>
          <Weight bucket="3" label1="3y">24</Weight>
          <Weight bucket="3" label1="5y">27</Weight>
          <Weight bucket="3" label1="10y">30</Weight>
          <Weight bucket="3" label1="15y">28</Weight>
          <Weight bucket="3" label1="20y">29</Weight>
          <Weight bucket="3" label1="30y">29</Weight>
        </Delta>
        <Vega mporDays="1">
          <Weight>0.04</Weight>
        </Vega>
        <HistoricalVolatilityRatio mporDays="1">0.59</HistoricalVolatilityRatio>
        <Inflation mporDays="1">9.4</Inflation>
        <XCcyBasis mporDays="1">5.3</XCcyBasis>
        <CurrencyLists>
          <Currency bucket="1">USD</Currency>
          <Currency bucket="1">EUR</Currency>
          <Currency bucket="1">GBP</Currency>
          <Currency bucket="1">AUD</Currency>
          <Currency bucket="1">CAD</Currency>
          <Currency bucket="1">CHF</Currency>
          <Currency bucket="1">DKK</Currency>
          <Currency bucket="1">HKD</Currency>
          <Currency bucket="1">KRW</Currency>
          <Currency bucket="1">NOK</Currency>
          <Currency bucket="1">NZD</Currency>
          <Currency bucket="1">SEK</Currency>
          <Currency bucket="1">SGD</Currency>
          <Currency bucket="1">TWD</Currency>
          <Currency bucket="2">JPY</Currency>
          <Currency bucket="3">Other</Currency>
        </CurrencyLists>
      </RiskWeights>
      <Correlations>
        <IntraBucket>
          <Correlation label1="2w" label2="1m">0.69</Correlation>
          <Correlation label1="2w" label2="3m">0.64</Correlation>
          <Correlation label1="2w" label2="6m">0.55</Correlation>
          <Correlation label1="2w" label2="1y">0.34</Correlation>
          <Correlation label1="2w" label2="2y">0.21</Correlation>
          <Correlation label1="2w" label2="3y">0.16</Correlation>
          <Correlation label1="2w" label2="5y">0.11</Correlation>
          <Correlation label1="2w" label2="10y">0.06</Correlation>
          <Correlation label1="2w" label2="15y">0.01</Correlation>
          <Correlation label1="2w" label2="20y">0</Correlation>
          <Correlation label1="2w" label2="30y">-0.02</Correlation>
          <Correlation label1="1m" label2="2w">0.69</Correlation>
          <Correlation label1="1m" label2="3m">0.79</Correlation>
          <Correlation label1="1m" label2="6m">0.65</Correlation>
          <Correlation label1="1m" label2="1y">0.5</Correlation>
          <Correlation label1="1m" label2="2y">0.39</Correlation>
          <Correlation label1="1m" label2="3y">0.33</Correlation>
          <Correlation label1="1m" label2="5y">0.26</Correlation>
          <Correlation label1="1m" label2="10y">0.2</Correlation>
          <Correlation label1="1m" label2="15y">0.14</Correlation>
          <Correlation label1="1m" label2="20y">0.11</Correlation>
          <Correlation label1="1m" label2="30y">0.09</Correlation>
          <Correlation label1="3m" label2="2w">0.64</Correlation>
          <Correlation label1="3m" label2="1m">0.79</Correlation>
          <Correlation label1="3m" label2="6m">0.85</Correlation>
          <Correlation label1="3m" label2="1y">0.67</Correlation>
          <Correlation label1="3m" label2="2y">0.53</Correlation>
          <Correlation label1="3m" label2="3y">0.46</Correlation>
          <Correlation label1="3m" label2="5y">0.37</Correlation>
          <Correlation label1="3m" label2="10y">0.29</Correlation>
          <Correlation label1="3m" label2="15y">0.22</Correlation>
          <Correlation label1="3m" label2="20y">0.19</Correlation>
          <Correlation label1="3m" label2="30y">0.16</Correlation>
          <Correlation label1="6m" label2="2w">0.55</Correlation>
          <Correlation label1="6m" label2="1m">0.65</Correlation>
          <Correlation label1="6m" label2="3m">0.85</Correlation>
          <Correlation label1="6m" label2="1y">0.85</Correlation>
          <Correlation label1="6m" label2="2y">0.72</Correlation>
          <Correlation label1="6m" label2="3y">0.65</Correlation>
          <Correlation label1="6m" label2="5y">0.56</Correlation>
          <Correlation label1="6m" label2="10y">0.46</Correlation>
          <Correlation label1="6m" label2="15y">0.38</Correlation>
          <Correlation label1="6m" label2="20y">0.34</Correlation>
          <Correlation label1="6m" label2="30y">0.3</Correlation>
          <Correlation label1="1y" label2="2w">0.34</Correlation>
          <Correlation label1="1y" label2="1m">0.5</Correlation>
          <Correlation label1="1y" label2="3m">0.67</Correlation>
          <Correlation label1="1y" label2="6m">0.85</Correlation>
          <Correlation label1="1y" label2="2y">0.93</Correlation>
          <Correlation label1="1y" label2="3y">0.88</Correlation>
          <Correlation label1="1y" label2="5y">0.78</Correlation>
          <Correlation label1="1y" label2="10y">0.66</Correlation>
          <Correlation label1="1y" label2="15y">0.6</Correlation>
          <Correlation label1="1y" label2="20y">0.56</Correlation>
          <Correlation label1="1y" label2="30y">0.52</Correlation>
          <Correlation label1="2y" label2="2w">0.21</Correlation>
          <Correlation label1="2y" label2="1m">0.39</Correlation>
          <Correlation label1="2y" label2="3m">0.53</Correlation>
          <Correlation label1="2y" label2="6m">0.72</Correlation>
          <Correlation label1="2y" label2="1y">0.93</Correlation>
          <Correlation label1="2y" label2="3y">0.98</Correlation>
          <Correlation label1="2y" label2="5y">0.91</Correlation>
          <Correlation label1="2y" label2="10y">0.81</Correlation>
          <Correlation label1="2y" label2="15y">0.75</Correlation>
          <Correlation label1="2y" label2="20y">0.72</Correlation>
          <Correlation label1="2y" label2="30y">0.68</Correlation>
          <Correlation label1="3y" label2="2w">0.16</Correlation>
          <Correlation label1="3y" label2="1m">0.33</Correlation>
          <Correlation label1="3y" label2="3m">0.46</Correlation>
          <Correlation label1="3y" label2="6m">0.65</Correlation>
          <Correlation label1="3y" label2="1y">0.88</Correlation>
          <Correlation label1="3y" label2="2y">0.98</Correlation>
          <Correlation label1="3y" label2="5y">0.96</Correlation>
          <Correlation label1="3y" label2="10y">0.87</Correlation>
          <Correlation label1="3y" label2="15y">0.83</Correlation>
          <Correlation label1="3y" label2="20y">0.8</Correlation>
          <Correlation label1="3y" label2="30y">0.76</Correlation>
          <Correlation label1="5y" label2="2w">0.11</Correlation>
          <Correlation label1="5y" label2="1m">0.26</Correlation>
          <Correlation label1="5y" label2="3m">0.37</Correlation>
          <Correlation label1="5y" label2="6m">0.56</Correlation>
          <Correlation label1="5y" label2="1y">0.78</Correlation>
          <Correlation label1="5y" label2="2y">0.91</Correlation>
          <Correlation label1="5y" label2="3y">0.96</Correlation>
          <Correlation label1="5y" label2="10y">0.95</Correlation>
          <Correlation label1="5y" label2="15y">0.92</Correlation>
          <Correlation label1="5y" label2="20y">0.89</Correlation>
          <Correlation label1="5y" label2="30y">0.86</Correlation>
          <Correlation label1="10y" label2="2w">0.06</Correlation>
          <Correlation label1="10y" label2="1m">0.2</Correlation>
          <Correlation label1="10y" label2="3m">0.29</Correlation>
          <Correlation label1="10y" label2="6m">0.46</Correlation>
          <Correlation label1="10y" label2="1y">0.66</Correlation>
          <Correlation label1="10y" label2="2y">0.81</Correlation>
          <Correlation label1="10y" label2="3y">0.87</Correlation>
          <Correlation label1="10y" label2="5y">0.95</Correlation>
          <Correlation label1="10y" label2="15y">0.98</Correlation>
          <Correlation label1="10y" label2="20y">0.97</Correlation>
          <Correlation label1="10y" label2="30y">0.95</Correlation>
          <Correlation label1="15y" label2="2w">0.01</Correlation>
          <Correlation label1="15y" label2="1m">0.14</Correlation>
          <Correlation label1="15y" label2="3m">0.22</Correlation>
          <Correlation label1="15y" label2="6m">0.38</Correlation>
          <Correlation label1="15y" label2="1y">0.6</Correlation>
          <Correlation label1="15y" label2="2y">0.75</Correlation>
          <Correlation label1="15y" label2="3y">0.83</Correlation>
          <Correlation label1="15y" label2="5y">0.92</Correlation>
          <Correlation label1="15y" label2="10y">0.98</Correlation>
          <Correlation label1="15y" label2="20y">0.99</Correlation>
          <Correlation label1="15y" label2="30y">0.98</Correlation>
          <Correlation label1="20y" label2="2w">0</Correlation>
          <Correlation label1="20y" label2="1m">0.11</Correlation>
          <Correlation label1="20y" label2="3m">0.19</Correlation>
          <Correlation label1="20y" label2="6m">0.34</Correlation>
          <Correlation label1="20y" label2="1y">0.56</Correlation>
          <Correlation label1="20y" label2="2y">0.72</Correlation>
          <Correlation label1="20y" label2="3y">0.8</Correlation>
          <Correlation label1="20y" label2="5y">0.89</Correlation>
          <Correlation label1="20y" label2="10y">0.97</Correlation>
          <Correlation label1="20y" label2="15y">0.99</Correlation>
          <Correlation label1="20y" label2="30y">0.99</Correlation>
          <Correlation label1="30y" label2="2w">-0.02</Correlation>
          <Correlation label1="30y" label2="1m">0.09</Correlation>
          <Correlation label1="30y" label2="3m">0.16</Correlation>
          <Correlation label1="30y" label2="6m">0.3</Correlation>
          <Correlation label1="30y" label2="1y">0.52</Correlation>
          <Correlation label1="30y" label2="2y">0.68</Correlation>
          <Correlation label1="30y" label2="3y">0.76</Correlation>
          <Correlation label1="30y" label2="5y">0.86</Correlation>
          <Correlation label1="30y" label2="10y">0.95</Correlation>
          <Correlation label1="30y" label2="15y">0.98</Correlation>
          <Correlation label1="30y" label2="20y">0.99</Correlation>
        </IntraBucket>
        <SubCurves>0.985</SubCurves>
        <Inflation>0.39</Inflation>
        <XCcyBasis>0.13</XCcyBasis>
        <Outer>0.22</Outer>
      </Correlations>
      <ConcentrationThresholds>
        <Delta>
          <Threshold bucket="1">6.9</Threshold>
          <Threshold bucket="2">230</Threshold>
          <Threshold bucket="3">30</Threshold>
          <Threshold bucket="4">150</Threshold>
        </Delta>
        <Vega>
          <Threshold bucket="1">170</Threshold>
          <Threshold bucket="2">2300</Threshold>
          <Threshold bucket="3">190</Threshold>
          <Threshold bucket="4">770</Threshold>
        </Vega>
        <CurrencyLists>
          <Currency bucket="1">Other</Currency>
          <Currency bucket="2">USD</Currency>
          <Currency bucket="2">EUR</Currency>
          <Currency bucket="2">GBP</Currency>
          <Currency bucket="3">AUD</Currency>
          <Currency bucket="3">CAD</Currency>
          <Currency bucket="3">CHF</Currency>
          <Currency bucket="3">DKK</Currency>
          <Currency bucket="3">HKD</Currency>
          <Currency bucket="3">KRW</Currency>
          <Currency bucket="3">NOK</Currency>
          <Currency bucket="3">NZD</Currency>
          <Currency bucket="3">SEK</Currency>
          <Currency bucket="3">SGD</Currency>
          <Currency bucket="3">TWD</Currency>
          <Currency bucket="4">JPY</Currency>
        </CurrencyLists>
      </ConcentrationThresholds>
    </InterestRate>
    <CreditQualifying>
      <RiskWeights>
        <Delta mporDays="10">
          <Weight bucket="1">72</Weight>
          <Weight bucket="2">97</Weight>
          <Weight bucket="3">75</Weight>
          <Weight bucket="4">53</Weight>
          <Weight bucket="5">45</Weight>
          <Weight bucket="6">53</Weight>
          <Weight bucket="7">165</Weight>
          <Weight bucket="8">250</Weight>
          <Weight bucket="9">191</Weight>
          <Weight bucket="10">179</Weight>
          <Weight bucket="11">132</Weight>
          <Weight bucket="12">129</Weight>
          <Weight bucket="Residual">250</Weight>
        </Delta>
        <Vega mporDays="10">
          <Weight>0.39</Weight>
        </Vega>
        <BaseCorrelation mporDays="10">7</BaseCorrelation>
        <Delta mporDays="1">
          <Weight bucket="1">16</Weight>
          <Weight bucket="2">21</Weight>
          <Weight bucket="3">15</Weight>
          <Weight bucket="4">11</Weight>
          <Weight bucket="5">10</Weight>
          <Weight bucket="6">12</Weight>
          <Weight bucket="7">37</Weight>
          <Weight bucket="8">42</Weight>
          <Weight bucket="9">31</Weight>
          <Weight bucket="10">33</Weight>
          <Weight bucket="11">29</Weight>
          <Weight bucket="12">27</Weight>
          <Weight bucket="Residual">42</Weight>
        </Delta>
        <Vega mporDays="1">
          <Weight>0.084</Weight>
        </Vega>
        <BaseCorrelation mporDays="1">1.5</BaseCorrelation>
      </RiskWeights>
      <Correlations>
        <IntraBucket>
          <Correlation label1="aggregate" label2="same">0.95</Correlation>
          <Correlation label1="aggregate" label2="different">0.41</Correlation>
          <Correlation label1="residual" label2="same">0.5</Correlation>
          <Correlation label1="residual" label2="different">0.5</Correlation>
        </IntraBucket>
        <InterBucket>
          <Correlation label1="1" label2="2">0.43</Correlation>
          <Correlation label1="1" label2="3">0.42</Correlation>
          <Correlation label1="1" label2="4">0.41</Correlation>
          <Correlation label1="1" label2="5">0.43</Correlation>
          <Correlation label1="1" label2="6">0.39</Correlation>
          <Correlation label1="1" label2="7">0.4</Correlation>
          <Correlation label1="1" label2="8">0.35</Correlation>
          <Correlation label1="1" label2="9">0.37</Correlation>
          <Correlation label1="1" label2="10">0.37</Correlation>
          <Correlation label1="1" label2="11">0.37</Correlation>
          <Correlation label1="1" label2="12">0.32</Correlation>
          <Correlation label1="2" label2="1">0.43</Correlation>
          <Correlation label1="2" label2="3">0.46</Correlation>
          <Correlation label1="2" label2="4">0.46</Correlation>
          <Correlation label1="2" label2="5">0.47</Correlation>
          <Correlation label1="2" label2="6">0.44</Correlation>
          <Correlation label1="2" label2="7">0.34</Correlation>
          <Correlation label1="2" label2="8">0.39</Correlation>
          <Correlation label1="2" label2="9">0.41</Correlation>
          <Correlation label1="2" label2="10">0.41</Correlation>
          <Correlation label1="2" label2="11">0.41</Correlation>
          <Correlation label1="2" label2="12">0.35</Correlation>
          <Correlation label1="3" label2="1">0.42</Correlation>
          <Correlation label1="3" label2="2">0.46</Correlation>
          <Correlation label1="3" label2="4">0.47</Correlation>
          <Correlation label1="3" label2="5">0.48</Correlation>
          <Correlation label1="3" label2="6">0.45</Correlation>
          <Correlation label1="3" label2="7">0.34</Correlation>
          <Correlation label1="3" label2="8">0.38</Correlation>
          <Correlation label1="3" label2="9">0.42</Correlation>
          <Correlation label1="3" label2="10">0.42</Correlation>
          <Correlation label1="3" label2="11">0.41</Correlation>
          <Correlation label1="3" label2="12">0.36</Correlation>
          <Correlation label1="4" label2="1">0.41</Correlation>
          <Correlation label1="4" label2="2">0.46</Correlation>
          <Correlation label1="4" label2="3">0.47</Correlation>
          <Correlation label1="4" label2="5">0.48</Correlation>
          <Correlation label1="4" label2="6">0.45</Correlation>
          <Correlation label1="4" label2="7">0.34</Correlation>
          <Correlation label1="4" label2="8">0.37</Correlation>
          <Correlation label1="4" label2="9">0.4</Correlation>
          <Correlation label1="4" label2="10">0.42</Correlation>
          <Correlation label1="4" label2="11">0.41</Correlation>
          <Correlation label1="4" label2="12">0.35</Correlation>
          <Correlation label1="5" label2="1">0.43</Correlation>
          <Correlation label1="5" label2="2">0.47</Correlation>
          <Correlation label1="5" label2="3">0.48</Correlation>
          <Correlation label1="5" label2="4">0.48</Correlation>
          <Correlation label1="5" label2="6">0.47</Correlation>
          <Correlation label1="5" label2="7">0.34</Correlation>
          <Correlation label1="5" label2="8">0.37</Correlation>
          <Correlation label1="5" label2="9">0.4</Correlation>
          <Correlation label1="5" label2="10">0.42</Correlation>
          <Correlation label1="5" label2="11">0.43</Correlation>
          <Correlation label1="5" label2="12">0.36</Correlation>
          <Correlation label1="6" label2="1">0.39</Correlation>
          <Correlation label1="6" label2="2">0.44</Correlation>
          <Correlation label1="6" label2="3">0.45</Correlation>
          <Correlation label1="6" label2="4">0.45</Correlation>
          <Correlation label1="6" label2="5">0.47</Correlation>
          <Correlation label1="6" label2="7">0.32</Correlation>
          <Correlation label1="6" label2="8">0.35</Correlation>
          <Correlation label1="6" label2="9">0.38</Correlation>
          <Correlation label1="6" label2="10">0.39</Correlation>
          <Correlation label1="6" label2="11">0.39</Correlation>
          <Correlation label1="6" label2="12">0.34</Correlation>
          <Correlation label1="7" label2="1">0.4</Correlation>
          <Correlation label1="7" label2="2">0.34</Correlation>
          <Correlation label1="7" label2="3">0.34</Correlation>
          <Correlation label1="7" label2="4">0.34</Correlation>
          <Correlation label1="7" label2="5">0.34</Correlation>
          <Correlation label1="7" label2="6">0.32</Correlation>
          <Correlation label1="7" label2="8">0.26</Correlation>
          <Correlation label1="7" label2="9">0.31</Correlation>
          <Correlation label1="7" label2="10">0.3</Correlation>
          <Correlation label1="7" label2="11">0.29</Correlation>
          <Correlation label1="7" label2="12">0.26</Correlation>
          <Correlation label1="8" label2="1">0.35</Correlation>
          <Correlation label1="8" label2="2">0.39</Correlation>
          <Correlation label1="8" label2="3">0.38</Correlation>
          <Correlation label1="8" label2="4">0.37</Correlation>
          <Correlation label1="8" label2="5">0.37</Correlation>
          <Correlation label1="8" label2="6">0.35</Correlation>
          <Correlation label1="8" label2="7">0.26</Correlation>
          <Correlation label1="8" label2="9">0.34</Correlation>
          <Correlation label1="8" label2="10">0.33</Correlation>
          <Correlation label1="8" label2="11">0.33</Correlation>
          <Correlation label1="8" label2="12">0.3</Correlation>
          <Correlation label1="9" label2="1">0.37</Correlation>
          <Correlation label1="9" label2="2">0.41</Correlation>
          <Correlation label1="9" label2="3">0.42</Correlation>
          <Correlation label1="9" label2="4">0.4</Correlation>
          <Correlation label1="9" label2="5">0.4</Correlation>
          <Correlation label1="9" label2="6">0.38</Correlation>
          <Correlation label1="9" label2="7">0.31</Correlation>
          <Correlation label1="9" label2="8">0.34</Correlation>
          <Correlation label1="9" label2="10">0.37</Correlation>
          <Correlation label1="9" label2="11">0.36</Correlation>
          <Correlation label1="9" label2="12">0.33</Correlation>
          <Correlation label1="10" label2="1">0.37</Correlation>
          <Correlation label1="10" label2="2">0.41</Correlation>
          <Correlation label1="10" label2="3">0.42</Correlation>
          <Correlation label1="10" label2="4">0.42</Correlation>
          <Correlation label1="10" label2="5">0.42</Correlation>
          <Correlation label1="10" label2="6">0.39</Correlation>
          <Correlation label1="10" label2="7">0.3</Correlation>
          <Correlation label1="10" label2="8">0.33</Correlation>
          <Correlation label1="10" label2="9">0.37</Correlation>
          <Correlation label1="10" label2="11">0.38</Correlation>
          <Correlation label1="10" label2="12">0.32</Correlation>
          <Correlation label1="11" label2="1">0.37</Correlation>
          <Correlation label1="11" label2="2">0.41</Correlation>
          <Correlation label1="11" label2="3">0.41</Correlation>
          <Correlation label1="11" label2="4">0.41</Correlation>
          <Correlation label1="11" label2="5">0.43</Correlation>
          <Correlation label1="11" label2="6">0.39</Correlation>
          <Correlation label1="11" label2="7">0.29</Correlation>
          <Correlation label1="11" label2="8">0.33</Correlation>
          <Correlation label1="11" label2="9">0.36</Correlation>
          <Correlation label1="11" label2="10">0.38</Correlation>
          <Correlation label1="11" label2="12">0.32</Correlation>
          <Correlation label1="12" label2="1">0.32</Correlation>
          <Correlation label1="12" label2="2">0.35</Correlation>
          <Correlation label1="12" label2="3">0.36</Correlation>
          <Correlation label1="12" label2="4">0.35</Correlation>
          <Correlation label1="12" label2="5">0.36</Correlation>
          <Correlation label1="12" label2="6">0.34</Correlation>
          <Correlation label1="12" label2="7">0.26</Correlation>
          <Correlation label1="12" label2="8">0.3</Correlation>
          <Correlation label1="12" label2="9">0.33</Correlation>
          <Correlation label1="12" label2="10">0.32</Correlation>
          <Correlation label1="12" label2="11">0.32</Correlation>
        </InterBucket>
        <BaseCorrelation>0.14</BaseCorrelation>
      </Correlations>
      <ConcentrationThresholds>
        <Delta>
          <Threshold bucket="1">0.94</Threshold>
          <Threshold bucket="2">0.18</Threshold>
          <Threshold bucket="3">0.18</Threshold>
          <Threshold bucket="4">0.18</Threshold>
          <Threshold bucket="5">0.18</Threshold>
          <Threshold bucket="6">0.18</Threshold>
          <Threshold bucket="7">0.94</Threshold>
          <Threshold bucket="8">0.18</Threshold>
          <Threshold bucket="9">0.18</Threshold>
          <Threshold bucket="10">0.18</Threshold>
          <Threshold bucket="11">0.18</Threshold>
          <Threshold bucket="12">0.18</Threshold>
          <Threshold bucket="Residual">0.18</Threshold>
        </Delta>
        <Vega>
          <Threshold>280</Threshold>
        </Vega>
      </ConcentrationThresholds>
    </CreditQualifying>
    <CreditNonQualifying>
      <RiskWeights>
        <Delta mporDays="10">
          <Weight bucket="1">100</Weight>
          <Weight bucket="2">1600</Weight>
          <Weight bucket="Residual">1600</Weight>
        </Delta>
        <Vega mporDays="10">
          <Weight>0.39</Weight>
        </Vega>
        <Delta mporDays="1">
          <Weight bucket="1">20</Weight>
          <Weight bucket="2">320</Weight>
          <Weight bucket="Residual">320</Weight>
        </Delta>
        <Vega mporDays="1">
          <Weight>0.084</Weight>
        </Vega>
      </RiskWeights>
      <Correlations>
        <IntraBucket>
          <Correlation label1="aggregate" label2="same">0.43</Correlation>
          <Correlation label1="aggregate" label2="different">0.15</Correlation>
          <Correlation label1="residual" label2="same">0.5</Correlation>
          <Correlation label1="residual" label2="different">0.5</Correlation>
        </IntraBucket>
        <InterBucket>
          <Correlation label1="1" label2="2">0.17</Correlation>
          <Correlation label1="2" label2="1">0.17</Correlation>
        </InterBucket>
      </Correlations>
      <ConcentrationThresholds>
        <Delta>
          <Threshold bucket="1">9.5</Threshold>
          <Threshold bucket="2">0.5</Threshold>
          <Threshold bucket="Residual">0.5</Threshold>
        </Delta>
        <Vega>
          <Threshold>59</Threshold>
        </Vega>
      </ConcentrationThresholds>
    </CreditNonQualifying>
    <Equity>
      <RiskWeights>
        <Delta mporDays="10">
          <Weight bucket="1">22</Weight>
          <Weight bucket="2">26</Weight>
          <Weight bucket="3">29</Weight>
          <Weight bucket="4">26</Weight>
          <Weight bucket="5">19</Weight>
          <Weight bucket="6">21</Weight>
          <Weight bucket="7">25</Weight>
          <Weight bucket="8">24</Weight>
          <Weight bucket="9">30</Weight>
          <Weight bucket="10">29</Weight>
          <Weight bucket="11">17</Weight>
          <Weight bucket="12">17</Weight>
          <Weight bucket="Residual">30</Weight>
        </Delta>
        <Vega mporDays="10">
          <Weight bucket="1">0.26</Weight>
          <Weight bucket="2">0.26</Weight>
          <Weight bucket="3">0.26</Weight>
          <Weight bucket="4">0.26</Weight>
          <Weight bucket="5">0.26</Weight>
          <Weight bucket="6">0.26</Weight>
          <Weight bucket="7">0.26</Weight>
          <Weight bucket="8">0.26</Weight>
          <Weight bucket="9">0.26</Weight>
          <Weight bucket="10">0.26</Weight>
          <Weight bucket="11">0.26</Weight>
          <Weight bucket="12">0.62</Weight>
          <Weight bucket="Residual">0.26</Weight>
        </Vega>
        <HistoricalVolatilityRatio mporDays="10">0.61</HistoricalVolatilityRatio>
        <Delta mporDays="1">
          <Weight bucket="1">7.6</Weight>
          <Weight bucket="2">8.4</Weight>
          <Weight bucket="3">9.7</Weight>
          <Weight bucket="4">8.4</Weight>
          <Weight bucket="5">6.8</Weight>
          <Weight bucket="6">7.4</Weight>
          <Weight bucket="7">8.7</Weight>
          <Weight bucket="8">8.7</Weight>
          <Weight bucket="9">9.9</Weight>
          <Weight bucket="10">9.6</Weight>
          <Weight bucket="11">7</Weight>
          <Weight bucket="12">7</Weight>
          <Weight bucket="Residual">9.9</Weight>
        </Delta>
        <Vega mporDays="1">
          <Weight bucket="1">0.066</Weight>
          <Weight bucket="2">0.066</Weight>
          <Weight bucket="3">0.066</Weight>
          <Weight bucket="4">0.066</Weight>
          <Weight bucket="5">0.066</Weight>
          <Weight bucket="6">0.066</Weight>
          <Weight bucket="7">0.066</Weight>
          <Weight bucket="8">0.066</Weight>
          <Weight bucket="9">0.066</Weight>
          <Weight bucket="10">0.066</Weight>
          <Weight bucket="11">0.066</Weight>
          <Weight bucket="12">0.21</Weight>
          <Weight bucket="Residual">0.066</Weight>
        </Vega>
        <HistoricalVolatilityRatio mporDays="1">0.55</HistoricalVolatilityRatio>
      </RiskWeights>
      <Correlations>
        <IntraBucket>
          <Correlation bucket="1">0.16</Correlation>
          <Correlation bucket="2">0.21</Correlation>
          <Correlation bucket="3">0.28</Correlation>
          <Correlation bucket="4">0.25</Correlation>
          <Correlation bucket="5">0.2</Correlation>
          <Correlation bucket="6">0.3</Correlation>
          <Correlation bucket="7">0.33</Correlation>
          <Correlation bucket="8">0.31</Correlation>
          <Correlation bucket="9">0.18</Correlation>
          <Correlation bucket="10">0.18</Correlation>
          <Correlation bucket="11">0.4</Correlation>
          <Correlation bucket="12">0.4</Correlation>
          <Correlation bucket="Residual">0</Correlation>
        </IntraBucket>
        <InterBucket>
          <Correlation label1="1" label2="2">0.17</Correlation>
          <Correlation label1="1" label2="3">0.18</Correlation>
          <Correlation label1="1" label2="4">0.19</Correlation>
          <Correlation label1="1" label2="5">0.12</Correlation>
          <Correlation label1="1" label2="6">0.14</Correlation>
          <Correlation label1="1" label2="7">0.15</Correlation>
          <Correlation label1="1" label2="8">0.15</Correlation>
          <Correlation label1="1" label2="9">0.15</Correlation>
          <Correlation label1="1" label2="10">0.12</Correlation>
          <Correlation label1="1" label2="11">0.18</Correlation>
          <Correlation label1="1" label2="12">0.18</Correlation>
          <Correlation label1="2" label2="1">0.17</Correlation>
          <Correlation label1="2" label2="3">0.22</Correlation>
          <Correlation label1="2" label2="4">0.22</Correlation>
          <Correlation label1="2" label2="5">0.14</Correlation>
          <Correlation label1="2" label2="6">0.17</Correlation>
          <Correlation label1="2" label2="7">0.18</Correlation>
          <Correlation label1="2" label2="8">0.18</Correlation>
          <Correlation label1="2" label2="9">0.18</Correlation>
          <Correlation label1="2" label2="10">0.14</Correlation>
          <Correlation label1="2" label2="11">0.22</Correlation>
          <Correlation label1="2" label2="12">0.22</Correlation>
          <Correlation label1="3" label2="1">0.18</Correlation>
          <Correlation label1="3" label2="2">0.22</Correlation>
          <Correlation label1="3" label2="4">0.24</Correlation>
          <Correlation label1="3" label2="5">0.14</Correlation>
          <Correlation label1="3" label2="6">0.2</Correlation>
          <Correlation label1="3" label2="7">0.23</Correlation>
          <Correlation label1="3" label2="8">0.2</Correlation>
          <Correlation label1="3" label2="9">0.19</Correlation>
          <Correlation label1="3" label2="10">0.16</Correlation>
          <Correlation label1="3" label2="11">0.25</Correlation>
          <Correlation label1="3" label2="12">0.25</Correlation>
          <Correlation label1="4" label2="1">0.19</Correlation>
          <Correlation label1="4" label2="2">0.22</Correlation>
          <Correlation label1="4" label2="3">0.24</Correlation>
          <Correlation label1="4" label2="5">0.16</Correlation>
          <Correlation label1="4" label2="6">0.21</Correlation>
          <Correlation label1="4" label2="7">0.21</Correlation>
          <Correlation label1="4" label2="8">0.22</Correlation>
          <Correlation label1="4" label2="9">0.19</Correlation>
          <Correlation label1="4" label2="10">0.16</Correlation>
          <Correlation label1="4" label2="11">0.25</Correlation>
          <Correlation label1="4" label2="12">0.25</Correlation>
          <Correlation label1="5" label2="1">0.12</Correlation>
          <Correlation label1="5" label2="2">0.14</Correlation>
          <Correlation label1="5" label2="3">0.14</Correlation>
          <Correlation label1="5" label2="4">0.16</Correlation>
          <Correlation label1="5" label2="6">0.23</Correlation>
          <Correlation label1="5" label2="7">0.21</Correlation>
          <Correlation label1="5" label2="8">0.24</Correlation>
          <Correlation label1="5" label2="9">0.13</Correlation>
          <Correlation label1="5" label2="10">0.17</Correlation>
          <Correlation label1="5" label2="11">0.26</Correlation>
          <Correlation label1="5" label2="12">0.26</Correlation>
          <Correlation label1="6" label2="1">0.14</Correlation>
          <Correlation label1="6" label2="2">0.17</Correlation>
          <Correlation label1="6" label2="3">0.2</Correlation>
          <Correlation label1="6" label2="4">0.21</Correlation>
          <Correlation label1="6" label2="5">0.23</Correlation>
          <Correlation label1="6" label2="7">0.29</Correlation>
          <Correlation label1="6" label2="8">0.3</Correlation>
          <Correlation label1="6" label2="9">0.16</Correlation>
          <Correlation label1="6" label2="10">0.22</Correlation>
          <Correlation label1="6" label2="11">0.32</Correlation>
          <Correlation label1="6" label2="12">0.32</Correlation>
          <Correlation label1="7" label2="1">0.15</Correlation>
          <Correlation label1="7" label2="2">0.18</Correlation>
          <Correlation label1="7" label2="3">0.23</Correlation>
          <Correlation label1="7" label2="4">0.21</Correlation>
          <Correlation label1="7" label2="5">0.21</Correlation>
          <Correlation label1="7" label2="6">0.29</Correlation>
          <Correlation label1="7" label2="8">0.29</Correlation>
          <Correlation label1="7" label2="9">0.16</Correlation>
          <Correlation label1="7" label2="10">0.22</Correlation>
          <Correlation label1="7" label2="11">0.33</Correlation>
          <Correlation label1="7" label2="12">0.33</Correlation>
          <Correlation label1="8" label2="1">0.15</Correlation>
          <Correlation label1="8" label2="2">0.18</Correlation>
          <Correlation label1="8" label2="3">0.2</Correlation>
          <Correlation label1="8" label2="4">0.22</Correlation>
          <Correlation label1="8" label2="5">0.24</Correlation>
          <Correlation label1="8" label2="6">0.3</Correlation>
          <Correlation label1="8" label2="7">0.29</Correlation>
          <Correlation label1="8" label2="9">0.17</Correlation>
          <Correlation label1="8" label2="10">0.22</Correlation>
          <Correlation label1="8" label2="11">0.33</Correlation>
          <Correlation label1="8" label2="12">0.33</Correlation>
          <Correlation label1="9" label2="1">0.15</Correlation>
          <Correlation label1="9" label2="2">0.18</Correlation>
          <Correlation label1="9" label2="3">0.19</Correlation>
          <Correlation label1="9" label2="4">0.19</Correlation>
          <Correlation label1="9" label2="5">0.13</Correlation>
          <Correlation label1="9" label2="6">0.16</Correlation>
          <Correlation label1="9" label2="7">0.16</Correlation>
          <Correlation label1="9" label2="8">0.17</Correlation>
          <Correlation label1="9" label2="10">0.13</Correlation>
          <Correlation label1="9" label2="11">0.2</Correlation>
          <Correlation label1="9" label2="12">0.2</Correlation>
          <Correlation label1="10" label2="1">0.12</Correlation>
          <Correlation label1="10" label2="2">0.14</Correlation>
          <Correlation label1="10" label2="3">0.16</Correlation>
          <Correlation label1="10" label2="4">0.16</Correlation>
          <Correlation label1="10" label2="5">0.17</Correlation>
          <Correlation label1="10" label2="6">0.22</Correlation>
          <Correlation label1="10" label2="7">0.22</Correlation>
          <Correlation label1="10" label2="8">0.22</Correlation>
          <Correlation label1="10" label2="9">0.13</Correlation>
          <Correlation label1="10" label2="11">0.23</Correlation>
          <Correlation label1="10" label2="12">0.23</Correlation>
          <Correlation label1="11" label2="1">0.18</Correlation>
          <Correlation label1="11" label2="2">0.22</Correlation>
          <Correlation label1="11" label2="3">0.25</Correlation>
          <Correlation label1="11" label2="4">0.25</Correlation>
          <Correlation label1="11" label2="5">0.26</Correlation>
          <Correlation label1="11" label2="6">0.32</Correlation>
          <Correlation label1="11" label2="7">0.33</Correlation>
          <Correlation label1="11" label2="8">0.33</Correlation>
          <Correlation label1="11" label2="9">0.2</Correlation>
          <Correlation label1="11" label2="10">0.23</Correlation>
          <Correlation label1="11" label2="12">0.4</Correlation>
          <Correlation label1="12" label2="1">0.18</Correlation>
          <Correlation label1="12" label2="2">0.22</Correlation>
          <Correlation label1="12" label2="3">0.25</Correlation>
          <Correlation label1="12" label2="4">0.25</Correlation>
          <Correlation label1="12" label2="5">0.26</Correlation>
          <Correlation label1="12" label2="6">0.32</Correlation>
          <Correlation label1="12" label2="7">0.33</Correlation>
          <Correlation label1="12" label2="8">0.33</Correlation>
          <Correlation label1="12" label2="9">0.2</Correlation>
          <Correlation label1="12" label2="10">0.23</Correlation>
          <Correlation label1="12" label2="11">0.4</Correlation>
        </InterBucket>
      </Correlations>
      <ConcentrationThresholds>
        <Delta>
          <Threshold bucket="1">11</Threshold>
          <Threshold bucket="2">11</Threshold>
          <Threshold bucket="3">11</Threshold>
          <Threshold bucket="4">11</Threshold>
          <Threshold bucket="5">37</Threshold>
          <Threshold bucket="6">37</Threshold>
          <Threshold bucket="7">37</Threshold>
          <Threshold bucket="8">37</Threshold>
          <Threshold bucket="9">5.1</Threshold>
          <Threshold bucket="10">2.4</Threshold>
          <Threshold bucket="11">1800</Threshold>
          <Threshold bucket="12">1800</Threshold>
          <Threshold bucket="Residual">2.4</Threshold>
        </Delta>
        <Vega>
          <Threshold bucket="1">150</Threshold>
          <Threshold bucket="2">150</Threshold>
          <Threshold bucket="3">150</Threshold>
          <Threshold bucket="4">150</Threshold>
          <Threshold bucket="5">1100</Threshold>
          <Threshold bucket="6">1100</Threshold>
          <Threshold bucket="7">1100</Threshold>
          <Threshold bucket="8">1100</Threshold>
          <Threshold bucket="9">40</Threshold>
          <Threshold bucket="10">200</Threshold>
          <Threshold bucket="11">9200</Threshold>
          <Threshold bucket="12">9200</Threshold>
          <Threshold bucket="Residual">40</Threshold>
        </Vega>
      </ConcentrationThresholds>
    </Equity>
    <Commodity>
      <RiskWeights>
        <Delta mporDays="10">
          <Weight bucket="1">19</Weight>
          <Weight bucket="2">20</Weight>
          <Weight bucket="3">16</Weight>
          <Weight bucket="4">19</Weight>
          <Weight bucket="5">24</Weight>
          <Weight bucket="6">24</Weight>
          <Weight bucket="7">28</Weight>
          <Weight bucket="8">42</Weight>
          <Weight bucket="9">28</Weight>
          <Weight bucket="10">53</Weight>
          <Weight bucket="11">20</Weight>
          <Weight bucket="12">19</Weight>
          <Weight bucket="13">15</Weight>
          <Weight bucket="14">16</Weight>
          <Weight bucket="15">11</Weight>
          <Weight bucket="16">53</Weight>
          <Weight bucket="17">16</Weight>
        </Delta>
        <Vega mporDays="10">
          <Weight>0.35</Weight>
        </Vega>
        <HistoricalVolatilityRatio mporDays="10">0.78</HistoricalVolatilityRatio>
        <Delta mporDays="1">
          <Weight bucket="1">5.6</Weight>
          <Weight bucket="2">8.2</Weight>
          <Weight bucket="3">5.8</Weight>
          <Weight bucket="4">6.4</Weight>
          <Weight bucket="5">10</Weight>
          <Weight bucket="6">9.1</Weight>
          <Weight bucket="7">8</Weight>
          <Weight bucket="8">12.3</Weight>
          <Weight bucket="9">6.9</Weight>
          <Weight bucket="10">12.4</Weight>
          <Weight bucket="11">6.4</Weight>
          <Weight bucket="12">5.7</Weight>
          <Weight bucket="13">5</Weight>
          <Weight bucket="14">4.8</Weight>
          <Weight bucket="15">3.9</Weight>
          <Weight bucket="16">12.4</Weight>
          <Weight bucket="17">4.7</Weight>
        </Delta>
        <Vega mporDays="1">
          <Weight>0.09</Weight>
        </Vega>
        <HistoricalVolatilityRatio mporDays="1">0.69</HistoricalVolatilityRatio>
      </RiskWeights>
      <Correlations>
        <IntraBucket>
          <Correlation bucket="1">0.28</Correlation>
          <Correlation bucket="2">0.98</Correlation>
          <Correlation bucket="3">0.92</Correlation>
          <Correlation bucket="4">0.97</Correlation>
          <Correlation bucket="5">0.99</Correlation>
          <Correlation bucket="6">0.74</Correlation>
          <Correlation bucket="7">0.87</Correlation>
          <Correlation bucket="8">0.35</Correlation>
          <Correlation bucket="9">0.69</Correlation>
          <Correlation bucket="10">0.14</Correlation>
          <Correlation bucket="11">0.53</Correlation>
          <Correlation bucket="12">0.63</Correlation>
          <Correlation bucket="13">0.61</Correlation>
          <Correlation bucket="14">0.18</Correlation>
          <Correlation bucket="15">0.15</Correlation>
          <Correlation bucket="16">0</Correlation>
          <Correlation bucket="17">0.36</Correlation>
        </IntraBucket>
        <InterBucket>
          <Correlation label1="1" label2="2">0.15</Correlation>
          <Correlation label1="1" label2="3">0.13</Correlation>
          <Correlation label1="1" label2="4">0.17</Correlation>
          <Correlation label1="1" label2="5">0.16</Correlation>
          <Correlation label1="1" label2="6">0.02</Correlation>
          <Correlation label1="1" label2="7">0.19</Correlation>
          <Correlation label1="1" label2="8">-0.02</Correlation>
          <Correlation label1="1" label2="9">0.19</Correlation>
          <Correlation label1="1" label2="10">0.01</Correlation>
          <Correlation label1="1" label2="11">0.12</Correlation>
          <Correlation label1="1" label2="12">0.12</Correlation>
          <Correlation label1="1" label2="13">-0.01</Correlation>
          <Correlation label1="1" label2="14">0.11</Correlation>
          <Correlation label1="1" label2="15">0.02</Correlation>
          <Correlation label1="1" label2="16">0</Correlation>
          <Correlation label1="1" label2="17">0.09</Correlation>
          <Correlation label1="2" label2="1">0.15</Correlation>
          <Correlation label1="2" label2="3">0.93</Correlation>
          <Correlation label1="2" label2="4">0.95</Correlation>
          <Correlation label1="2" label2="5">0.93</Correlation>
          <Correlation label1="2" label2="6">0.23</Correlation>
          <Correlation label1="2" label2="7">0.2</Correlation>
          <Correlation label1="2" label2="8">0.2</Correlation>
          <Correlation label1="2" label2="9">0.2</Correlation>
          <Correlation label1="2" label2="10">0.06</Correlation>
          <Correlation label1="2" label2="11">0.36</Correlation>
          <Correlation label1="2" label2="12">0.23</Correlation>
          <Correlation label1="2" label2="13">0.3</Correlation>
          <Correlation label1="2" label2="14">0.28</Correlation>
          <Correlation label1="2" label2="15">0.1</Correlation>
          <Correlation label1="2" label2="16">0</Correlation>
          <Correlation label1="2" label2="17">0.63</Correlation>
          <Correlation label1="3" label2="1">0.13</Correlation>
          <Correlation label1="3" label2="2">0.93</Correlation>
          <Correlation label1="3" label2="4">0.9</Correlation>
          <Correlation label1="3" label2="5">0.89</Correlation>
          <Correlation label1="3" label2="6">0.15</Correlation>
          <Correlation label1="3" label2="7">0.18</Correlation>
          <Correlation label1="3" label2="8">0.13</Correlation>
          <Correlation label1="3" label2="9">0.14</Correlation>
          <Correlation label1="3" label2="10">0.02</Correlation>
          <Correlation label1="3" label2="11">0.22</Correlation>
          <Correlation label1="3" label2="12">0.08</Correlation>
          <Correlation label1="3" label2="13">0.21</Correlation>
          <Correlation label1="3" label2="14">0.13</Correlation>
          <Correlation label1="3" label2="15">0.02</Correlation>
          <Correlation label1="3" label2="16">0</Correlation>
          <Correlation label1="3" label2="17">0.58</Correlation>
          <Correlation label1="4" label2="1">0.17</Correlation>
          <Correlation label1="4" label2="2">0.95</Correlation>
          <Correlation label1="4" label2="3">0.9</Correlation>
          <Correlation label1="4" label2="5">0.9</Correlation>
          <Correlation label1="4" label2="6">0.18</Correlation>
          <Correlation label1="4" label2="7">0.22</Correlation>
          <Correlation label1="4" label2="8">0.16</Correlation>
          <Correlation label1="4" label2="9">0.2</Correlation>
          <Correlation label1="4" label2="10">0</Correlation>
          <Correlation label1="4" label2="11">0.35</Correlation>
          <Correlation label1="4" label2="12">0.18</Correlation>
          <Correlation label1="4" label2="13">0.27</Correlation>
          <Correlation label1="4" label2="14">0.25</Correlation>
          <Correlation label1="4" label2="15">0.05</Correlation>
          <Correlation label1="4" label2="16">0</Correlation>
          <Correlation label1="4" label2="17">0.6</Correlation>
          <Correlation label1="5" label2="1">0.16</Correlation>
          <Correlation label1="5" label2="2">0.93</Correlation>
          <Correlation label1="5" label2="3">0.89</Correlation>
          <Correlation label1="5" label2="4">0.9</Correlation>
          <Correlation label1="5" label2="6">0.23</Correlation>
          <Correlation label1="5" label2="7">0.21</Correlation>
          <Correlation label1="5" label2="8">0.2</Correlation>
          <Correlation label1="5" label2="9">0.19</Correlation>
          <Correlation label1="5" label2="10">0.09</Correlation>
          <Correlation label1="5" label2="11">0.38</Correlation>
          <Correlation label1="5" label2="12">0.25</Correlation>
          <Correlation label1="5" label2="13">0.33</Correlation>
          <Correlation label1="5" label2="14">0.27</Correlation>
          <Correlation label1="5" label2="15">0.09</Correlation>
          <Correlation label1="5" label2="16">0</Correlation>
          <Correlation label1="5" label2="17">0.62</Correlation>
          <Correlation label1="6" label2="1">0.02</Correlation>
          <Correlation label1="6" label2="2">0.23</Correlation>
          <Correlation label1="6" label2="3">0.15</Correlation>
          <Correlation label1="6" label2="4">0.18</Correlation>
          <Correlation label1="6" label2="5">0.23</Correlation>
          <Correlation label1="6" label2="7">0.18</Correlation>
          <Correlation label1="6" label2="8">0.63</Correlation>
          <Correlation label1="6" label2="9">0.16</Correlation>
          <Correlation label1="6" label2="10">0.02</Correlation>
          <Correlation label1="6" label2="11">0.13</Correlation>
          <Correlation label1="6" label2="12">-0.02</Correlation>
          <Correlation label1="6" label2="13">0.18</Correlation>
          <Correlation label1="6" label2="14">0.1</Correlation>
          <Correlation label1="6" label2="15">-0.03</Correlation>
          <Correlation label1="6" label2="16">0</Correlation>
          <Correlation label1="6" label2="17">0.27</Correlation>
          <Correlation label1="7" label2="1">0.19</Correlation>
          <Correlation label1="7" label2="2">0.2</Correlation>
          <Correlation label1="7" label2="3">0.18</Correlation>
          <Correlation label1="7" label2="4">0.22</Correlation>
          <Correlation label1="7" label2="5">0.21</Correlation>
          <Correlation label1="7" label2="6">0.18</Correlation>
          <Correlation label1="7" label2="8">0.08</Correlation>
          <Correlation label1="7" label2="9">0.62</Correlation>
          <Correlation label1="7" label2="10">0.11</Correlation>
          <Correlation label1="7" label2="11">0.11</Correlation>
          <Correlation label1="7" label2="12">0.01</Correlation>
          <Correlation label1="7" label2="13">0.07</Correlation>
          <Correlation label1="7" label2="14">0.1</Correlation>
          <Correlation label1="7" label2="15">0.02</Correlation>
          <Correlation label1="7" label2="16">0</Correlation>
          <Correlation label1="7" label2="17">0.15</Correlation>
          <Correlation label1="8" label2="1">-0.02</Correlation>
          <Correlation label1="8" label2="2">0.2</Correlation>
          <Correlation label1="8" label2="3">0.13</Correlation>
          <Correlation label1="8" label2="4">0.16</Correlation>
          <Correlation label1="8" label2="5">0.2</Correlation>
          <Correlation label1="8" label2="6">0.63</Correlation>
          <Correlation label1="8" label2="7">0.08</Correlation>
          <Correlation label1="8" label2="9">0.16</Correlation>
          <Correlation label1="8" label2="10">-0.04</Correlation>
          <Correlation label1="8" label2="11">0.09</Correlation>
          <Correlation label1="8" label2="12">0.02</Correlation>
          <Correlation label1="8" label2="13">0.1</Correlation>
          <Correlation label1="8" label2="14">0.06</Correlation>
          <Correlation label1="8" label2="15">0.03</Correlation>
          <Correlation label1="8" label2="16">0</Correlation>
          <Correlation label1="8" label2="17">0.2</Correlation>
          <Correlation label1="9" label2="1">0.19</Correlation>
          <Correlation label1="9" label2="2">0.2</Correlation>
          <Correlation label1="9" label2="3">0.14</Correlation>
          <Correlation label1="9" label2="4">0.2</Correlation>
          <Correlation label1="9" label2="5">0.19</Correlation>
          <Correlation label1="9" label2="6">0.16</Correlation>
          <Correlation label1="9" label2="7">0.62</Correlation>
          <Correlation label1="9" label2="8">0.16</Correlation>
          <Correlation label1="9" label2="10">0.01</Correlation>
          <Correlation label1="9" label2="11">0.11</Correlation>
          <Correlation label1="9" label2="12">0</Correlation>
          <Correlation label1="9" label2="13">0.1</Correlation>
          <Correlation label1="9" label2="14">0.09</Correlation>
          <Correlation label1="9" label2="15">0.05</Correlation>
          <Correlation label1="9" label2="16">0</Correlation>
          <Correlation label1="9" label2="17">0.13</Correlation>
          <Correlation label1="10" label2="1">0.01</Correlation>
          <Correlation label1="10" label2="2">0.06</Correlation>
          <Correlation label1="10" label2="3">0.02</Correlation>
          <Correlation label1="10" label2="4">0</Correlation>
          <Correlation label1="10" label2="5">0.09</Correlation>
          <Correlation label1="10" label2="6">0.02</Correlation>
          <Correlation label1="10" label2="7">0.11</Correlation>
          <Correlation label1="10" label2="8">-0.04</Correlation>
          <Correlation label1="10" label2="9">0.01</Correlation>
          <Correlation label1="10" label2="11">0.07</Correlation>
          <Correlation label1="10" label2="12">0.05</Correlation>
          <Correlation label1="10" label2="13">0.07</Correlation>
          <Correlation label1="10" label2="14">0.07</Correlation>
          <Correlation label1="10" label2="15">0.01</Correlation>
          <Correlation label1="10" label2="16">0</Correlation>
          <Correlation label1="10" label2="17">0.01</Correlation>
          <Correlation label1="11" label2="1">0.12</Correlation>
          <Correlation label1="11" label2="2">0.36</Correlation>
          <Correlation label1="11" label2="3">0.22</Correlation>
          <Correlation label1="11" label2="4">0.35</Correlation>
          <Correlation label1="11" label2="5">0.38</Correlation>
          <Correlation label1="11" label2="6">0.13</Correlation>
          <Correlation label1="11" label2="7">0.11</Correlation>
          <Correlation label1="11" label2="8">0.09</Correlation>
          <Correlation label1="11" label2="9">0.11</Correlation>
          <Correlation label1="11" label2="10">0.07</Correlation>
          <Correlation label1="11" label2="12">0.35</Correlation>
          <Correlation label1="11" label2="13">0.21</Correlation>
          <Correlation label1="11" label2="14">0.2</Correlation>
          <Correlation label1="11" label2="15">0.1</Correlation>
          <Correlation label1="11" label2="16">0</Correlation>
          <Correlation label1="11" label2="17">0.31</Correlation>
          <Correlation label1="12" label2="1">0.12</Correlation>
          <Correlation label1="12" label2="2">0.23</Correlation>
          <Correlation label1="12" label2="3">0.08</Correlation>
          <Correlation label1="12" label2="4">0.18</Correlation>
          <Correlation label1="12" label2="5">0.25</Correlation>
          <Correlation label1="12" label2="6">-0.02</Correlation>
          <Correlation label1="12" label2="7">0.01</Correlation>
          <Correlation label1="12" label2="8">0.02</Correlation>
          <Correlation label1="12" label2="9">0</Correlation>
          <Correlation label1="12" label2="10">0.05</Correlation>
          <Correlation label1="12" label2="11">0.35</Correlation>
          <Correlation label1="12" label2="13">0.11</Correlation>
          <Correlation label1="12" label2="14">0.24</Correlation>
          <Correlation label1="12" label2="15">0.05</Correlation>
          <Correlation label1="12" label2="16">0</Correlation>
          <Correlation label1="12" label2="17">0.16</Correlation>
          <Correlation label1="13" label2="1">-0.01</Correlation>
          <Correlation label1="13" label2="2">0.3</Correlation>
          <Correlation label1="13" label2="3">0.21</Correlation>
          <Correlation label1="13" label2="4">0.27</Correlation>
          <Correlation label1="13" label2="5">0.33</Correlation>
          <Correlation label1="13" label2="6">0.18</Correlation>
          <Correlation label1="13" label2="7">0.07</Correlation>
          <Correlation label1="13" label2="8">0.1</Correlation>
          <Correlation label1="13" label2="9">0.1</Correlation>
          <Correlation label1="13" label2="10">0.07</Correlation>
          <Correlation label1="13" label2="11">0.21</Correlation>
          <Correlation label1="13" label2="12">0.11</Correlation>
          <Correlation label1="13" label2="14">0.27</Correlation>
          <Correlation label1="13" label2="15">0.13</Correlation>
          <Correlation label1="13" label2="16">0</Correlation>
          <Correlation label1="13" label2="17">0.35</Correlation>
          <Correlation label1="14" label2="1">0.11</Correlation>
          <Correlation label1="14" label2="2">0.28</Correlation>
          <Correlation label1="14" label2="3">0.13</Correlation>
          <Correlation label1="14" label2="4">0.25</Correlation>
          <Correlation label1="14" label2="5">0.27</Correlation>
          <Correlation label1="14" label2="6">0.1</Correlation>
          <Correlation label1="14" label2="7">0.1</Correlation>
          <Correlation label1="14" label2="8">0.06</Correlation>
          <Correlation label1="14" label2="9">0.09</Correlation>
          <Correlation label1="14" label2="10">0.07</Correlation>
          <Correlation label1="14" label2="11">0.2</Correlation>
          <Correlation label1="14" label2="12">0.24</Correlation>
          <Correlation label1="14" label2="13">0.27</Correlation>
          <Correlation label1="14" label2="15">0.08</Correlation>
          <Correlation label1="14" label2="16">0</Correlation>
          <Correlation label1="14" label2="17">0.21</Correlation>
          <Correlation label1="15" label2="1">0.02</Correlation>
          <Correlation label1="15" label2="2">0.1</Correlation>
          <Correlation label1="15" label2="3">0.02</Correlation>
          <Correlation label1="15" label2="4">0.05</Correlation>
          <Correlation label1="15" label2="5">0.09</Correlation>
          <Correlation label1="15" label2="6">-0.03</Correlation>
          <Correlation label1="15" label2="7">0.02</Correlation>
          <Correlation label1="15" label2="8">0.03</Correlation>
          <Correlation label1="15" label2="9">0.05</Correlation>
          <Correlation label1="15" label2="10">0.01</Correlation>
          <Correlation label1="15" label2="11">0.1</Correlation>
          <Correlation label1="15" label2="12">0.05</Correlation>
          <Correlation label1="15" label2="13">0.13</Correlation>
          <Correlation label1="15" label2="14">0.08</Correlation>
          <Correlation label1="15" label2="16">0</Correlation>
          <Correlation label1="15" label2="17">0.12</Correlation>
          <Correlation label1="16" label2="1">0</Correlation>
          <Correlation label1="16" label2="2">0</Correlation>
          <Correlation label1="16" label2="3">0</Correlation>
          <Correlation label1="16" label2="4">0</Correlation>
          <Correlation label1="16" label2="5">0</Correlation>
          <Correlation label1="16" label2="6">0</Correlation>
          <Correlation label1="16" label2="7">0</Correlation>
          <Correlation label1="16" label2="8">0</Correlation>
          <Correlation label1="16" label2="9">0</Correlation>
          <Correlation label1="16" label2="10">0</Correlation>
          <Correlation label1="16" label2="11">0</Correlation>
          <Correlation label1="16" label2="12">0</Correlation>
          <Correlation label1="16" label2="13">0</Correlation>
          <Correlation label1="16" label2="14">0</Correlation>
          <Correlation label1="16" label2="15">0</Correlation>
          <Correlation label1="16" label2="17">0</Correlation>
          <Correlation label1="17" label2="1">0.09</Correlation>
          <Correlation label1="17" label2="2">0.63</Correlation>
          <Correlation label1="17" label2="3">0.58</Correlation>
          <Correlation label1="17" label2="4">0.6</Correlation>
          <Correlation label1="17" label2="5">0.62</Correlation>
          <Correlation label1="17" label2="6">0.27</Correlation>
          <Correlation label1="17" label2="7">0.15</Correlation>
          <Correlation label1="17" label2="8">0.2</Correlation>
          <Correlation label1="17" label2="9">0.13</Correlation>
          <Correlation label1="17" label2="10">0.01</Correlation>
          <Correlation label1="17" label2="11">0.31</Correlation>
          <Correlation label1="17" label2="12">0.16</Correlation>
          <Correlation label1="17" label2="13">0.35</Correlation>
          <Correlation label1="17" label2="14">0.21</Correlation>
          <Correlation label1="17" label2="15">0.12</Correlation>
          <Correlation label1="17" label2="16">0</Correlation>
        </InterBucket>
      </Correlations>
      <ConcentrationThresholds>
        <Delta>
          <Threshold bucket="1">250</Threshold>
          <Threshold bucket="2">2300</Threshold>
          <Threshold bucket="3">1600</Threshold>
          <Threshold bucket="4">1600</Threshold>
          <Threshold bucket="5">1600</Threshold>
          <Threshold bucket="6">2200</Threshold>
          <Threshold bucket="7">2200</Threshold>
          <Threshold bucket="8">2200</Threshold>
          <Threshold bucket="9">2200</Threshold>
          <Threshold bucket="10">51</Threshold>
          <Threshold bucket="11">370</Threshold>
          <Threshold bucket="12">870</Threshold>
          <Threshold bucket="13">27</Threshold>
          <Threshold bucket="14">27</Threshold>
          <Threshold bucket="15">27</Threshold>
          <Threshold bucket="16">27</Threshold>
          <Threshold bucket="17">4100</Threshold>
        </Delta>
        <Vega>
          <Threshold bucket="1">290</Threshold>
          <Threshold bucket="2">1500</Threshold>
          <Threshold bucket="3">230</Threshold>
          <Threshold bucket="4">230</Threshold>
          <Threshold bucket="5">230</Threshold>
          <Threshold bucket="6">2600</Threshold>
          <Threshold bucket="7">2600</Threshold>
          <Threshold bucket="8">900</Threshold>
          <Threshold bucket="9">900</Threshold>
          <Threshold bucket="10">100</Threshold>
          <Threshold bucket="11">390</Threshold>
          <Threshold bucket="12">600</Threshold>
          <Threshold bucket="13">680</Threshold>
          <Threshold bucket="14">680</Threshold>
          <Threshold bucket="15">680</Threshold>
          <Threshold bucket="16">100</Threshold>
          <Threshold bucket="17">270</Threshold>
        </Vega>
      </ConcentrationThresholds>
    </Commodity>
    <FX>
      <RiskWeights>
        <Delta mporDays="10">
          <Weight label1="1" label2="1">10.28</Weight>
          <Weight label1="1" label2="2">10.28</Weight>
          <Weight label1="2" label2="1">10.28</Weight>
          <Weight label1="2" label2="2">7.57</Weight>
        </Delta>
        <Vega mporDays="10">
          <Weight>0.3</Weight>
        </Vega>
        <HistoricalVolatilityRatio mporDays="10">0.65</HistoricalVolatilityRatio>
        <Delta mporDays="1">
          <Weight label1="1" label2="1">3.04</Weight>
          <Weight label1="1" label2="2">3.04</Weight>
          <Weight label1="2" label2="1">3.04</Weight>
          <Weight label1="2" label2="2">1.85</Weight>
        </Delta>
        <Vega mporDays="1">
          <Weight>0.078</Weight>
        </Vega>
        <HistoricalVolatilityRatio mporDays="1">0.82</HistoricalVolatilityRatio>
        <CurrencyLists>
          <Currency bucket="1">BRL</Currency>
          <Currency bucket="2">Other</Currency>
        </CurrencyLists>
      </RiskWeights>
      <Correlations>
        <IntraBucket>
          <Correlation bucket="2" label1="1" label2="1">0.5</Correlation>
          <Correlation bucket="2" label1="1" label2="2">0.368</Correlation>
          <Correlation bucket="2" label1="2" label2="1">0.368</Correlation>
          <Correlation bucket="2" label1="2" label2="2">0.5</Correlation>
          <Correlation bucket="1" label1="1" label2="1">0.5</Correlation>
          <Correlation bucket="1" label1="1" label2="2">0.5</Correlation>
          <Correlation bucket="1" label1="2" label2="1">0.5</Correlation>
          <Correlation bucket="1" label1="2" label2="2">0.729</Correlation>
        </IntraBucket>
        <Volatility>0.5</Volatility>
      </Correlations>
      <ConcentrationThresholds>
        <Delta>
          <Threshold bucket="1">9100</Threshold>
          <Threshold bucket="2">1600</Threshold>
          <Threshold bucket="3">290</Threshold>
        </Delta>
        <Vega>
          <Threshold bucket="1">3700</Threshold>
          <Threshold bucket="2">1900</Threshold>
          <Threshold bucket="3">640</Threshold>
          <Threshold bucket="4">570</Threshold>
          <Threshold bucket="5">390</Threshold>
          <Threshold bucket="6">220</Threshold>
        </Vega>
        <CurrencyLists>
          <Currency bucket="1">USD</Currency>
          <Currency bucket="1">EUR</Currency>
          <Currency bucket="1">JPY</Currency>
          <Currency bucket="1">GBP</Currency>
          <Currency bucket="1">AUD</Currency>
          <Currency bucket="1">CHF</Currency>
          <Currency bucket="1">CAD</Currency>
          <Currency bucket="2">BRL</Currency>
          <Currency bucket="2">CNY</Currency>
          <Currency bucket="2">HKD</Currency>
          <Currency bucket="2">INR</Currency>
          <Currency bucket="2">KRW</Currency>
          <Currency bucket="2">MXN</Currency>
          <Currency bucket="2">NOK</Currency>
          <Currency bucket="2">NZD</Currency>
          <Currency bucket="2">RUB</Currency>
          <Currency bucket="2">SEK</Currency>
          <Currency bucket="2">SGD</Currency>
          <Currency bucket="2">TRY</Currency>
          <Currency bucket="2">ZAR</Currency>
          <Currency bucket="3">Other</Currency>
        </CurrencyLists>
      </ConcentrationThresholds>
    </FX>
    <RiskClassCorrelations>
      <Correlation label1="InterestRate" label2="FX">0.14</Correlation>
      <Correlation label1="InterestRate" label2="Equity">0.29</Correlation>
      <Correlation label1="InterestRate" label2="CreditQualifying">0.27</Correlation>
      <Correlation label1="InterestRate" label2="CreditNonQualifying">0.26</Correlation>
      <Correlation label1="InterestRate" label2="Commodity">0.31</Correlation>
      <Correlation label1="FX" label2="InterestRate">0.14</Correlation>
      <Correlation label1="FX" label2="Equity">0.25</Correlation>
      <Correlation label1="FX" label2="CreditQualifying">0.25</Correlation>
      <Correlation label1="FX" label2="CreditNonQualifying">0.14</Correlation>
      <Correlation label1="FX" label2="Commodity">0.3</Correlation>
      <Correlation label1="Equity" label2="InterestRate">0.29</Correlation>
      <Correlation label1="Equity" label2="FX">0.25</Correlation>
      <Correlation label1="Equity" label2="CreditQualifying">0.63</Correlation>
      <Correlation label1="Equity" label2="CreditNonQualifying">0.19</Correlation>
      <Correlation label1="Equity" label2="Commodity">0.43</Correlation>
      <Correlation label1="CreditQualifying" label2="InterestRate">0.27</Correlation>
      <Correlation label1="CreditQualifying" label2="FX">0.25</Correlation>
      <Correlation label1="CreditQualifying" label2="Equity">0.63</Correlation>
      <Correlation label1="CreditQualifying" label2="CreditNonQualifying">0.19</Correlation>
      <Correlation label1="CreditQualifying" label2="Commodity">0.42</Correlation>
      <Correlation label1="CreditNonQualifying" label2="InterestRate">0.26</Correlation>
      <Correlation label1="CreditNonQualifying" label2="FX">0.14</Correlation>
      <Correlation label1="CreditNonQualifying" label2="Equity">0.19</Correlation>
      <Correlation label1="CreditNonQualifying" label2="CreditQualifying">0.19</Correlation>
      <Correlation label1="CreditNonQualifying" label2="Commodity">0.2</Correlation>
      <Correlation label1="Commodity" label2="InterestRate">0.31</Correlation>
      <Correlation label1="Commodity" label2="FX">0.3</Correlation>
      <Correlation label1="Commodity" label2="Equity">0.43</Correlation>
      <Correlation label1="Commodity" label2="CreditQualifying">0.42</Correlation>
      <Correlation label1="Commodity" label2="CreditNonQualifying">0.2</Correlation>
    </RiskClassCorrelations>
  </SIMMCalibration>
</SIMMCalibrationData>
