<SIMMCalibrationData>
  <SIMMCalibration id="official">
    <VersionNames>
      <Name>2.4</Name>
      <Name>2.3.8</Name>
      <Name>latest</Name>
    </VersionNames>
    <AdditionalFields>
      <SIMM_EffectiveDate>2021-12-04</SIMM_EffectiveDate>
      <AdditionalStressPeriod_StartDate>2008-09-13</AdditionalStressPeriod_StartDate>
      <AdditionalStressPeriod_EndDate>2009-06-12</AdditionalStressPeriod_EndDate>
      <RecentStressQuarters_Count>1</RecentStressQuarters_Count>
    </AdditionalFields>
    <InterestRate>
      <RiskWeights>
        <Delta mporDays="10">
          <Weight bucket="1" label1="2w">114</Weight>
          <Weight bucket="1" label1="1m">106</Weight>
          <Weight bucket="1" label1="3m">95</Weight>
          <Weight bucket="1" label1="6m">74</Weight>
          <Weight bucket="1" label1="1y">66</Weight>
          <Weight bucket="1" label1="2y">61</Weight>
          <Weight bucket="1" label1="3y">56</Weight>
          <Weight bucket="1" label1="5y">52</Weight>
          <Weight bucket="1" label1="10y">53</Weight>
          <Weight bucket="1" label1="15y">57</Weight>
          <Weight bucket="1" label1="20y">60</Weight>
          <Weight bucket="1" label1="30y">66</Weight>
          <Weight bucket="2" label1="2w">15</Weight>
          <Weight bucket="2" label1="1m">18</Weight>
          <Weight bucket="2" label1="3m">8.6</Weight>
          <Weight bucket="2" label1="6m">11</Weight>
          <Weight bucket="2" label1="1y">13</Weight>
          <Weight bucket="2" label1="2y">15</Weight>
          <Weight bucket="2" label1="3y">18</Weight>
          <Weight bucket="2" label1="5y">20</Weight>
          <Weight bucket="2" label1="10y">19</Weight>
          <Weight bucket="2" label1="15y">19</Weight>
          <Weight bucket="2" label1="20y">20</Weight>
          <Weight bucket="2" label1="30y">23</Weight>
          <Weight bucket="3" label1="2w">101</Weight>
          <Weight bucket="3" label1="1m">91</Weight>
          <Weight bucket="3" label1="3m">78</Weight>
          <Weight bucket="3" label1="6m">80</Weight>
          <Weight bucket="3" label1="1y">90</Weight>
          <Weight bucket="3" label1="2y">89</Weight>
          <Weight bucket="3" label1="3y">94</Weight>
          <Weight bucket="3" label1="5y">94</Weight>
          <Weight bucket="3" label1="10y">92</Weight>
          <Weight bucket="3" label1="15y">101</Weight>
          <Weight bucket="3" label1="20y">104</Weight>
          <Weight bucket="3" label1="30y">102</Weight>
        </Delta>
        <Vega mporDays="10">
          <Weight>0.18</Weight>
        </Vega>
        <HistoricalVolatilityRatio mporDays="10">0.44</HistoricalVolatilityRatio>
        <Inflation mporDays="10">64</Inflation>
        <XCcyBasis mporDays="10">21</XCcyBasis>
        <Delta mporDays="1">
          <Weight bucket="1" label1="2w">18</Weight>
          <Weight bucket="1" label1="1m">15</Weight>
          <Weight bucket="1" label1="3m">12</Weight>
          <Weight bucket="1" label1="6m">12</Weight>
          <Weight bucket="1" label1="1y">13</Weight>
          <Weight bucket="1" label1="2y">15</Weight>
          <Weight bucket="1" label1="3y">16</Weight>
          <Weight bucket="1" label1="5y">16</Weight>
          <Weight bucket="1" label1="10y">16</Weight>
          <Weight bucket="1" label1="15y">17</Weight>
          <Weight bucket="1" label1="20y">16</Weight>
          <Weight bucket="1" label1="30y">17</Weight>
          <Weight bucket="2" label1="2w">1.7</Weight>
          <Weight bucket="2" label1="1m">3.4</Weight>
          <Weight bucket="2" label1="3m">1.6</Weight>
          <Weight bucket="2" label1="6m">2</Weight>
          <Weight bucket="2" label1="1y">3</Weight>
          <Weight bucket="2" label1="2y">4.8</Weight>
          <Weight bucket="2" label1="3y">5.8</Weight>
          <Weight bucket="2" label1="5y">6.8</Weight>
          <Weight bucket="2" label1="10y">6.5</Weight>
          <Weight bucket="2" label1="15y">7</Weight>
          <Weight bucket="2" label1="20y">7.5</Weight>
          <Weight bucket="2" label1="30y">8.3</Weight>
          <Weight bucket="3" label1="2w">36</Weight>
          <Weight bucket="3" label1="1m">27</Weight>
          <Weight bucket="3" label1="3m">16</Weight>
          <Weight bucket="3" label1="6m">19</Weight>
          <Weight bucket="3" label1="1y">23</Weight>
          <Weight bucket="3" label1="2y">23</Weight>
          <Weight bucket="3" label1="3y">32</Weight>
          <Weight bucket="3" label1="5y">31</Weight>
          <Weight bucket="3" label1="10y">32</Weight>
          <Weight bucket="3" label1="15y">30</Weight>
          <Weight bucket="3" label1="20y">32</Weight>
          <Weight bucket="3" label1="30y">27</Weight>
        </Delta>
        <Vega mporDays="1">
          <Weight>0.046</Weight>
        </Vega>
        <HistoricalVolatilityRatio mporDays="1">0.5</HistoricalVolatilityRatio>
        <Inflation mporDays="1">15</Inflation>
        <XCcyBasis mporDays="1">5.6</XCcyBasis>
        <CurrencyLists>
          <Currency bucket="1">USD</Currency>
          <Currency bucket="1">EUR</Currency>
          <Currency bucket="1">GBP</Currency>
          <Currency bucket="1">AUD</Currency>
          <Currency bucket="1">CAD</Currency>
          <Currency bucket="1">CHF</Currency>
          <Currency bucket="1">DKK</Currency>
          <Currency bucket="1">HKD</Currency>
          <Currency bucket="1">KRW</Currency>
          <Currency bucket="1">NOK</Currency>
          <Currency bucket="1">NZD</Currency>
          <Currency bucket="1">SEK</Currency>
          <Currency bucket="1">SGD</Currency>
          <Currency bucket="1">TWD</Currency>
          <Currency bucket="2">JPY</Currency>
          <Currency bucket="3">Other</Currency>
        </CurrencyLists>
      </RiskWeights>
      <Correlations>
        <IntraBucket>
          <Correlation label1="2w" label2="1m">0.75</Correlation>
          <Correlation label1="2w" label2="3m">0.63</Correlation>
          <Correlation label1="2w" label2="6m">0.55</Correlation>
          <Correlation label1="2w" label2="1y">0.44</Correlation>
          <Correlation label1="2w" label2="2y">0.35</Correlation>
          <Correlation label1="2w" label2="3y">0.31</Correlation>
          <Correlation label1="2w" label2="5y">0.26</Correlation>
          <Correlation label1="2w" label2="10y">0.21</Correlation>
          <Correlation label1="2w" label2="15y">0.17</Correlation>
          <Correlation label1="2w" label2="20y">0.15</Correlation>
          <Correlation label1="2w" label2="30y">0.14</Correlation>
          <Correlation label1="1m" label2="2w">0.75</Correlation>
          <Correlation label1="1m" label2="3m">0.79</Correlation>
          <Correlation label1="1m" label2="6m">0.68</Correlation>
          <Correlation label1="1m" label2="1y">0.51</Correlation>
          <Correlation label1="1m" label2="2y">0.4</Correlation>
          <Correlation label1="1m" label2="3y">0.33</Correlation>
          <Correlation label1="1m" label2="5y">0.28</Correlation>
          <Correlation label1="1m" label2="10y">0.22</Correlation>
          <Correlation label1="1m" label2="15y">0.17</Correlation>
          <Correlation label1="1m" label2="20y">0.15</Correlation>
          <Correlation label1="1m" label2="30y">0.15</Correlation>
          <Correlation label1="3m" label2="2w">0.63</Correlation>
          <Correlation label1="3m" label2="1m">0.79</Correlation>
          <Correlation label1="3m" label2="6m">0.85</Correlation>
          <Correlation label1="3m" label2="1y">0.67</Correlation>
          <Correlation label1="3m" label2="2y">0.53</Correlation>
          <Correlation label1="3m" label2="3y">0.45</Correlation>
          <Correlation label1="3m" label2="5y">0.38</Correlation>
          <Correlation label1="3m" label2="10y">0.31</Correlation>
          <Correlation label1="3m" label2="15y">0.23</Correlation>
          <Correlation label1="3m" label2="20y">0.21</Correlation>
          <Correlation label1="3m" label2="30y">0.22</Correlation>
          <Correlation label1="6m" label2="2w">0.55</Correlation>
          <Correlation label1="6m" label2="1m">0.68</Correlation>
          <Correlation label1="6m" label2="3m">0.85</Correlation>
          <Correlation label1="6m" label2="1y">0.82</Correlation>
          <Correlation label1="6m" label2="2y">0.7</Correlation>
          <Correlation label1="6m" label2="3y">0.61</Correlation>
          <Correlation label1="6m" label2="5y">0.53</Correlation>
          <Correlation label1="6m" label2="10y">0.44</Correlation>
          <Correlation label1="6m" label2="15y">0.36</Correlation>
          <Correlation label1="6m" label2="20y">0.35</Correlation>
          <Correlation label1="6m" label2="30y">0.33</Correlation>
          <Correlation label1="1y" label2="2w">0.44</Correlation>
          <Correlation label1="1y" label2="1m">0.51</Correlation>
          <Correlation label1="1y" label2="3m">0.67</Correlation>
          <Correlation label1="1y" label2="6m">0.82</Correlation>
          <Correlation label1="1y" label2="2y">0.94</Correlation>
          <Correlation label1="1y" label2="3y">0.86</Correlation>
          <Correlation label1="1y" label2="5y">0.78</Correlation>
          <Correlation label1="1y" label2="10y">0.66</Correlation>
          <Correlation label1="1y" label2="15y">0.6</Correlation>
          <Correlation label1="1y" label2="20y">0.58</Correlation>
          <Correlation label1="1y" label2="30y">0.56</Correlation>
          <Correlation label1="2y" label2="2w">0.35</Correlation>
          <Correlation label1="2y" label2="1m">0.4</Correlation>
          <Correlation label1="2y" label2="3m">0.53</Correlation>
          <Correlation label1="2y" label2="6m">0.7</Correlation>
          <Correlation label1="2y" label2="1y">0.94</Correlation>
          <Correlation label1="2y" label2="3y">0.96</Correlation>
          <Correlation label1="2y" label2="5y">0.9</Correlation>
          <Correlation label1="2y" label2="10y">0.8</Correlation>
          <Correlation label1="2y" label2="15y">0.75</Correlation>
          <Correlation label1="2y" label2="20y">0.72</Correlation>
          <Correlation label1="2y" label2="30y">0.71</Correlation>
          <Correlation label1="3y" label2="2w">0.31</Correlation>
          <Correlation label1="3y" label2="1m">0.33</Correlation>
          <Correlation label1="3y" label2="3m">0.45</Correlation>
          <Correlation label1="3y" label2="6m">0.61</Correlation>
          <Correlation label1="3y" label2="1y">0.86</Correlation>
          <Correlation label1="3y" label2="2y">0.96</Correlation>
          <Correlation label1="3y" label2="5y">0.97</Correlation>
          <Correlation label1="3y" label2="10y">0.88</Correlation>
          <Correlation label1="3y" label2="15y">0.83</Correlation>
          <Correlation label1="3y" label2="20y">0.8</Correlation>
          <Correlation label1="3y" label2="30y">0.78</Correlation>
          <Correlation label1="5y" label2="2w">0.26</Correlation>
          <Correlation label1="5y" label2="1m">0.28</Correlation>
          <Correlation label1="5y" label2="3m">0.38</Correlation>
          <Correlation label1="5y" label2="6m">0.53</Correlation>
          <Correlation label1="5y" label2="1y">0.78</Correlation>
          <Correlation label1="5y" label2="2y">0.9</Correlation>
          <Correlation label1="5y" label2="3y">0.97</Correlation>
          <Correlation label1="5y" label2="10y">0.95</Correlation>
          <Correlation label1="5y" label2="15y">0.91</Correlation>
          <Correlation label1="5y" label2="20y">0.88</Correlation>
          <Correlation label1="5y" label2="30y">0.87</Correlation>
          <Correlation label1="10y" label2="2w">0.21</Correlation>
          <Correlation label1="10y" label2="1m">0.22</Correlation>
          <Correlation label1="10y" label2="3m">0.31</Correlation>
          <Correlation label1="10y" label2="6m">0.44</Correlation>
          <Correlation label1="10y" label2="1y">0.66</Correlation>
          <Correlation label1="10y" label2="2y">0.8</Correlation>
          <Correlation label1="10y" label2="3y">0.88</Correlation>
          <Correlation label1="10y" label2="5y">0.95</Correlation>
          <Correlation label1="10y" label2="15y">0.97</Correlation>
          <Correlation label1="10y" label2="20y">0.95</Correlation>
          <Correlation label1="10y" label2="30y">0.95</Correlation>
          <Correlation label1="15y" label2="2w">0.17</Correlation>
          <Correlation label1="15y" label2="1m">0.17</Correlation>
          <Correlation label1="15y" label2="3m">0.23</Correlation>
          <Correlation label1="15y" label2="6m">0.36</Correlation>
          <Correlation label1="15y" label2="1y">0.6</Correlation>
          <Correlation label1="15y" label2="2y">0.75</Correlation>
          <Correlation label1="15y" label2="3y">0.83</Correlation>
          <Correlation label1="15y" label2="5y">0.91</Correlation>
          <Correlation label1="15y" label2="10y">0.97</Correlation>
          <Correlation label1="15y" label2="20y">0.98</Correlation>
          <Correlation label1="15y" label2="30y">0.98</Correlation>
          <Correlation label1="20y" label2="2w">0.15</Correlation>
          <Correlation label1="20y" label2="1m">0.15</Correlation>
          <Correlation label1="20y" label2="3m">0.21</Correlation>
          <Correlation label1="20y" label2="6m">0.35</Correlation>
          <Correlation label1="20y" label2="1y">0.58</Correlation>
          <Correlation label1="20y" label2="2y">0.72</Correlation>
          <Correlation label1="20y" label2="3y">0.8</Correlation>
          <Correlation label1="20y" label2="5y">0.88</Correlation>
          <Correlation label1="20y" label2="10y">0.95</Correlation>
          <Correlation label1="20y" label2="15y">0.98</Correlation>
          <Correlation label1="20y" label2="30y">0.99</Correlation>
          <Correlation label1="30y" label2="2w">0.14</Correlation>
          <Correlation label1="30y" label2="1m">0.15</Correlation>
          <Correlation label1="30y" label2="3m">0.22</Correlation>
          <Correlation label1="30y" label2="6m">0.33</Correlation>
          <Correlation label1="30y" label2="1y">0.56</Correlation>
          <Correlation label1="30y" label2="2y">0.71</Correlation>
          <Correlation label1="30y" label2="3y">0.78</Correlation>
          <Correlation label1="30y" label2="5y">0.87</Correlation>
          <Correlation label1="30y" label2="10y">0.95</Correlation>
          <Correlation label1="30y" label2="15y">0.98</Correlation>
          <Correlation label1="30y" label2="20y">0.99</Correlation>
        </IntraBucket>
        <SubCurves>0.986</SubCurves>
        <Inflation>0.41</Inflation>
        <XCcyBasis>0.07</XCcyBasis>
        <Outer>0.22</Outer>
      </Correlations>
      <ConcentrationThresholds>
        <Delta>
          <Threshold bucket="1">22</Threshold>
          <Threshold bucket="2">240</Threshold>
          <Threshold bucket="3">44</Threshold>
          <Threshold bucket="4">120</Threshold>
        </Delta>
        <Vega>
          <Threshold bucket="1">83</Threshold>
          <Threshold bucket="2">2600</Threshold>
          <Threshold bucket="3">270</Threshold>
          <Threshold bucket="4">980</Threshold>
        </Vega>
        <CurrencyLists>
          <Currency bucket="1">Other</Currency>
          <Currency bucket="2">USD</Currency>
          <Currency bucket="2">EUR</Currency>
          <Currency bucket="2">GBP</Currency>
          <Currency bucket="3">AUD</Currency>
          <Currency bucket="3">CAD</Currency>
          <Currency bucket="3">CHF</Currency>
          <Currency bucket="3">DKK</Currency>
          <Currency bucket="3">HKD</Currency>
          <Currency bucket="3">KRW</Currency>
          <Currency bucket="3">NOK</Currency>
          <Currency bucket="3">NZD</Currency>
          <Currency bucket="3">SEK</Currency>
          <Currency bucket="3">SGD</Currency>
          <Currency bucket="3">TWD</Currency>
          <Currency bucket="4">JPY</Currency>
        </CurrencyLists>
      </ConcentrationThresholds>
    </InterestRate>
    <CreditQualifying>
      <RiskWeights>
        <Delta mporDays="10">
          <Weight bucket="1">81</Weight>
          <Weight bucket="2">96</Weight>
          <Weight bucket="3">86</Weight>
          <Weight bucket="4">53</Weight>
          <Weight bucket="5">59</Weight>
          <Weight bucket="6">47</Weight>
          <Weight bucket="7">181</Weight>
          <Weight bucket="8">452</Weight>
          <Weight bucket="9">252</Weight>
          <Weight bucket="10">261</Weight>
          <Weight bucket="11">218</Weight>
          <Weight bucket="12">195</Weight>
          <Weight bucket="Residual">452</Weight>
        </Delta>
        <Vega mporDays="10">
          <Weight>0.73</Weight>
        </Vega>
        <BaseCorrelation mporDays="10">11</BaseCorrelation>
        <Delta mporDays="1">
          <Weight bucket="1">23</Weight>
          <Weight bucket="2">27</Weight>
          <Weight bucket="3">18</Weight>
          <Weight bucket="4">12</Weight>
          <Weight bucket="5">13</Weight>
          <Weight bucket="6">12</Weight>
          <Weight bucket="7">49</Weight>
          <Weight bucket="8">92</Weight>
          <Weight bucket="9">48</Weight>
          <Weight bucket="10">59</Weight>
          <Weight bucket="11">41</Weight>
          <Weight bucket="12">41</Weight>
          <Weight bucket="Residual">92</Weight>
        </Delta>
        <Vega mporDays="1">
          <Weight>0.1</Weight>
        </Vega>
        <BaseCorrelation mporDays="1">2.7</BaseCorrelation>
      </RiskWeights>
      <Correlations>
        <IntraBucket>
          <Correlation label1="aggregate" label2="same">0.92</Correlation>
          <Correlation label1="aggregate" label2="different">0.41</Correlation>
          <Correlation label1="residual" label2="same">0.5</Correlation>
          <Correlation label1="residual" label2="different">0.5</Correlation>
        </IntraBucket>
        <InterBucket>
          <Correlation label1="1" label2="2">0.35</Correlation>
          <Correlation label1="1" label2="3">0.37</Correlation>
          <Correlation label1="1" label2="4">0.35</Correlation>
          <Correlation label1="1" label2="5">0.37</Correlation>
          <Correlation label1="1" label2="6">0.34</Correlation>
          <Correlation label1="1" label2="7">0.38</Correlation>
          <Correlation label1="1" label2="8">0.31</Correlation>
          <Correlation label1="1" label2="9">0.34</Correlation>
          <Correlation label1="1" label2="10">0.33</Correlation>
          <Correlation label1="1" label2="11">0.3</Correlation>
          <Correlation label1="1" label2="12">0.31</Correlation>
          <Correlation label1="2" label2="1">0.35</Correlation>
          <Correlation label1="2" label2="3">0.44</Correlation>
          <Correlation label1="2" label2="4">0.43</Correlation>
          <Correlation label1="2" label2="5">0.45</Correlation>
          <Correlation label1="2" label2="6">0.42</Correlation>
          <Correlation label1="2" label2="7">0.32</Correlation>
          <Correlation label1="2" label2="8">0.34</Correlation>
          <Correlation label1="2" label2="9">0.38</Correlation>
          <Correlation label1="2" label2="10">0.38</Correlation>
          <Correlation label1="2" label2="11">0.35</Correlation>
          <Correlation label1="2" label2="12">0.35</Correlation>
          <Correlation label1="3" label2="1">0.37</Correlation>
          <Correlation label1="3" label2="2">0.44</Correlation>
          <Correlation label1="3" label2="4">0.48</Correlation>
          <Correlation label1="3" label2="5">0.49</Correlation>
          <Correlation label1="3" label2="6">0.47</Correlation>
          <Correlation label1="3" label2="7">0.34</Correlation>
          <Correlation label1="3" label2="8">0.35</Correlation>
          <Correlation label1="3" label2="9">0.42</Correlation>
          <Correlation label1="3" label2="10">0.42</Correlation>
          <Correlation label1="3" label2="11">0.4</Correlation>
          <Correlation label1="3" label2="12">0.39</Correlation>
          <Correlation label1="4" label2="1">0.35</Correlation>
          <Correlation label1="4" label2="2">0.43</Correlation>
          <Correlation label1="4" label2="3">0.48</Correlation>
          <Correlation label1="4" label2="5">0.48</Correlation>
          <Correlation label1="4" label2="6">0.48</Correlation>
          <Correlation label1="4" label2="7">0.32</Correlation>
          <Correlation label1="4" label2="8">0.34</Correlation>
          <Correlation label1="4" label2="9">0.4</Correlation>
          <Correlation label1="4" label2="10">0.41</Correlation>
          <Correlation label1="4" label2="11">0.39</Correlation>
          <Correlation label1="4" label2="12">0.37</Correlation>
          <Correlation label1="5" label2="1">0.37</Correlation>
          <Correlation label1="5" label2="2">0.45</Correlation>
          <Correlation label1="5" label2="3">0.49</Correlation>
          <Correlation label1="5" label2="4">0.48</Correlation>
          <Correlation label1="5" label2="6">0.48</Correlation>
          <Correlation label1="5" label2="7">0.34</Correlation>
          <Correlation label1="5" label2="8">0.35</Correlation>
          <Correlation label1="5" label2="9">0.41</Correlation>
          <Correlation label1="5" label2="10">0.41</Correlation>
          <Correlation label1="5" label2="11">0.4</Correlation>
          <Correlation label1="5" label2="12">0.39</Correlation>
          <Correlation label1="6" label2="1">0.34</Correlation>
          <Correlation label1="6" label2="2">0.42</Correlation>
          <Correlation label1="6" label2="3">0.47</Correlation>
          <Correlation label1="6" label2="4">0.48</Correlation>
          <Correlation label1="6" label2="5">0.48</Correlation>
          <Correlation label1="6" label2="7">0.31</Correlation>
          <Correlation label1="6" label2="8">0.33</Correlation>
          <Correlation label1="6" label2="9">0.37</Correlation>
          <Correlation label1="6" label2="10">0.38</Correlation>
          <Correlation label1="6" label2="11">0.38</Correlation>
          <Correlation label1="6" label2="12">0.36</Correlation>
          <Correlation label1="7" label2="1">0.38</Correlation>
          <Correlation label1="7" label2="2">0.32</Correlation>
          <Correlation label1="7" label2="3">0.34</Correlation>
          <Correlation label1="7" label2="4">0.32</Correlation>
          <Correlation label1="7" label2="5">0.34</Correlation>
          <Correlation label1="7" label2="6">0.31</Correlation>
          <Correlation label1="7" label2="8">0.28</Correlation>
          <Correlation label1="7" label2="9">0.32</Correlation>
          <Correlation label1="7" label2="10">0.3</Correlation>
          <Correlation label1="7" label2="11">0.27</Correlation>
          <Correlation label1="7" label2="12">0.28</Correlation>
          <Correlation label1="8" label2="1">0.31</Correlation>
          <Correlation label1="8" label2="2">0.34</Correlation>
          <Correlation label1="8" label2="3">0.35</Correlation>
          <Correlation label1="8" label2="4">0.34</Correlation>
          <Correlation label1="8" label2="5">0.35</Correlation>
          <Correlation label1="8" label2="6">0.33</Correlation>
          <Correlation label1="8" label2="7">0.28</Correlation>
          <Correlation label1="8" label2="9">0.32</Correlation>
          <Correlation label1="8" label2="10">0.32</Correlation>
          <Correlation label1="8" label2="11">0.29</Correlation>
          <Correlation label1="8" label2="12">0.29</Correlation>
          <Correlation label1="9" label2="1">0.34</Correlation>
          <Correlation label1="9" label2="2">0.38</Correlation>
          <Correlation label1="9" label2="3">0.42</Correlation>
          <Correlation label1="9" label2="4">0.4</Correlation>
          <Correlation label1="9" label2="5">0.41</Correlation>
          <Correlation label1="9" label2="6">0.37</Correlation>
          <Correlation label1="9" label2="7">0.32</Correlation>
          <Correlation label1="9" label2="8">0.32</Correlation>
          <Correlation label1="9" label2="10">0.38</Correlation>
          <Correlation label1="9" label2="11">0.35</Correlation>
          <Correlation label1="9" label2="12">0.35</Correlation>
          <Correlation label1="10" label2="1">0.33</Correlation>
          <Correlation label1="10" label2="2">0.38</Correlation>
          <Correlation label1="10" label2="3">0.42</Correlation>
          <Correlation label1="10" label2="4">0.41</Correlation>
          <Correlation label1="10" label2="5">0.41</Correlation>
          <Correlation label1="10" label2="6">0.38</Correlation>
          <Correlation label1="10" label2="7">0.3</Correlation>
          <Correlation label1="10" label2="8">0.32</Correlation>
          <Correlation label1="10" label2="9">0.38</Correlation>
          <Correlation label1="10" label2="11">0.35</Correlation>
          <Correlation label1="10" label2="12">0.34</Correlation>
          <Correlation label1="11" label2="1">0.3</Correlation>
          <Correlation label1="11" label2="2">0.35</Correlation>
          <Correlation label1="11" label2="3">0.4</Correlation>
          <Correlation label1="11" label2="4">0.39</Correlation>
          <Correlation label1="11" label2="5">0.4</Correlation>
          <Correlation label1="11" label2="6">0.38</Correlation>
          <Correlation label1="11" label2="7">0.27</Correlation>
          <Correlation label1="11" label2="8">0.29</Correlation>
          <Correlation label1="11" label2="9">0.35</Correlation>
          <Correlation label1="11" label2="10">0.35</Correlation>
          <Correlation label1="11" label2="12">0.33</Correlation>
          <Correlation label1="12" label2="1">0.31</Correlation>
          <Correlation label1="12" label2="2">0.35</Correlation>
          <Correlation label1="12" label2="3">0.39</Correlation>
          <Correlation label1="12" label2="4">0.37</Correlation>
          <Correlation label1="12" label2="5">0.39</Correlation>
          <Correlation label1="12" label2="6">0.36</Correlation>
          <Correlation label1="12" label2="7">0.28</Correlation>
          <Correlation label1="12" label2="8">0.29</Correlation>
          <Correlation label1="12" label2="9">0.35</Correlation>
          <Correlation label1="12" label2="10">0.34</Correlation>
          <Correlation label1="12" label2="11">0.33</Correlation>
        </InterBucket>
        <BaseCorrelation>0.25</BaseCorrelation>
      </Correlations>
      <ConcentrationThresholds>
        <Delta>
          <Threshold bucket="1">0.49</Threshold>
          <Threshold bucket="2">0.22</Threshold>
          <Threshold bucket="3">0.22</Threshold>
          <Threshold bucket="4">0.22</Threshold>
          <Threshold bucket="5">0.22</Threshold>
          <Threshold bucket="6">0.22</Threshold>
          <Threshold bucket="7">0.49</Threshold>
          <Threshold bucket="8">0.22</Threshold>
          <Threshold bucket="9">0.22</Threshold>
          <Threshold bucket="10">0.22</Threshold>
          <Threshold bucket="11">0.22</Threshold>
          <Threshold bucket="12">0.22</Threshold>
          <Threshold bucket="Residual">0.22</Threshold>
        </Delta>
        <Vega>
          <Threshold>310</Threshold>
        </Vega>
      </ConcentrationThresholds>
    </CreditQualifying>
    <CreditNonQualifying>
      <RiskWeights>
        <Delta mporDays="10">
          <Weight bucket="1">280</Weight>
          <Weight bucket="2">1200</Weight>
          <Weight bucket="Residual">1200</Weight>
        </Delta>
        <Vega mporDays="10">
          <Weight>0.73</Weight>
        </Vega>
        <Delta mporDays="1">
          <Weight bucket="1">74</Weight>
          <Weight bucket="2">240</Weight>
          <Weight bucket="Residual">240</Weight>
        </Delta>
        <Vega mporDays="1">
          <Weight>0.1</Weight>
        </Vega>
      </RiskWeights>
      <Correlations>
        <IntraBucket>
          <Correlation label1="aggregate" label2="same">0.86</Correlation>
          <Correlation label1="aggregate" label2="different">0.33</Correlation>
          <Correlation label1="residual" label2="same">0.5</Correlation>
          <Correlation label1="residual" label2="different">0.5</Correlation>
        </IntraBucket>
        <InterBucket>
          <Correlation label1="1" label2="2">0.36</Correlation>
          <Correlation label1="2" label2="1">0.36</Correlation>
        </InterBucket>
      </Correlations>
      <ConcentrationThresholds>
        <Delta>
          <Threshold bucket="1">9.5</Threshold>
          <Threshold bucket="2">0.5</Threshold>
          <Threshold bucket="Residual">0.5</Threshold>
        </Delta>
        <Vega>
          <Threshold>85</Threshold>
        </Vega>
      </ConcentrationThresholds>
    </CreditNonQualifying>
    <Equity>
      <RiskWeights>
        <Delta mporDays="10">
          <Weight bucket="1">25</Weight>
          <Weight bucket="2">28</Weight>
          <Weight bucket="3">30</Weight>
          <Weight bucket="4">28</Weight>
          <Weight bucket="5">23</Weight>
          <Weight bucket="6">24</Weight>
          <Weight bucket="7">29</Weight>
          <Weight bucket="8">27</Weight>
          <Weight bucket="9">31</Weight>
          <Weight bucket="10">33</Weight>
          <Weight bucket="11">19</Weight>
          <Weight bucket="12">19</Weight>
          <Weight bucket="Residual">33</Weight>
        </Delta>
        <Vega mporDays="10">
          <Weight bucket="1">0.5</Weight>
          <Weight bucket="2">0.5</Weight>
          <Weight bucket="3">0.5</Weight>
          <Weight bucket="4">0.5</Weight>
          <Weight bucket="5">0.5</Weight>
          <Weight bucket="6">0.5</Weight>
          <Weight bucket="7">0.5</Weight>
          <Weight bucket="8">0.5</Weight>
          <Weight bucket="9">0.5</Weight>
          <Weight bucket="10">0.5</Weight>
          <Weight bucket="11">0.5</Weight>
          <Weight bucket="12">0.98</Weight>
          <Weight bucket="Residual">0.5</Weight>
        </Vega>
        <HistoricalVolatilityRatio mporDays="10">0.54</HistoricalVolatilityRatio>
        <Delta mporDays="1">
          <Weight bucket="1">8.3</Weight>
          <Weight bucket="2">9.1</Weight>
          <Weight bucket="3">9.8</Weight>
          <Weight bucket="4">9</Weight>
          <Weight bucket="5">7.7</Weight>
          <Weight bucket="6">8.4</Weight>
          <Weight bucket="7">9.3</Weight>
          <Weight bucket="8">9.4</Weight>
          <Weight bucket="9">9.9</Weight>
          <Weight bucket="10">11</Weight>
          <Weight bucket="11">6</Weight>
          <Weight bucket="12">6</Weight>
          <Weight bucket="Residual">11</Weight>
        </Delta>
        <Vega mporDays="1">
          <Weight bucket="1">0.094</Weight>
          <Weight bucket="2">0.094</Weight>
          <Weight bucket="3">0.094</Weight>
          <Weight bucket="4">0.094</Weight>
          <Weight bucket="5">0.094</Weight>
          <Weight bucket="6">0.094</Weight>
          <Weight bucket="7">0.094</Weight>
          <Weight bucket="8">0.094</Weight>
          <Weight bucket="9">0.094</Weight>
          <Weight bucket="10">0.094</Weight>
          <Weight bucket="11">0.094</Weight>
          <Weight bucket="12">0.27</Weight>
          <Weight bucket="Residual">0.094</Weight>
        </Vega>
        <HistoricalVolatilityRatio mporDays="1">0.5</HistoricalVolatilityRatio>
      </RiskWeights>
      <Correlations>
        <IntraBucket>
          <Correlation bucket="1">0.18</Correlation>
          <Correlation bucket="2">0.23</Correlation>
          <Correlation bucket="3">0.28</Correlation>
          <Correlation bucket="4">0.27</Correlation>
          <Correlation bucket="5">0.23</Correlation>
          <Correlation bucket="6">0.36</Correlation>
          <Correlation bucket="7">0.38</Correlation>
          <Correlation bucket="8">0.35</Correlation>
          <Correlation bucket="9">0.21</Correlation>
          <Correlation bucket="10">0.2</Correlation>
          <Correlation bucket="11">0.54</Correlation>
          <Correlation bucket="12">0.54</Correlation>
          <Correlation bucket="Residual">0</Correlation>
        </IntraBucket>
        <InterBucket>
          <Correlation label1="1" label2="2">0.2</Correlation>
          <Correlation label1="1" label2="3">0.21</Correlation>
          <Correlation label1="1" label2="4">0.21</Correlation>
          <Correlation label1="1" label2="5">0.15</Correlation>
          <Correlation label1="1" label2="6">0.19</Correlation>
          <Correlation label1="1" label2="7">0.19</Correlation>
          <Correlation label1="1" label2="8">0.19</Correlation>
          <Correlation label1="1" label2="9">0.18</Correlation>
          <Correlation label1="1" label2="10">0.14</Correlation>
          <Correlation label1="1" label2="11">0.24</Correlation>
          <Correlation label1="1" label2="12">0.24</Correlation>
          <Correlation label1="2" label2="1">0.2</Correlation>
          <Correlation label1="2" label2="3">0.25</Correlation>
          <Correlation label1="2" label2="4">0.24</Correlation>
          <Correlation label1="2" label2="5">0.16</Correlation>
          <Correlation label1="2" label2="6">0.21</Correlation>
          <Correlation label1="2" label2="7">0.22</Correlation>
          <Correlation label1="2" label2="8">0.21</Correlation>
          <Correlation label1="2" label2="9">0.21</Correlation>
          <Correlation label1="2" label2="10">0.16</Correlation>
          <Correlation label1="2" label2="11">0.27</Correlation>
          <Correlation label1="2" label2="12">0.27</Correlation>
          <Correlation label1="3" label2="1">0.21</Correlation>
          <Correlation label1="3" label2="2">0.25</Correlation>
          <Correlation label1="3" label2="4">0.26</Correlation>
          <Correlation label1="3" label2="5">0.17</Correlation>
          <Correlation label1="3" label2="6">0.22</Correlation>
          <Correlation label1="3" label2="7">0.24</Correlation>
          <Correlation label1="3" label2="8">0.22</Correlation>
          <Correlation label1="3" label2="9">0.23</Correlation>
          <Correlation label1="3" label2="10">0.17</Correlation>
          <Correlation label1="3" label2="11">0.28</Correlation>
          <Correlation label1="3" label2="12">0.28</Correlation>
          <Correlation label1="4" label2="1">0.21</Correlation>
          <Correlation label1="4" label2="2">0.24</Correlation>
          <Correlation label1="4" label2="3">0.26</Correlation>
          <Correlation label1="4" label2="5">0.18</Correlation>
          <Correlation label1="4" label2="6">0.24</Correlation>
          <Correlation label1="4" label2="7">0.25</Correlation>
          <Correlation label1="4" label2="8">0.25</Correlation>
          <Correlation label1="4" label2="9">0.23</Correlation>
          <Correlation label1="4" label2="10">0.19</Correlation>
          <Correlation label1="4" label2="11">0.31</Correlation>
          <Correlation label1="4" label2="12">0.31</Correlation>
          <Correlation label1="5" label2="1">0.15</Correlation>
          <Correlation label1="5" label2="2">0.16</Correlation>
          <Correlation label1="5" label2="3">0.17</Correlation>
          <Correlation label1="5" label2="4">0.18</Correlation>
          <Correlation label1="5" label2="6">0.27</Correlation>
          <Correlation label1="5" label2="7">0.27</Correlation>
          <Correlation label1="5" label2="8">0.27</Correlation>
          <Correlation label1="5" label2="9">0.15</Correlation>
          <Correlation label1="5" label2="10">0.2</Correlation>
          <Correlation label1="5" label2="11">0.32</Correlation>
          <Correlation label1="5" label2="12">0.32</Correlation>
          <Correlation label1="6" label2="1">0.19</Correlation>
          <Correlation label1="6" label2="2">0.21</Correlation>
          <Correlation label1="6" label2="3">0.22</Correlation>
          <Correlation label1="6" label2="4">0.24</Correlation>
          <Correlation label1="6" label2="5">0.27</Correlation>
          <Correlation label1="6" label2="7">0.36</Correlation>
          <Correlation label1="6" label2="8">0.35</Correlation>
          <Correlation label1="6" label2="9">0.2</Correlation>
          <Correlation label1="6" label2="10">0.25</Correlation>
          <Correlation label1="6" label2="11">0.42</Correlation>
          <Correlation label1="6" label2="12">0.42</Correlation>
          <Correlation label1="7" label2="1">0.19</Correlation>
          <Correlation label1="7" label2="2">0.22</Correlation>
          <Correlation label1="7" label2="3">0.24</Correlation>
          <Correlation label1="7" label2="4">0.25</Correlation>
          <Correlation label1="7" label2="5">0.27</Correlation>
          <Correlation label1="7" label2="6">0.36</Correlation>
          <Correlation label1="7" label2="8">0.34</Correlation>
          <Correlation label1="7" label2="9">0.2</Correlation>
          <Correlation label1="7" label2="10">0.26</Correlation>
          <Correlation label1="7" label2="11">0.43</Correlation>
          <Correlation label1="7" label2="12">0.43</Correlation>
          <Correlation label1="8" label2="1">0.19</Correlation>
          <Correlation label1="8" label2="2">0.21</Correlation>
          <Correlation label1="8" label2="3">0.22</Correlation>
          <Correlation label1="8" label2="4">0.25</Correlation>
          <Correlation label1="8" label2="5">0.27</Correlation>
          <Correlation label1="8" label2="6">0.35</Correlation>
          <Correlation label1="8" label2="7">0.34</Correlation>
          <Correlation label1="8" label2="9">0.2</Correlation>
          <Correlation label1="8" label2="10">0.25</Correlation>
          <Correlation label1="8" label2="11">0.41</Correlation>
          <Correlation label1="8" label2="12">0.41</Correlation>
          <Correlation label1="9" label2="1">0.18</Correlation>
          <Correlation label1="9" label2="2">0.21</Correlation>
          <Correlation label1="9" label2="3">0.23</Correlation>
          <Correlation label1="9" label2="4">0.23</Correlation>
          <Correlation label1="9" label2="5">0.15</Correlation>
          <Correlation label1="9" label2="6">0.2</Correlation>
          <Correlation label1="9" label2="7">0.2</Correlation>
          <Correlation label1="9" label2="8">0.2</Correlation>
          <Correlation label1="9" label2="10">0.16</Correlation>
          <Correlation label1="9" label2="11">0.26</Correlation>
          <Correlation label1="9" label2="12">0.26</Correlation>
          <Correlation label1="10" label2="1">0.14</Correlation>
          <Correlation label1="10" label2="2">0.16</Correlation>
          <Correlation label1="10" label2="3">0.17</Correlation>
          <Correlation label1="10" label2="4">0.19</Correlation>
          <Correlation label1="10" label2="5">0.2</Correlation>
          <Correlation label1="10" label2="6">0.25</Correlation>
          <Correlation label1="10" label2="7">0.26</Correlation>
          <Correlation label1="10" label2="8">0.25</Correlation>
          <Correlation label1="10" label2="9">0.16</Correlation>
          <Correlation label1="10" label2="11">0.29</Correlation>
          <Correlation label1="10" label2="12">0.29</Correlation>
          <Correlation label1="11" label2="1">0.24</Correlation>
          <Correlation label1="11" label2="2">0.27</Correlation>
          <Correlation label1="11" label2="3">0.28</Correlation>
          <Correlation label1="11" label2="4">0.31</Correlation>
          <Correlation label1="11" label2="5">0.32</Correlation>
          <Correlation label1="11" label2="6">0.42</Correlation>
          <Correlation label1="11" label2="7">0.43</Correlation>
          <Correlation label1="11" label2="8">0.41</Correlation>
          <Correlation label1="11" label2="9">0.26</Correlation>
          <Correlation label1="11" label2="10">0.29</Correlation>
          <Correlation label1="11" label2="12">0.54</Correlation>
          <Correlation label1="12" label2="1">0.24</Correlation>
          <Correlation label1="12" label2="2">0.27</Correlation>
          <Correlation label1="12" label2="3">0.28</Correlation>
          <Correlation label1="12" label2="4">0.31</Correlation>
          <Correlation label1="12" label2="5">0.32</Correlation>
          <Correlation label1="12" label2="6">0.42</Correlation>
          <Correlation label1="12" label2="7">0.43</Correlation>
          <Correlation label1="12" label2="8">0.41</Correlation>
          <Correlation label1="12" label2="9">0.26</Correlation>
          <Correlation label1="12" label2="10">0.29</Correlation>
          <Correlation label1="12" label2="11">0.54</Correlation>
        </InterBucket>
      </Correlations>
      <ConcentrationThresholds>
        <Delta>
          <Threshold bucket="1">9</Threshold>
          <Threshold bucket="2">9</Threshold>
          <Threshold bucket="3">9</Threshold>
          <Threshold bucket="4">9</Threshold>
          <Threshold bucket="5">18</Threshold>
          <Threshold bucket="6">18</Threshold>
          <Threshold bucket="7">18</Threshold>
          <Threshold bucket="8">18</Threshold>
          <Threshold bucket="9">1.2</Threshold>
          <Threshold bucket="10">0.9</Threshold>
          <Threshold bucket="11">1300</Threshold>
          <Threshold bucket="12">1300</Threshold>
          <Threshold bucket="Residual">0.9</Threshold>
        </Delta>
        <Vega>
          <Threshold bucket="1">160</Threshold>
          <Threshold bucket="2">160</Threshold>
          <Threshold bucket="3">160</Threshold>
          <Threshold bucket="4">160</Threshold>
          <Threshold bucket="5">1600</Threshold>
          <Threshold bucket="6">1600</Threshold>
          <Threshold bucket="7">1600</Threshold>
          <Threshold bucket="8">1600</Threshold>
          <Threshold bucket="9">38</Threshold>
          <Threshold bucket="10">260</Threshold>
          <Threshold bucket="11">7000</Threshold>
          <Threshold bucket="12">7000</Threshold>
          <Threshold bucket="Residual">38</Threshold>
        </Vega>
      </ConcentrationThresholds>
    </Equity>
    <Commodity>
      <RiskWeights>
        <Delta mporDays="10">
          <Weight bucket="1">22</Weight>
          <Weight bucket="2">29</Weight>
          <Weight bucket="3">33</Weight>
          <Weight bucket="4">25</Weight>
          <Weight bucket="5">35</Weight>
          <Weight bucket="6">24</Weight>
          <Weight bucket="7">22</Weight>
          <Weight bucket="8">49</Weight>
          <Weight bucket="9">24</Weight>
          <Weight bucket="10">53</Weight>
          <Weight bucket="11">20</Weight>
          <Weight bucket="12">21</Weight>
          <Weight bucket="13">13</Weight>
          <Weight bucket="14">15</Weight>
          <Weight bucket="15">13</Weight>
          <Weight bucket="16">53</Weight>
          <Weight bucket="17">17</Weight>
        </Delta>
        <Vega mporDays="10">
          <Weight>0.61</Weight>
        </Vega>
        <HistoricalVolatilityRatio mporDays="10">0.64</HistoricalVolatilityRatio>
        <Delta mporDays="1">
          <Weight bucket="1">6.3</Weight>
          <Weight bucket="2">9.1</Weight>
          <Weight bucket="3">8.1</Weight>
          <Weight bucket="4">7.2</Weight>
          <Weight bucket="5">10</Weight>
          <Weight bucket="6">8</Weight>
          <Weight bucket="7">7.1</Weight>
          <Weight bucket="8">11</Weight>
          <Weight bucket="9">8.1</Weight>
          <Weight bucket="10">16</Weight>
          <Weight bucket="11">6.2</Weight>
          <Weight bucket="12">6.2</Weight>
          <Weight bucket="13">4.7</Weight>
          <Weight bucket="14">4.8</Weight>
          <Weight bucket="15">3.8</Weight>
          <Weight bucket="16">16</Weight>
          <Weight bucket="17">5.1</Weight>
        </Delta>
        <Vega mporDays="1">
          <Weight>0.13</Weight>
        </Vega>
        <HistoricalVolatilityRatio mporDays="1">0.67</HistoricalVolatilityRatio>
      </RiskWeights>
      <Correlations>
        <IntraBucket>
          <Correlation bucket="1">0.79</Correlation>
          <Correlation bucket="2">0.98</Correlation>
          <Correlation bucket="3">0.96</Correlation>
          <Correlation bucket="4">0.97</Correlation>
          <Correlation bucket="5">0.98</Correlation>
          <Correlation bucket="6">0.88</Correlation>
          <Correlation bucket="7">0.97</Correlation>
          <Correlation bucket="8">0.42</Correlation>
          <Correlation bucket="9">0.7</Correlation>
          <Correlation bucket="10">0.38</Correlation>
          <Correlation bucket="11">0.54</Correlation>
          <Correlation bucket="12">0.48</Correlation>
          <Correlation bucket="13">0.67</Correlation>
          <Correlation bucket="14">0.15</Correlation>
          <Correlation bucket="15">0.23</Correlation>
          <Correlation bucket="16">0</Correlation>
          <Correlation bucket="17">0.33</Correlation>
        </IntraBucket>
        <InterBucket>
          <Correlation label1="1" label2="2">0.36</Correlation>
          <Correlation label1="1" label2="3">0.23</Correlation>
          <Correlation label1="1" label2="4">0.3</Correlation>
          <Correlation label1="1" label2="5">0.3</Correlation>
          <Correlation label1="1" label2="6">0.07</Correlation>
          <Correlation label1="1" label2="7">0.32</Correlation>
          <Correlation label1="1" label2="8">0.02</Correlation>
          <Correlation label1="1" label2="9">0.26</Correlation>
          <Correlation label1="1" label2="10">0.2</Correlation>
          <Correlation label1="1" label2="11">0.17</Correlation>
          <Correlation label1="1" label2="12">0.15</Correlation>
          <Correlation label1="1" label2="13">0.21</Correlation>
          <Correlation label1="1" label2="14">0.15</Correlation>
          <Correlation label1="1" label2="15">0.19</Correlation>
          <Correlation label1="1" label2="16">0</Correlation>
          <Correlation label1="1" label2="17">0.24</Correlation>
          <Correlation label1="2" label2="1">0.36</Correlation>
          <Correlation label1="2" label2="3">0.93</Correlation>
          <Correlation label1="2" label2="4">0.94</Correlation>
          <Correlation label1="2" label2="5">0.88</Correlation>
          <Correlation label1="2" label2="6">0.16</Correlation>
          <Correlation label1="2" label2="7">0.21</Correlation>
          <Correlation label1="2" label2="8">0.09</Correlation>
          <Correlation label1="2" label2="9">0.21</Correlation>
          <Correlation label1="2" label2="10">0.2</Correlation>
          <Correlation label1="2" label2="11">0.4</Correlation>
          <Correlation label1="2" label2="12">0.3</Correlation>
          <Correlation label1="2" label2="13">0.24</Correlation>
          <Correlation label1="2" label2="14">0.29</Correlation>
          <Correlation label1="2" label2="15">0.23</Correlation>
          <Correlation label1="2" label2="16">0</Correlation>
          <Correlation label1="2" label2="17">0.56</Correlation>
          <Correlation label1="3" label2="1">0.23</Correlation>
          <Correlation label1="3" label2="2">0.93</Correlation>
          <Correlation label1="3" label2="4">0.91</Correlation>
          <Correlation label1="3" label2="5">0.85</Correlation>
          <Correlation label1="3" label2="6">0.06</Correlation>
          <Correlation label1="3" label2="7">0.21</Correlation>
          <Correlation label1="3" label2="8">0.04</Correlation>
          <Correlation label1="3" label2="9">0.21</Correlation>
          <Correlation label1="3" label2="10">0.19</Correlation>
          <Correlation label1="3" label2="11">0.33</Correlation>
          <Correlation label1="3" label2="12">0.23</Correlation>
          <Correlation label1="3" label2="13">0.14</Correlation>
          <Correlation label1="3" label2="14">0.23</Correlation>
          <Correlation label1="3" label2="15">0.25</Correlation>
          <Correlation label1="3" label2="16">0</Correlation>
          <Correlation label1="3" label2="17">0.5</Correlation>
          <Correlation label1="4" label2="1">0.3</Correlation>
          <Correlation label1="4" label2="2">0.94</Correlation>
          <Correlation label1="4" label2="3">0.91</Correlation>
          <Correlation label1="4" label2="5">0.83</Correlation>
          <Correlation label1="4" label2="6">0.06</Correlation>
          <Correlation label1="4" label2="7">0.24</Correlation>
          <Correlation label1="4" label2="8">0.04</Correlation>
          <Correlation label1="4" label2="9">0.21</Correlation>
          <Correlation label1="4" label2="10">0.17</Correlation>
          <Correlation label1="4" label2="11">0.36</Correlation>
          <Correlation label1="4" label2="12">0.25</Correlation>
          <Correlation label1="4" label2="13">0.14</Correlation>
          <Correlation label1="4" label2="14">0.25</Correlation>
          <Correlation label1="4" label2="15">0.2</Correlation>
          <Correlation label1="4" label2="16">0</Correlation>
          <Correlation label1="4" label2="17">0.53</Correlation>
          <Correlation label1="5" label2="1">0.3</Correlation>
          <Correlation label1="5" label2="2">0.88</Correlation>
          <Correlation label1="5" label2="3">0.85</Correlation>
          <Correlation label1="5" label2="4">0.83</Correlation>
          <Correlation label1="5" label2="6">0.1</Correlation>
          <Correlation label1="5" label2="7">0.17</Correlation>
          <Correlation label1="5" label2="8">0.04</Correlation>
          <Correlation label1="5" label2="9">0.16</Correlation>
          <Correlation label1="5" label2="10">0.17</Correlation>
          <Correlation label1="5" label2="11">0.4</Correlation>
          <Correlation label1="5" label2="12">0.33</Correlation>
          <Correlation label1="5" label2="13">0.25</Correlation>
          <Correlation label1="5" label2="14">0.3</Correlation>
          <Correlation label1="5" label2="15">0.19</Correlation>
          <Correlation label1="5" label2="16">0</Correlation>
          <Correlation label1="5" label2="17">0.53</Correlation>
          <Correlation label1="6" label2="1">0.07</Correlation>
          <Correlation label1="6" label2="2">0.16</Correlation>
          <Correlation label1="6" label2="3">0.06</Correlation>
          <Correlation label1="6" label2="4">0.06</Correlation>
          <Correlation label1="6" label2="5">0.1</Correlation>
          <Correlation label1="6" label2="7">0.27</Correlation>
          <Correlation label1="6" label2="8">0.5</Correlation>
          <Correlation label1="6" label2="9">0.2</Correlation>
          <Correlation label1="6" label2="10">0.04</Correlation>
          <Correlation label1="6" label2="11">0.17</Correlation>
          <Correlation label1="6" label2="12">0.08</Correlation>
          <Correlation label1="6" label2="13">0.12</Correlation>
          <Correlation label1="6" label2="14">0.08</Correlation>
          <Correlation label1="6" label2="15">0.14</Correlation>
          <Correlation label1="6" label2="16">0</Correlation>
          <Correlation label1="6" label2="17">0.25</Correlation>
          <Correlation label1="7" label2="1">0.32</Correlation>
          <Correlation label1="7" label2="2">0.21</Correlation>
          <Correlation label1="7" label2="3">0.21</Correlation>
          <Correlation label1="7" label2="4">0.24</Correlation>
          <Correlation label1="7" label2="5">0.17</Correlation>
          <Correlation label1="7" label2="6">0.27</Correlation>
          <Correlation label1="7" label2="8">0.27</Correlation>
          <Correlation label1="7" label2="9">0.61</Correlation>
          <Correlation label1="7" label2="10">0.18</Correlation>
          <Correlation label1="7" label2="11">0.06</Correlation>
          <Correlation label1="7" label2="12">-0.11</Correlation>
          <Correlation label1="7" label2="13">0.12</Correlation>
          <Correlation label1="7" label2="14">0.08</Correlation>
          <Correlation label1="7" label2="15">0.08</Correlation>
          <Correlation label1="7" label2="16">0</Correlation>
          <Correlation label1="7" label2="17">0.22</Correlation>
          <Correlation label1="8" label2="1">0.02</Correlation>
          <Correlation label1="8" label2="2">0.09</Correlation>
          <Correlation label1="8" label2="3">0.04</Correlation>
          <Correlation label1="8" label2="4">0.04</Correlation>
          <Correlation label1="8" label2="5">0.04</Correlation>
          <Correlation label1="8" label2="6">0.5</Correlation>
          <Correlation label1="8" label2="7">0.27</Correlation>
          <Correlation label1="8" label2="9">0.19</Correlation>
          <Correlation label1="8" label2="10">0</Correlation>
          <Correlation label1="8" label2="11">0.12</Correlation>
          <Correlation label1="8" label2="12">-0.03</Correlation>
          <Correlation label1="8" label2="13">0.09</Correlation>
          <Correlation label1="8" label2="14">0.05</Correlation>
          <Correlation label1="8" label2="15">0.07</Correlation>
          <Correlation label1="8" label2="16">0</Correlation>
          <Correlation label1="8" label2="17">0.14</Correlation>
          <Correlation label1="9" label2="1">0.26</Correlation>
          <Correlation label1="9" label2="2">0.21</Correlation>
          <Correlation label1="9" label2="3">0.21</Correlation>
          <Correlation label1="9" label2="4">0.21</Correlation>
          <Correlation label1="9" label2="5">0.16</Correlation>
          <Correlation label1="9" label2="6">0.2</Correlation>
          <Correlation label1="9" label2="7">0.61</Correlation>
          <Correlation label1="9" label2="8">0.19</Correlation>
          <Correlation label1="9" label2="10">0.14</Correlation>
          <Correlation label1="9" label2="11">0.13</Correlation>
          <Correlation label1="9" label2="12">-0.07</Correlation>
          <Correlation label1="9" label2="13">0.07</Correlation>
          <Correlation label1="9" label2="14">0.06</Correlation>
          <Correlation label1="9" label2="15">0.12</Correlation>
          <Correlation label1="9" label2="16">0</Correlation>
          <Correlation label1="9" label2="17">0.19</Correlation>
          <Correlation label1="10" label2="1">0.2</Correlation>
          <Correlation label1="10" label2="2">0.2</Correlation>
          <Correlation label1="10" label2="3">0.19</Correlation>
          <Correlation label1="10" label2="4">0.17</Correlation>
          <Correlation label1="10" label2="5">0.17</Correlation>
          <Correlation label1="10" label2="6">0.04</Correlation>
          <Correlation label1="10" label2="7">0.18</Correlation>
          <Correlation label1="10" label2="8">0</Correlation>
          <Correlation label1="10" label2="9">0.14</Correlation>
          <Correlation label1="10" label2="11">0.11</Correlation>
          <Correlation label1="10" label2="12">0.13</Correlation>
          <Correlation label1="10" label2="13">0.07</Correlation>
          <Correlation label1="10" label2="14">0.06</Correlation>
          <Correlation label1="10" label2="15">0.06</Correlation>
          <Correlation label1="10" label2="16">0</Correlation>
          <Correlation label1="10" label2="17">0.11</Correlation>
          <Correlation label1="11" label2="1">0.17</Correlation>
          <Correlation label1="11" label2="2">0.4</Correlation>
          <Correlation label1="11" label2="3">0.33</Correlation>
          <Correlation label1="11" label2="4">0.36</Correlation>
          <Correlation label1="11" label2="5">0.4</Correlation>
          <Correlation label1="11" label2="6">0.17</Correlation>
          <Correlation label1="11" label2="7">0.06</Correlation>
          <Correlation label1="11" label2="8">0.12</Correlation>
          <Correlation label1="11" label2="9">0.13</Correlation>
          <Correlation label1="11" label2="10">0.11</Correlation>
          <Correlation label1="11" label2="12">0.31</Correlation>
          <Correlation label1="11" label2="13">0.27</Correlation>
          <Correlation label1="11" label2="14">0.21</Correlation>
          <Correlation label1="11" label2="15">0.2</Correlation>
          <Correlation label1="11" label2="16">0</Correlation>
          <Correlation label1="11" label2="17">0.37</Correlation>
          <Correlation label1="12" label2="1">0.15</Correlation>
          <Correlation label1="12" label2="2">0.3</Correlation>
          <Correlation label1="12" label2="3">0.23</Correlation>
          <Correlation label1="12" label2="4">0.25</Correlation>
          <Correlation label1="12" label2="5">0.33</Correlation>
          <Correlation label1="12" label2="6">0.08</Correlation>
          <Correlation label1="12" label2="7">-0.11</Correlation>
          <Correlation label1="12" label2="8">-0.03</Correlation>
          <Correlation label1="12" label2="9">-0.07</Correlation>
          <Correlation label1="12" label2="10">0.13</Correlation>
          <Correlation label1="12" label2="11">0.31</Correlation>
          <Correlation label1="12" label2="13">0.15</Correlation>
          <Correlation label1="12" label2="14">0.19</Correlation>
          <Correlation label1="12" label2="15">0.1</Correlation>
          <Correlation label1="12" label2="16">0</Correlation>
          <Correlation label1="12" label2="17">0.23</Correlation>
          <Correlation label1="13" label2="1">0.21</Correlation>
          <Correlation label1="13" label2="2">0.24</Correlation>
          <Correlation label1="13" label2="3">0.14</Correlation>
          <Correlation label1="13" label2="4">0.14</Correlation>
          <Correlation label1="13" label2="5">0.25</Correlation>
          <Correlation label1="13" label2="6">0.12</Correlation>
          <Correlation label1="13" label2="7">0.12</Correlation>
          <Correlation label1="13" label2="8">0.09</Correlation>
          <Correlation label1="13" label2="9">0.07</Correlation>
          <Correlation label1="13" label2="10">0.07</Correlation>
          <Correlation label1="13" label2="11">0.27</Correlation>
          <Correlation label1="13" label2="12">0.15</Correlation>
          <Correlation label1="13" label2="14">0.28</Correlation>
          <Correlation label1="13" label2="15">0.2</Correlation>
          <Correlation label1="13" label2="16">0</Correlation>
          <Correlation label1="13" label2="17">0.27</Correlation>
          <Correlation label1="14" label2="1">0.15</Correlation>
          <Correlation label1="14" label2="2">0.29</Correlation>
          <Correlation label1="14" label2="3">0.23</Correlation>
          <Correlation label1="14" label2="4">0.25</Correlation>
          <Correlation label1="14" label2="5">0.3</Correlation>
          <Correlation label1="14" label2="6">0.08</Correlation>
          <Correlation label1="14" label2="7">0.08</Correlation>
          <Correlation label1="14" label2="8">0.05</Correlation>
          <Correlation label1="14" label2="9">0.06</Correlation>
          <Correlation label1="14" label2="10">0.06</Correlation>
          <Correlation label1="14" label2="11">0.21</Correlation>
          <Correlation label1="14" label2="12">0.19</Correlation>
          <Correlation label1="14" label2="13">0.28</Correlation>
          <Correlation label1="14" label2="15">0.15</Correlation>
          <Correlation label1="14" label2="16">0</Correlation>
          <Correlation label1="14" label2="17">0.25</Correlation>
          <Correlation label1="15" label2="1">0.19</Correlation>
          <Correlation label1="15" label2="2">0.23</Correlation>
          <Correlation label1="15" label2="3">0.25</Correlation>
          <Correlation label1="15" label2="4">0.2</Correlation>
          <Correlation label1="15" label2="5">0.19</Correlation>
          <Correlation label1="15" label2="6">0.14</Correlation>
          <Correlation label1="15" label2="7">0.08</Correlation>
          <Correlation label1="15" label2="8">0.07</Correlation>
          <Correlation label1="15" label2="9">0.12</Correlation>
          <Correlation label1="15" label2="10">0.06</Correlation>
          <Correlation label1="15" label2="11">0.2</Correlation>
          <Correlation label1="15" label2="12">0.1</Correlation>
          <Correlation label1="15" label2="13">0.2</Correlation>
          <Correlation label1="15" label2="14">0.15</Correlation>
          <Correlation label1="15" label2="16">0</Correlation>
          <Correlation label1="15" label2="17">0.23</Correlation>
          <Correlation label1="16" label2="1">0</Correlation>
          <Correlation label1="16" label2="2">0</Correlation>
          <Correlation label1="16" label2="3">0</Correlation>
          <Correlation label1="16" label2="4">0</Correlation>
          <Correlation label1="16" label2="5">0</Correlation>
          <Correlation label1="16" label2="6">0</Correlation>
          <Correlation label1="16" label2="7">0</Correlation>
          <Correlation label1="16" label2="8">0</Correlation>
          <Correlation label1="16" label2="9">0</Correlation>
          <Correlation label1="16" label2="10">0</Correlation>
          <Correlation label1="16" label2="11">0</Correlation>
          <Correlation label1="16" label2="12">0</Correlation>
          <Correlation label1="16" label2="13">0</Correlation>
          <Correlation label1="16" label2="14">0</Correlation>
          <Correlation label1="16" label2="15">0</Correlation>
          <Correlation label1="16" label2="17">0</Correlation>
          <Correlation label1="17" label2="1">0.24</Correlation>
          <Correlation label1="17" label2="2">0.56</Correlation>
          <Correlation label1="17" label2="3">0.5</Correlation>
          <Correlation label1="17" label2="4">0.53</Correlation>
          <Correlation label1="17" label2="5">0.53</Correlation>
          <Correlation label1="17" label2="6">0.25</Correlation>
          <Correlation label1="17" label2="7">0.22</Correlation>
          <Correlation label1="17" label2="8">0.14</Correlation>
          <Correlation label1="17" label2="9">0.19</Correlation>
          <Correlation label1="17" label2="10">0.11</Correlation>
          <Correlation label1="17" label2="11">0.37</Correlation>
          <Correlation label1="17" label2="12">0.23</Correlation>
          <Correlation label1="17" label2="13">0.27</Correlation>
          <Correlation label1="17" label2="14">0.25</Correlation>
          <Correlation label1="17" label2="15">0.23</Correlation>
          <Correlation label1="17" label2="16">0</Correlation>
        </InterBucket>
      </Correlations>
      <ConcentrationThresholds>
        <Delta>
          <Threshold bucket="1">310</Threshold>
          <Threshold bucket="2">2100</Threshold>
          <Threshold bucket="3">1700</Threshold>
          <Threshold bucket="4">1700</Threshold>
          <Threshold bucket="5">1700</Threshold>
          <Threshold bucket="6">3200</Threshold>
          <Threshold bucket="7">3200</Threshold>
          <Threshold bucket="8">2700</Threshold>
          <Threshold bucket="9">2700</Threshold>
          <Threshold bucket="10">52</Threshold>
          <Threshold bucket="11">600</Threshold>
          <Threshold bucket="12">1600</Threshold>
          <Threshold bucket="13">100</Threshold>
          <Threshold bucket="14">100</Threshold>
          <Threshold bucket="15">100</Threshold>
          <Threshold bucket="16">52</Threshold>
          <Threshold bucket="17">4000</Threshold>
        </Delta>
        <Vega>
          <Threshold bucket="1">160</Threshold>
          <Threshold bucket="2">2600</Threshold>
          <Threshold bucket="3">280</Threshold>
          <Threshold bucket="4">280</Threshold>
          <Threshold bucket="5">280</Threshold>
          <Threshold bucket="6">3500</Threshold>
          <Threshold bucket="7">3500</Threshold>
          <Threshold bucket="8">750</Threshold>
          <Threshold bucket="9">750</Threshold>
          <Threshold bucket="10">89</Threshold>
          <Threshold bucket="11">340</Threshold>
          <Threshold bucket="12">720</Threshold>
          <Threshold bucket="13">500</Threshold>
          <Threshold bucket="14">500</Threshold>
          <Threshold bucket="15">500</Threshold>
          <Threshold bucket="16">63</Threshold>
          <Threshold bucket="17">63</Threshold>
        </Vega>
      </ConcentrationThresholds>
    </Commodity>
    <FX>
      <RiskWeights>
        <Delta mporDays="10">
          <Weight label1="2" label2="2">7.3</Weight>
          <Weight label1="2" label2="1">13</Weight>
          <Weight label1="1" label2="2">13</Weight>
          <Weight label1="1" label2="1">10.2</Weight>
        </Delta>
        <Vega mporDays="10">
          <Weight>0.47</Weight>
        </Vega>
        <HistoricalVolatilityRatio mporDays="10">0.55</HistoricalVolatilityRatio>
        <Delta mporDays="1">
          <Weight label1="2" label2="2">1.8</Weight>
          <Weight label1="2" label2="1">3</Weight>
          <Weight label1="1" label2="2">3</Weight>
          <Weight label1="1" label2="1">2.9</Weight>
        </Delta>
        <Vega mporDays="1">
          <Weight>0.099</Weight>
        </Vega>
        <HistoricalVolatilityRatio mporDays="1">0.73</HistoricalVolatilityRatio>
        <CurrencyLists>
          <Currency bucket="2">Other</Currency>
          <Currency bucket="1">ARS</Currency>
          <Currency bucket="1">BRL</Currency>
          <Currency bucket="1">TRY</Currency>
          <Currency bucket="1">ZAR</Currency>
          <Currency bucket="1">MXN</Currency>
        </CurrencyLists>
      </RiskWeights>
      <Correlations>
        <IntraBucket>
          <Correlation bucket="1" label1="2" label2="2">0.85</Correlation>
          <Correlation bucket="1" label1="2" label2="1">0.39</Correlation>
          <Correlation bucket="1" label1="1" label2="2">0.39</Correlation>
          <Correlation bucket="1" label1="1" label2="1">0.5</Correlation>
          <Correlation bucket="2" label1="2" label2="2">0.5</Correlation>
          <Correlation bucket="2" label1="2" label2="1">0.28</Correlation>
          <Correlation bucket="2" label1="1" label2="2">0.28</Correlation>
          <Correlation bucket="2" label1="1" label2="1">0.69</Correlation>
        </IntraBucket>
        <Volatility>0.5</Volatility>
      </Correlations>
      <ConcentrationThresholds>
        <Delta>
          <Threshold bucket="1">8300</Threshold>
          <Threshold bucket="2">1900</Threshold>
          <Threshold bucket="3">240</Threshold>
        </Delta>
        <Vega>
          <Threshold bucket="1">3000</Threshold>
          <Threshold bucket="2">1400</Threshold>
          <Threshold bucket="3">610</Threshold>
          <Threshold bucket="4">640</Threshold>
          <Threshold bucket="5">420</Threshold>
          <Threshold bucket="6">240</Threshold>
        </Vega>
        <CurrencyLists>
          <Currency bucket="1">USD</Currency>
          <Currency bucket="1">EUR</Currency>
          <Currency bucket="1">JPY</Currency>
          <Currency bucket="1">GBP</Currency>
          <Currency bucket="1">AUD</Currency>
          <Currency bucket="1">CHF</Currency>
          <Currency bucket="1">CAD</Currency>
          <Currency bucket="2">BRL</Currency>
          <Currency bucket="2">CNY</Currency>
          <Currency bucket="2">HKD</Currency>
          <Currency bucket="2">INR</Currency>
          <Currency bucket="2">KRW</Currency>
          <Currency bucket="2">MXN</Currency>
          <Currency bucket="2">NOK</Currency>
          <Currency bucket="2">NZD</Currency>
          <Currency bucket="2">RUB</Currency>
          <Currency bucket="2">SEK</Currency>
          <Currency bucket="2">SGD</Currency>
          <Currency bucket="2">TRY</Currency>
          <Currency bucket="2">ZAR</Currency>
          <Currency bucket="3">Other</Currency>
        </CurrencyLists>
      </ConcentrationThresholds>
    </FX>
    <RiskClassCorrelations>
      <Correlation label1="InterestRate" label2="FX">0.28</Correlation>
      <Correlation label1="InterestRate" label2="Equity">0.33</Correlation>
      <Correlation label1="InterestRate" label2="CreditQualifying">0.32</Correlation>
      <Correlation label1="InterestRate" label2="CreditNonQualifying">0.19</Correlation>
      <Correlation label1="InterestRate" label2="Commodity">0.41</Correlation>
      <Correlation label1="FX" label2="InterestRate">0.28</Correlation>
      <Correlation label1="FX" label2="Equity">0.34</Correlation>
      <Correlation label1="FX" label2="CreditQualifying">0.42</Correlation>
      <Correlation label1="FX" label2="CreditNonQualifying">0.14</Correlation>
      <Correlation label1="FX" label2="Commodity">0.38</Correlation>
      <Correlation label1="Equity" label2="InterestRate">0.33</Correlation>
      <Correlation label1="Equity" label2="FX">0.34</Correlation>
      <Correlation label1="Equity" label2="CreditQualifying">0.69</Correlation>
      <Correlation label1="Equity" label2="CreditNonQualifying">0.48</Correlation>
      <Correlation label1="Equity" label2="Commodity">0.52</Correlation>
      <Correlation label1="CreditQualifying" label2="InterestRate">0.32</Correlation>
      <Correlation label1="CreditQualifying" label2="FX">0.42</Correlation>
      <Correlation label1="CreditQualifying" label2="Equity">0.69</Correlation>
      <Correlation label1="CreditQualifying" label2="CreditNonQualifying">0.45</Correlation>
      <Correlation label1="CreditQualifying" label2="Commodity">0.52</Correlation>
      <Correlation label1="CreditNonQualifying" label2="InterestRate">0.19</Correlation>
      <Correlation label1="CreditNonQualifying" label2="FX">0.14</Correlation>
      <Correlation label1="CreditNonQualifying" label2="Equity">0.48</Correlation>
      <Correlation label1="CreditNonQualifying" label2="CreditQualifying">0.45</Correlation>
      <Correlation label1="CreditNonQualifying" label2="Commodity">0.4</Correlation>
      <Correlation label1="Commodity" label2="InterestRate">0.41</Correlation>
      <Correlation label1="Commodity" label2="FX">0.38</Correlation>
      <Correlation label1="Commodity" label2="Equity">0.52</Correlation>
      <Correlation label1="Commodity" label2="CreditQualifying">0.52</Correlation>
      <Correlation label1="Commodity" label2="CreditNonQualifying">0.4</Correlation>
    </RiskClassCorrelations>
  </SIMMCalibration>
</SIMMCalibrationData>
