<SIMMCalibrationData>
  <SIMMCalibration id="2.3 official">
    <VersionNames>
      <Name>2.3</Name>
      <Name>latest</Name>
    </VersionNames>
    <AdditionalFields/>
    <InterestRate>
      <RiskWeights>
        <Delta mporDays="10">
          <Weight bucket="1" label1="2w">114</Weight>
          <Weight bucket="1" label1="1m">107</Weight>
          <Weight bucket="1" label1="3m">95</Weight>
          <Weight bucket="1" label1="6m">71</Weight>
          <Weight bucket="1" label1="1y">56</Weight>
          <Weight bucket="1" label1="2y">53</Weight>
          <Weight bucket="1" label1="3y">50</Weight>
          <Weight bucket="1" label1="5y">51</Weight>
          <Weight bucket="1" label1="10y">53</Weight>
          <Weight bucket="1" label1="15y">50</Weight>
          <Weight bucket="1" label1="20y">54</Weight>
          <Weight bucket="1" label1="30y">63</Weight>
          <Weight bucket="2" label1="2w">15</Weight>
          <Weight bucket="2" label1="1m">21</Weight>
          <Weight bucket="2" label1="3m">10</Weight>
          <Weight bucket="2" label1="6m">10</Weight>
          <Weight bucket="2" label1="1y">11</Weight>
          <Weight bucket="2" label1="2y">15</Weight>
          <Weight bucket="2" label1="3y">18</Weight>
          <Weight bucket="2" label1="5y">19</Weight>
          <Weight bucket="2" label1="10y">19</Weight>
          <Weight bucket="2" label1="15y">18</Weight>
          <Weight bucket="2" label1="20y">20</Weight>
          <Weight bucket="2" label1="30y">22</Weight>
          <Weight bucket="3" label1="2w">103</Weight>
          <Weight bucket="3" label1="1m">96</Weight>
          <Weight bucket="3" label1="3m">84</Weight>
          <Weight bucket="3" label1="6m">84</Weight>
          <Weight bucket="3" label1="1y">89</Weight>
          <Weight bucket="3" label1="2y">87</Weight>
          <Weight bucket="3" label1="3y">90</Weight>
          <Weight bucket="3" label1="5y">89</Weight>
          <Weight bucket="3" label1="10y">90</Weight>
          <Weight bucket="3" label1="15y">99</Weight>
          <Weight bucket="3" label1="20y">100</Weight>
          <Weight bucket="3" label1="30y">96</Weight>
        </Delta>
        <Vega mporDays="10">
          <Weight>0.16</Weight>
        </Vega>
        <HistoricalVolatilityRatio mporDays="10">0.49</HistoricalVolatilityRatio>
        <Inflation mporDays="10">50</Inflation>
        <XCcyBasis mporDays="10">22</XCcyBasis>
        <Delta mporDays="1">
          <Weight bucket="1" label1="2w">18</Weight>
          <Weight bucket="1" label1="1m">15</Weight>
          <Weight bucket="1" label1="3m">10</Weight>
          <Weight bucket="1" label1="6m">11</Weight>
          <Weight bucket="1" label1="1y">13</Weight>
          <Weight bucket="1" label1="2y">15</Weight>
          <Weight bucket="1" label1="3y">16</Weight>
          <Weight bucket="1" label1="5y">16</Weight>
          <Weight bucket="1" label1="10y">16</Weight>
          <Weight bucket="1" label1="15y">16</Weight>
          <Weight bucket="1" label1="20y">16</Weight>
          <Weight bucket="1" label1="30y">17</Weight>
          <Weight bucket="2" label1="2w">1.7</Weight>
          <Weight bucket="2" label1="1m">3.4</Weight>
          <Weight bucket="2" label1="3m">1.9</Weight>
          <Weight bucket="2" label1="6m">1.5</Weight>
          <Weight bucket="2" label1="1y">2.8</Weight>
          <Weight bucket="2" label1="2y">4.5</Weight>
          <Weight bucket="2" label1="3y">4.8</Weight>
          <Weight bucket="2" label1="5y">6.1</Weight>
          <Weight bucket="2" label1="10y">6.3</Weight>
          <Weight bucket="2" label1="15y">6.8</Weight>
          <Weight bucket="2" label1="20y">7.3</Weight>
          <Weight bucket="2" label1="30y">7.5</Weight>
          <Weight bucket="3" label1="2w">29</Weight>
          <Weight bucket="3" label1="1m">35</Weight>
          <Weight bucket="3" label1="3m">18</Weight>
          <Weight bucket="3" label1="6m">20</Weight>
          <Weight bucket="3" label1="1y">21</Weight>
          <Weight bucket="3" label1="2y">23</Weight>
          <Weight bucket="3" label1="3y">33</Weight>
          <Weight bucket="3" label1="5y">32</Weight>
          <Weight bucket="3" label1="10y">31</Weight>
          <Weight bucket="3" label1="15y">26</Weight>
          <Weight bucket="3" label1="20y">27</Weight>
          <Weight bucket="3" label1="30y">26</Weight>
        </Delta>
        <Vega mporDays="1">
          <Weight>0.042</Weight>
        </Vega>
        <HistoricalVolatilityRatio mporDays="1">0.53</HistoricalVolatilityRatio>
        <Inflation mporDays="1">14</Inflation>
        <XCcyBasis mporDays="1">5.4</XCcyBasis>
        <CurrencyLists>
          <Currency bucket="1">USD</Currency>
          <Currency bucket="1">EUR</Currency>
          <Currency bucket="1">GBP</Currency>
          <Currency bucket="1">AUD</Currency>
          <Currency bucket="1">CAD</Currency>
          <Currency bucket="1">CHF</Currency>
          <Currency bucket="1">DKK</Currency>
          <Currency bucket="1">HKD</Currency>
          <Currency bucket="1">KRW</Currency>
          <Currency bucket="1">NOK</Currency>
          <Currency bucket="1">NZD</Currency>
          <Currency bucket="1">SEK</Currency>
          <Currency bucket="1">SGD</Currency>
          <Currency bucket="1">TWD</Currency>
          <Currency bucket="2">JPY</Currency>
          <Currency bucket="3">Other</Currency>
        </CurrencyLists>
      </RiskWeights>
      <Correlations>
        <IntraBucket>
          <Correlation label1="2w" label2="1m">0.73</Correlation>
          <Correlation label1="2w" label2="3m">0.64</Correlation>
          <Correlation label1="2w" label2="6m">0.57</Correlation>
          <Correlation label1="2w" label2="1y">0.44</Correlation>
          <Correlation label1="2w" label2="2y">0.34</Correlation>
          <Correlation label1="2w" label2="3y">0.29</Correlation>
          <Correlation label1="2w" label2="5y">0.24</Correlation>
          <Correlation label1="2w" label2="10y">0.18</Correlation>
          <Correlation label1="2w" label2="15y">0.13</Correlation>
          <Correlation label1="2w" label2="20y">0.11</Correlation>
          <Correlation label1="2w" label2="30y">0.09</Correlation>
          <Correlation label1="1m" label2="2w">0.73</Correlation>
          <Correlation label1="1m" label2="3m">0.78</Correlation>
          <Correlation label1="1m" label2="6m">0.67</Correlation>
          <Correlation label1="1m" label2="1y">0.5</Correlation>
          <Correlation label1="1m" label2="2y">0.37</Correlation>
          <Correlation label1="1m" label2="3y">0.3</Correlation>
          <Correlation label1="1m" label2="5y">0.24</Correlation>
          <Correlation label1="1m" label2="10y">0.18</Correlation>
          <Correlation label1="1m" label2="15y">0.13</Correlation>
          <Correlation label1="1m" label2="20y">0.11</Correlation>
          <Correlation label1="1m" label2="30y">0.1</Correlation>
          <Correlation label1="3m" label2="2w">0.64</Correlation>
          <Correlation label1="3m" label2="1m">0.78</Correlation>
          <Correlation label1="3m" label2="6m">0.85</Correlation>
          <Correlation label1="3m" label2="1y">0.66</Correlation>
          <Correlation label1="3m" label2="2y">0.52</Correlation>
          <Correlation label1="3m" label2="3y">0.43</Correlation>
          <Correlation label1="3m" label2="5y">0.35</Correlation>
          <Correlation label1="3m" label2="10y">0.27</Correlation>
          <Correlation label1="3m" label2="15y">0.2</Correlation>
          <Correlation label1="3m" label2="20y">0.17</Correlation>
          <Correlation label1="3m" label2="30y">0.17</Correlation>
          <Correlation label1="6m" label2="2w">0.57</Correlation>
          <Correlation label1="6m" label2="1m">0.67</Correlation>
          <Correlation label1="6m" label2="3m">0.85</Correlation>
          <Correlation label1="6m" label2="1y">0.81</Correlation>
          <Correlation label1="6m" label2="2y">0.68</Correlation>
          <Correlation label1="6m" label2="3y">0.59</Correlation>
          <Correlation label1="6m" label2="5y">0.5</Correlation>
          <Correlation label1="6m" label2="10y">0.41</Correlation>
          <Correlation label1="6m" label2="15y">0.35</Correlation>
          <Correlation label1="6m" label2="20y">0.33</Correlation>
          <Correlation label1="6m" label2="30y">0.31</Correlation>
          <Correlation label1="1y" label2="2w">0.44</Correlation>
          <Correlation label1="1y" label2="1m">0.5</Correlation>
          <Correlation label1="1y" label2="3m">0.66</Correlation>
          <Correlation label1="1y" label2="6m">0.81</Correlation>
          <Correlation label1="1y" label2="2y">0.94</Correlation>
          <Correlation label1="1y" label2="3y">0.85</Correlation>
          <Correlation label1="1y" label2="5y">0.76</Correlation>
          <Correlation label1="1y" label2="10y">0.65</Correlation>
          <Correlation label1="1y" label2="15y">0.59</Correlation>
          <Correlation label1="1y" label2="20y">0.56</Correlation>
          <Correlation label1="1y" label2="30y">0.54</Correlation>
          <Correlation label1="2y" label2="2w">0.34</Correlation>
          <Correlation label1="2y" label2="1m">0.37</Correlation>
          <Correlation label1="2y" label2="3m">0.52</Correlation>
          <Correlation label1="2y" label2="6m">0.68</Correlation>
          <Correlation label1="2y" label2="1y">0.94</Correlation>
          <Correlation label1="2y" label2="3y">0.95</Correlation>
          <Correlation label1="2y" label2="5y">0.89</Correlation>
          <Correlation label1="2y" label2="10y">0.79</Correlation>
          <Correlation label1="2y" label2="15y">0.75</Correlation>
          <Correlation label1="2y" label2="20y">0.72</Correlation>
          <Correlation label1="2y" label2="30y">0.7</Correlation>
          <Correlation label1="3y" label2="2w">0.29</Correlation>
          <Correlation label1="3y" label2="1m">0.3</Correlation>
          <Correlation label1="3y" label2="3m">0.43</Correlation>
          <Correlation label1="3y" label2="6m">0.59</Correlation>
          <Correlation label1="3y" label2="1y">0.85</Correlation>
          <Correlation label1="3y" label2="2y">0.95</Correlation>
          <Correlation label1="3y" label2="5y">0.96</Correlation>
          <Correlation label1="3y" label2="10y">0.88</Correlation>
          <Correlation label1="3y" label2="15y">0.83</Correlation>
          <Correlation label1="3y" label2="20y">0.8</Correlation>
          <Correlation label1="3y" label2="30y">0.78</Correlation>
          <Correlation label1="5y" label2="2w">0.24</Correlation>
          <Correlation label1="5y" label2="1m">0.24</Correlation>
          <Correlation label1="5y" label2="3m">0.35</Correlation>
          <Correlation label1="5y" label2="6m">0.5</Correlation>
          <Correlation label1="5y" label2="1y">0.76</Correlation>
          <Correlation label1="5y" label2="2y">0.89</Correlation>
          <Correlation label1="5y" label2="3y">0.96</Correlation>
          <Correlation label1="5y" label2="10y">0.95</Correlation>
          <Correlation label1="5y" label2="15y">0.91</Correlation>
          <Correlation label1="5y" label2="20y">0.88</Correlation>
          <Correlation label1="5y" label2="30y">0.87</Correlation>
          <Correlation label1="10y" label2="2w">0.18</Correlation>
          <Correlation label1="10y" label2="1m">0.18</Correlation>
          <Correlation label1="10y" label2="3m">0.27</Correlation>
          <Correlation label1="10y" label2="6m">0.41</Correlation>
          <Correlation label1="10y" label2="1y">0.65</Correlation>
          <Correlation label1="10y" label2="2y">0.79</Correlation>
          <Correlation label1="10y" label2="3y">0.88</Correlation>
          <Correlation label1="10y" label2="5y">0.95</Correlation>
          <Correlation label1="10y" label2="15y">0.97</Correlation>
          <Correlation label1="10y" label2="20y">0.95</Correlation>
          <Correlation label1="10y" label2="30y">0.95</Correlation>
          <Correlation label1="15y" label2="2w">0.13</Correlation>
          <Correlation label1="15y" label2="1m">0.13</Correlation>
          <Correlation label1="15y" label2="3m">0.2</Correlation>
          <Correlation label1="15y" label2="6m">0.35</Correlation>
          <Correlation label1="15y" label2="1y">0.59</Correlation>
          <Correlation label1="15y" label2="2y">0.75</Correlation>
          <Correlation label1="15y" label2="3y">0.83</Correlation>
          <Correlation label1="15y" label2="5y">0.91</Correlation>
          <Correlation label1="15y" label2="10y">0.97</Correlation>
          <Correlation label1="15y" label2="20y">0.98</Correlation>
          <Correlation label1="15y" label2="30y">0.98</Correlation>
          <Correlation label1="20y" label2="2w">0.11</Correlation>
          <Correlation label1="20y" label2="1m">0.11</Correlation>
          <Correlation label1="20y" label2="3m">0.17</Correlation>
          <Correlation label1="20y" label2="6m">0.33</Correlation>
          <Correlation label1="20y" label2="1y">0.56</Correlation>
          <Correlation label1="20y" label2="2y">0.72</Correlation>
          <Correlation label1="20y" label2="3y">0.8</Correlation>
          <Correlation label1="20y" label2="5y">0.88</Correlation>
          <Correlation label1="20y" label2="10y">0.95</Correlation>
          <Correlation label1="20y" label2="15y">0.98</Correlation>
          <Correlation label1="20y" label2="30y">0.99</Correlation>
          <Correlation label1="30y" label2="2w">0.09</Correlation>
          <Correlation label1="30y" label2="1m">0.1</Correlation>
          <Correlation label1="30y" label2="3m">0.17</Correlation>
          <Correlation label1="30y" label2="6m">0.31</Correlation>
          <Correlation label1="30y" label2="1y">0.54</Correlation>
          <Correlation label1="30y" label2="2y">0.7</Correlation>
          <Correlation label1="30y" label2="3y">0.78</Correlation>
          <Correlation label1="30y" label2="5y">0.87</Correlation>
          <Correlation label1="30y" label2="10y">0.95</Correlation>
          <Correlation label1="30y" label2="15y">0.98</Correlation>
          <Correlation label1="30y" label2="20y">0.99</Correlation>
        </IntraBucket>
        <SubCurves>0.986</SubCurves>
        <Inflation>0.42</Inflation>
        <XCcyBasis>0.04</XCcyBasis>
        <Outer>0.2</Outer>
      </Correlations>
      <ConcentrationThresholds>
        <Delta>
          <Threshold bucket="1">31</Threshold>
          <Threshold bucket="2">220</Threshold>
          <Threshold bucket="3">41</Threshold>
          <Threshold bucket="4">99</Threshold>
        </Delta>
        <Vega>
          <Threshold bucket="1">93</Threshold>
          <Threshold bucket="2">2400</Threshold>
          <Threshold bucket="3">240</Threshold>
          <Threshold bucket="4">740</Threshold>
        </Vega>
        <CurrencyLists>
          <Currency bucket="1">Other</Currency>
          <Currency bucket="2">USD</Currency>
          <Currency bucket="2">EUR</Currency>
          <Currency bucket="2">GBP</Currency>
          <Currency bucket="3">AUD</Currency>
          <Currency bucket="3">CAD</Currency>
          <Currency bucket="3">CHF</Currency>
          <Currency bucket="3">DKK</Currency>
          <Currency bucket="3">HKD</Currency>
          <Currency bucket="3">KRW</Currency>
          <Currency bucket="3">NOK</Currency>
          <Currency bucket="3">NZD</Currency>
          <Currency bucket="3">SEK</Currency>
          <Currency bucket="3">SGD</Currency>
          <Currency bucket="3">TWD</Currency>
          <Currency bucket="4">JPY</Currency>
        </CurrencyLists>
      </ConcentrationThresholds>
    </InterestRate>
    <CreditQualifying>
      <RiskWeights>
        <Delta mporDays="10">
          <Weight bucket="1">75</Weight>
          <Weight bucket="2">89</Weight>
          <Weight bucket="3">68</Weight>
          <Weight bucket="4">51</Weight>
          <Weight bucket="5">50</Weight>
          <Weight bucket="6">47</Weight>
          <Weight bucket="7">157</Weight>
          <Weight bucket="8">333</Weight>
          <Weight bucket="9">142</Weight>
          <Weight bucket="10">214</Weight>
          <Weight bucket="11">143</Weight>
          <Weight bucket="12">160</Weight>
          <Weight bucket="Residual">333</Weight>
        </Delta>
        <Vega mporDays="10">
          <Weight>0.46</Weight>
        </Vega>
        <BaseCorrelation mporDays="10">12</BaseCorrelation>
        <Delta mporDays="1">
          <Weight bucket="1">17</Weight>
          <Weight bucket="2">22</Weight>
          <Weight bucket="3">14</Weight>
          <Weight bucket="4">11</Weight>
          <Weight bucket="5">11</Weight>
          <Weight bucket="6">9.5</Weight>
          <Weight bucket="7">39</Weight>
          <Weight bucket="8">63</Weight>
          <Weight bucket="9">28</Weight>
          <Weight bucket="10">45</Weight>
          <Weight bucket="11">32</Weight>
          <Weight bucket="12">35</Weight>
          <Weight bucket="Residual">63</Weight>
        </Delta>
        <Vega mporDays="1">
          <Weight>0.091</Weight>
        </Vega>
        <BaseCorrelation mporDays="1">2.6</BaseCorrelation>
      </RiskWeights>
      <Correlations>
        <IntraBucket>
          <Correlation label1="aggregate" label2="same">0.94</Correlation>
          <Correlation label1="aggregate" label2="different">0.42</Correlation>
          <Correlation label1="residual" label2="same">0.5</Correlation>
          <Correlation label1="residual" label2="different">0.5</Correlation>
        </IntraBucket>
        <InterBucket>
          <Correlation label1="1" label2="2">0.39</Correlation>
          <Correlation label1="1" label2="3">0.39</Correlation>
          <Correlation label1="1" label2="4">0.4</Correlation>
          <Correlation label1="1" label2="5">0.4</Correlation>
          <Correlation label1="1" label2="6">0.37</Correlation>
          <Correlation label1="1" label2="7">0.39</Correlation>
          <Correlation label1="1" label2="8">0.32</Correlation>
          <Correlation label1="1" label2="9">0.35</Correlation>
          <Correlation label1="1" label2="10">0.33</Correlation>
          <Correlation label1="1" label2="11">0.33</Correlation>
          <Correlation label1="1" label2="12">0.3</Correlation>
          <Correlation label1="2" label2="1">0.39</Correlation>
          <Correlation label1="2" label2="3">0.43</Correlation>
          <Correlation label1="2" label2="4">0.45</Correlation>
          <Correlation label1="2" label2="5">0.45</Correlation>
          <Correlation label1="2" label2="6">0.43</Correlation>
          <Correlation label1="2" label2="7">0.32</Correlation>
          <Correlation label1="2" label2="8">0.34</Correlation>
          <Correlation label1="2" label2="9">0.39</Correlation>
          <Correlation label1="2" label2="10">0.36</Correlation>
          <Correlation label1="2" label2="11">0.36</Correlation>
          <Correlation label1="2" label2="12">0.31</Correlation>
          <Correlation label1="3" label2="1">0.39</Correlation>
          <Correlation label1="3" label2="2">0.43</Correlation>
          <Correlation label1="3" label2="4">0.47</Correlation>
          <Correlation label1="3" label2="5">0.48</Correlation>
          <Correlation label1="3" label2="6">0.45</Correlation>
          <Correlation label1="3" label2="7">0.33</Correlation>
          <Correlation label1="3" label2="8">0.33</Correlation>
          <Correlation label1="3" label2="9">0.41</Correlation>
          <Correlation label1="3" label2="10">0.38</Correlation>
          <Correlation label1="3" label2="11">0.39</Correlation>
          <Correlation label1="3" label2="12">0.35</Correlation>
          <Correlation label1="4" label2="1">0.4</Correlation>
          <Correlation label1="4" label2="2">0.45</Correlation>
          <Correlation label1="4" label2="3">0.47</Correlation>
          <Correlation label1="4" label2="5">0.49</Correlation>
          <Correlation label1="4" label2="6">0.47</Correlation>
          <Correlation label1="4" label2="7">0.33</Correlation>
          <Correlation label1="4" label2="8">0.34</Correlation>
          <Correlation label1="4" label2="9">0.41</Correlation>
          <Correlation label1="4" label2="10">0.4</Correlation>
          <Correlation label1="4" label2="11">0.39</Correlation>
          <Correlation label1="4" label2="12">0.34</Correlation>
          <Correlation label1="5" label2="1">0.4</Correlation>
          <Correlation label1="5" label2="2">0.45</Correlation>
          <Correlation label1="5" label2="3">0.48</Correlation>
          <Correlation label1="5" label2="4">0.49</Correlation>
          <Correlation label1="5" label2="6">0.48</Correlation>
          <Correlation label1="5" label2="7">0.33</Correlation>
          <Correlation label1="5" label2="8">0.34</Correlation>
          <Correlation label1="5" label2="9">0.41</Correlation>
          <Correlation label1="5" label2="10">0.39</Correlation>
          <Correlation label1="5" label2="11">0.4</Correlation>
          <Correlation label1="5" label2="12">0.34</Correlation>
          <Correlation label1="6" label2="1">0.37</Correlation>
          <Correlation label1="6" label2="2">0.43</Correlation>
          <Correlation label1="6" label2="3">0.45</Correlation>
          <Correlation label1="6" label2="4">0.47</Correlation>
          <Correlation label1="6" label2="5">0.48</Correlation>
          <Correlation label1="6" label2="7">0.31</Correlation>
          <Correlation label1="6" label2="8">0.32</Correlation>
          <Correlation label1="6" label2="9">0.38</Correlation>
          <Correlation label1="6" label2="10">0.36</Correlation>
          <Correlation label1="6" label2="11">0.37</Correlation>
          <Correlation label1="6" label2="12">0.32</Correlation>
          <Correlation label1="7" label2="1">0.39</Correlation>
          <Correlation label1="7" label2="2">0.32</Correlation>
          <Correlation label1="7" label2="3">0.33</Correlation>
          <Correlation label1="7" label2="4">0.33</Correlation>
          <Correlation label1="7" label2="5">0.33</Correlation>
          <Correlation label1="7" label2="6">0.31</Correlation>
          <Correlation label1="7" label2="8">0.26</Correlation>
          <Correlation label1="7" label2="9">0.31</Correlation>
          <Correlation label1="7" label2="10">0.28</Correlation>
          <Correlation label1="7" label2="11">0.27</Correlation>
          <Correlation label1="7" label2="12">0.25</Correlation>
          <Correlation label1="8" label2="1">0.32</Correlation>
          <Correlation label1="8" label2="2">0.34</Correlation>
          <Correlation label1="8" label2="3">0.33</Correlation>
          <Correlation label1="8" label2="4">0.34</Correlation>
          <Correlation label1="8" label2="5">0.34</Correlation>
          <Correlation label1="8" label2="6">0.32</Correlation>
          <Correlation label1="8" label2="7">0.26</Correlation>
          <Correlation label1="8" label2="9">0.31</Correlation>
          <Correlation label1="8" label2="10">0.28</Correlation>
          <Correlation label1="8" label2="11">0.28</Correlation>
          <Correlation label1="8" label2="12">0.25</Correlation>
          <Correlation label1="9" label2="1">0.35</Correlation>
          <Correlation label1="9" label2="2">0.39</Correlation>
          <Correlation label1="9" label2="3">0.41</Correlation>
          <Correlation label1="9" label2="4">0.41</Correlation>
          <Correlation label1="9" label2="5">0.41</Correlation>
          <Correlation label1="9" label2="6">0.38</Correlation>
          <Correlation label1="9" label2="7">0.31</Correlation>
          <Correlation label1="9" label2="8">0.31</Correlation>
          <Correlation label1="9" label2="10">0.35</Correlation>
          <Correlation label1="9" label2="11">0.34</Correlation>
          <Correlation label1="9" label2="12">0.32</Correlation>
          <Correlation label1="10" label2="1">0.33</Correlation>
          <Correlation label1="10" label2="2">0.36</Correlation>
          <Correlation label1="10" label2="3">0.38</Correlation>
          <Correlation label1="10" label2="4">0.4</Correlation>
          <Correlation label1="10" label2="5">0.39</Correlation>
          <Correlation label1="10" label2="6">0.36</Correlation>
          <Correlation label1="10" label2="7">0.28</Correlation>
          <Correlation label1="10" label2="8">0.28</Correlation>
          <Correlation label1="10" label2="9">0.35</Correlation>
          <Correlation label1="10" label2="11">0.34</Correlation>
          <Correlation label1="10" label2="12">0.29</Correlation>
          <Correlation label1="11" label2="1">0.33</Correlation>
          <Correlation label1="11" label2="2">0.36</Correlation>
          <Correlation label1="11" label2="3">0.39</Correlation>
          <Correlation label1="11" label2="4">0.39</Correlation>
          <Correlation label1="11" label2="5">0.4</Correlation>
          <Correlation label1="11" label2="6">0.37</Correlation>
          <Correlation label1="11" label2="7">0.27</Correlation>
          <Correlation label1="11" label2="8">0.28</Correlation>
          <Correlation label1="11" label2="9">0.34</Correlation>
          <Correlation label1="11" label2="10">0.34</Correlation>
          <Correlation label1="11" label2="12">0.3</Correlation>
          <Correlation label1="12" label2="1">0.3</Correlation>
          <Correlation label1="12" label2="2">0.31</Correlation>
          <Correlation label1="12" label2="3">0.35</Correlation>
          <Correlation label1="12" label2="4">0.34</Correlation>
          <Correlation label1="12" label2="5">0.34</Correlation>
          <Correlation label1="12" label2="6">0.32</Correlation>
          <Correlation label1="12" label2="7">0.25</Correlation>
          <Correlation label1="12" label2="8">0.25</Correlation>
          <Correlation label1="12" label2="9">0.32</Correlation>
          <Correlation label1="12" label2="10">0.29</Correlation>
          <Correlation label1="12" label2="11">0.3</Correlation>
        </InterBucket>
        <BaseCorrelation>0.18</BaseCorrelation>
      </Correlations>
      <ConcentrationThresholds>
        <Delta>
          <Threshold bucket="1">0.95</Threshold>
          <Threshold bucket="2">0.18</Threshold>
          <Threshold bucket="3">0.18</Threshold>
          <Threshold bucket="4">0.18</Threshold>
          <Threshold bucket="5">0.18</Threshold>
          <Threshold bucket="6">0.18</Threshold>
          <Threshold bucket="7">0.95</Threshold>
          <Threshold bucket="8">0.18</Threshold>
          <Threshold bucket="9">0.18</Threshold>
          <Threshold bucket="10">0.18</Threshold>
          <Threshold bucket="11">0.18</Threshold>
          <Threshold bucket="12">0.18</Threshold>
          <Threshold bucket="Residual">0.18</Threshold>
        </Delta>
        <Vega>
          <Threshold>240</Threshold>
        </Vega>
      </ConcentrationThresholds>
    </CreditQualifying>
    <CreditNonQualifying>
      <RiskWeights>
        <Delta mporDays="10">
          <Weight bucket="1">240</Weight>
          <Weight bucket="2">1000</Weight>
          <Weight bucket="Residual">1000</Weight>
        </Delta>
        <Vega mporDays="10">
          <Weight>0.46</Weight>
        </Vega>
        <Delta mporDays="1">
          <Weight bucket="1">83</Weight>
          <Weight bucket="2">220</Weight>
          <Weight bucket="Residual">220</Weight>
        </Delta>
        <Vega mporDays="1">
          <Weight>0.091</Weight>
        </Vega>
      </RiskWeights>
      <Correlations>
        <IntraBucket>
          <Correlation label1="aggregate" label2="same">0.77</Correlation>
          <Correlation label1="aggregate" label2="different">0.47</Correlation>
          <Correlation label1="residual" label2="same">0.5</Correlation>
          <Correlation label1="residual" label2="different">0.5</Correlation>
        </IntraBucket>
        <InterBucket>
          <Correlation label1="1" label2="2">0.69</Correlation>
          <Correlation label1="2" label2="1">0.69</Correlation>
        </InterBucket>
      </Correlations>
      <ConcentrationThresholds>
        <Delta>
          <Threshold bucket="1">9.5</Threshold>
          <Threshold bucket="2">0.5</Threshold>
          <Threshold bucket="Residual">0.5</Threshold>
        </Delta>
        <Vega>
          <Threshold>56</Threshold>
        </Vega>
      </ConcentrationThresholds>
    </CreditNonQualifying>
    <Equity>
      <RiskWeights>
        <Delta mporDays="10">
          <Weight bucket="1">23</Weight>
          <Weight bucket="2">25</Weight>
          <Weight bucket="3">29</Weight>
          <Weight bucket="4">26</Weight>
          <Weight bucket="5">20</Weight>
          <Weight bucket="6">21</Weight>
          <Weight bucket="7">24</Weight>
          <Weight bucket="8">24</Weight>
          <Weight bucket="9">29</Weight>
          <Weight bucket="10">28</Weight>
          <Weight bucket="11">15</Weight>
          <Weight bucket="12">15</Weight>
          <Weight bucket="Residual">29</Weight>
        </Delta>
        <Vega mporDays="10">
          <Weight bucket="1">0.26</Weight>
          <Weight bucket="2">0.26</Weight>
          <Weight bucket="3">0.26</Weight>
          <Weight bucket="4">0.26</Weight>
          <Weight bucket="5">0.26</Weight>
          <Weight bucket="6">0.26</Weight>
          <Weight bucket="7">0.26</Weight>
          <Weight bucket="8">0.26</Weight>
          <Weight bucket="9">0.26</Weight>
          <Weight bucket="10">0.26</Weight>
          <Weight bucket="11">0.26</Weight>
          <Weight bucket="12">0.67</Weight>
          <Weight bucket="Residual">0.26</Weight>
        </Vega>
        <HistoricalVolatilityRatio mporDays="10">0.6</HistoricalVolatilityRatio>
        <Delta mporDays="1">
          <Weight bucket="1">7.6</Weight>
          <Weight bucket="2">8.1</Weight>
          <Weight bucket="3">9.4</Weight>
          <Weight bucket="4">8.3</Weight>
          <Weight bucket="5">6.8</Weight>
          <Weight bucket="6">7.4</Weight>
          <Weight bucket="7">8.5</Weight>
          <Weight bucket="8">8.6</Weight>
          <Weight bucket="9">9.4</Weight>
          <Weight bucket="10">9.3</Weight>
          <Weight bucket="11">5.5</Weight>
          <Weight bucket="12">5.5</Weight>
          <Weight bucket="Residual">9.4</Weight>
        </Delta>
        <Vega mporDays="1">
          <Weight bucket="1">0.065</Weight>
          <Weight bucket="2">0.065</Weight>
          <Weight bucket="3">0.065</Weight>
          <Weight bucket="4">0.065</Weight>
          <Weight bucket="5">0.065</Weight>
          <Weight bucket="6">0.065</Weight>
          <Weight bucket="7">0.065</Weight>
          <Weight bucket="8">0.065</Weight>
          <Weight bucket="9">0.065</Weight>
          <Weight bucket="10">0.065</Weight>
          <Weight bucket="11">0.065</Weight>
          <Weight bucket="12">0.22</Weight>
          <Weight bucket="Residual">0.065</Weight>
        </Vega>
        <HistoricalVolatilityRatio mporDays="1">0.54</HistoricalVolatilityRatio>
      </RiskWeights>
      <Correlations>
        <IntraBucket>
          <Correlation bucket="1">0.14</Correlation>
          <Correlation bucket="2">0.2</Correlation>
          <Correlation bucket="3">0.28</Correlation>
          <Correlation bucket="4">0.23</Correlation>
          <Correlation bucket="5">0.18</Correlation>
          <Correlation bucket="6">0.29</Correlation>
          <Correlation bucket="7">0.34</Correlation>
          <Correlation bucket="8">0.3</Correlation>
          <Correlation bucket="9">0.19</Correlation>
          <Correlation bucket="10">0.17</Correlation>
          <Correlation bucket="11">0.41</Correlation>
          <Correlation bucket="12">0.41</Correlation>
          <Correlation bucket="Residual">0</Correlation>
        </IntraBucket>
        <InterBucket>
          <Correlation label1="1" label2="2">0.17</Correlation>
          <Correlation label1="1" label2="3">0.18</Correlation>
          <Correlation label1="1" label2="4">0.17</Correlation>
          <Correlation label1="1" label2="5">0.11</Correlation>
          <Correlation label1="1" label2="6">0.15</Correlation>
          <Correlation label1="1" label2="7">0.15</Correlation>
          <Correlation label1="1" label2="8">0.15</Correlation>
          <Correlation label1="1" label2="9">0.15</Correlation>
          <Correlation label1="1" label2="10">0.11</Correlation>
          <Correlation label1="1" label2="11">0.19</Correlation>
          <Correlation label1="1" label2="12">0.19</Correlation>
          <Correlation label1="2" label2="1">0.17</Correlation>
          <Correlation label1="2" label2="3">0.23</Correlation>
          <Correlation label1="2" label2="4">0.21</Correlation>
          <Correlation label1="2" label2="5">0.13</Correlation>
          <Correlation label1="2" label2="6">0.17</Correlation>
          <Correlation label1="2" label2="7">0.18</Correlation>
          <Correlation label1="2" label2="8">0.17</Correlation>
          <Correlation label1="2" label2="9">0.19</Correlation>
          <Correlation label1="2" label2="10">0.13</Correlation>
          <Correlation label1="2" label2="11">0.22</Correlation>
          <Correlation label1="2" label2="12">0.22</Correlation>
          <Correlation label1="3" label2="1">0.18</Correlation>
          <Correlation label1="3" label2="2">0.23</Correlation>
          <Correlation label1="3" label2="4">0.24</Correlation>
          <Correlation label1="3" label2="5">0.14</Correlation>
          <Correlation label1="3" label2="6">0.19</Correlation>
          <Correlation label1="3" label2="7">0.22</Correlation>
          <Correlation label1="3" label2="8">0.19</Correlation>
          <Correlation label1="3" label2="9">0.2</Correlation>
          <Correlation label1="3" label2="10">0.15</Correlation>
          <Correlation label1="3" label2="11">0.25</Correlation>
          <Correlation label1="3" label2="12">0.25</Correlation>
          <Correlation label1="4" label2="1">0.17</Correlation>
          <Correlation label1="4" label2="2">0.21</Correlation>
          <Correlation label1="4" label2="3">0.24</Correlation>
          <Correlation label1="4" label2="5">0.14</Correlation>
          <Correlation label1="4" label2="6">0.19</Correlation>
          <Correlation label1="4" label2="7">0.2</Correlation>
          <Correlation label1="4" label2="8">0.19</Correlation>
          <Correlation label1="4" label2="9">0.2</Correlation>
          <Correlation label1="4" label2="10">0.15</Correlation>
          <Correlation label1="4" label2="11">0.24</Correlation>
          <Correlation label1="4" label2="12">0.24</Correlation>
          <Correlation label1="5" label2="1">0.11</Correlation>
          <Correlation label1="5" label2="2">0.13</Correlation>
          <Correlation label1="5" label2="3">0.14</Correlation>
          <Correlation label1="5" label2="4">0.14</Correlation>
          <Correlation label1="5" label2="6">0.22</Correlation>
          <Correlation label1="5" label2="7">0.21</Correlation>
          <Correlation label1="5" label2="8">0.22</Correlation>
          <Correlation label1="5" label2="9">0.13</Correlation>
          <Correlation label1="5" label2="10">0.16</Correlation>
          <Correlation label1="5" label2="11">0.24</Correlation>
          <Correlation label1="5" label2="12">0.24</Correlation>
          <Correlation label1="6" label2="1">0.15</Correlation>
          <Correlation label1="6" label2="2">0.17</Correlation>
          <Correlation label1="6" label2="3">0.19</Correlation>
          <Correlation label1="6" label2="4">0.19</Correlation>
          <Correlation label1="6" label2="5">0.22</Correlation>
          <Correlation label1="6" label2="7">0.29</Correlation>
          <Correlation label1="6" label2="8">0.29</Correlation>
          <Correlation label1="6" label2="9">0.17</Correlation>
          <Correlation label1="6" label2="10">0.21</Correlation>
          <Correlation label1="6" label2="11">0.32</Correlation>
          <Correlation label1="6" label2="12">0.32</Correlation>
          <Correlation label1="7" label2="1">0.15</Correlation>
          <Correlation label1="7" label2="2">0.18</Correlation>
          <Correlation label1="7" label2="3">0.22</Correlation>
          <Correlation label1="7" label2="4">0.2</Correlation>
          <Correlation label1="7" label2="5">0.21</Correlation>
          <Correlation label1="7" label2="6">0.29</Correlation>
          <Correlation label1="7" label2="8">0.28</Correlation>
          <Correlation label1="7" label2="9">0.17</Correlation>
          <Correlation label1="7" label2="10">0.21</Correlation>
          <Correlation label1="7" label2="11">0.34</Correlation>
          <Correlation label1="7" label2="12">0.34</Correlation>
          <Correlation label1="8" label2="1">0.15</Correlation>
          <Correlation label1="8" label2="2">0.17</Correlation>
          <Correlation label1="8" label2="3">0.19</Correlation>
          <Correlation label1="8" label2="4">0.19</Correlation>
          <Correlation label1="8" label2="5">0.22</Correlation>
          <Correlation label1="8" label2="6">0.29</Correlation>
          <Correlation label1="8" label2="7">0.28</Correlation>
          <Correlation label1="8" label2="9">0.17</Correlation>
          <Correlation label1="8" label2="10">0.21</Correlation>
          <Correlation label1="8" label2="11">0.33</Correlation>
          <Correlation label1="8" label2="12">0.33</Correlation>
          <Correlation label1="9" label2="1">0.15</Correlation>
          <Correlation label1="9" label2="2">0.19</Correlation>
          <Correlation label1="9" label2="3">0.2</Correlation>
          <Correlation label1="9" label2="4">0.2</Correlation>
          <Correlation label1="9" label2="5">0.13</Correlation>
          <Correlation label1="9" label2="6">0.17</Correlation>
          <Correlation label1="9" label2="7">0.17</Correlation>
          <Correlation label1="9" label2="8">0.17</Correlation>
          <Correlation label1="9" label2="10">0.13</Correlation>
          <Correlation label1="9" label2="11">0.21</Correlation>
          <Correlation label1="9" label2="12">0.21</Correlation>
          <Correlation label1="10" label2="1">0.11</Correlation>
          <Correlation label1="10" label2="2">0.13</Correlation>
          <Correlation label1="10" label2="3">0.15</Correlation>
          <Correlation label1="10" label2="4">0.15</Correlation>
          <Correlation label1="10" label2="5">0.16</Correlation>
          <Correlation label1="10" label2="6">0.21</Correlation>
          <Correlation label1="10" label2="7">0.21</Correlation>
          <Correlation label1="10" label2="8">0.21</Correlation>
          <Correlation label1="10" label2="9">0.13</Correlation>
          <Correlation label1="10" label2="11">0.22</Correlation>
          <Correlation label1="10" label2="12">0.22</Correlation>
          <Correlation label1="11" label2="1">0.19</Correlation>
          <Correlation label1="11" label2="2">0.22</Correlation>
          <Correlation label1="11" label2="3">0.25</Correlation>
          <Correlation label1="11" label2="4">0.24</Correlation>
          <Correlation label1="11" label2="5">0.24</Correlation>
          <Correlation label1="11" label2="6">0.32</Correlation>
          <Correlation label1="11" label2="7">0.34</Correlation>
          <Correlation label1="11" label2="8">0.33</Correlation>
          <Correlation label1="11" label2="9">0.21</Correlation>
          <Correlation label1="11" label2="10">0.22</Correlation>
          <Correlation label1="11" label2="12">0.41</Correlation>
          <Correlation label1="12" label2="1">0.19</Correlation>
          <Correlation label1="12" label2="2">0.22</Correlation>
          <Correlation label1="12" label2="3">0.25</Correlation>
          <Correlation label1="12" label2="4">0.24</Correlation>
          <Correlation label1="12" label2="5">0.24</Correlation>
          <Correlation label1="12" label2="6">0.32</Correlation>
          <Correlation label1="12" label2="7">0.34</Correlation>
          <Correlation label1="12" label2="8">0.33</Correlation>
          <Correlation label1="12" label2="9">0.21</Correlation>
          <Correlation label1="12" label2="10">0.22</Correlation>
          <Correlation label1="12" label2="11">0.41</Correlation>
        </InterBucket>
      </Correlations>
      <ConcentrationThresholds>
        <Delta>
          <Threshold bucket="1">7.3</Threshold>
          <Threshold bucket="2">7.3</Threshold>
          <Threshold bucket="3">7.3</Threshold>
          <Threshold bucket="4">7.3</Threshold>
          <Threshold bucket="5">30</Threshold>
          <Threshold bucket="6">30</Threshold>
          <Threshold bucket="7">30</Threshold>
          <Threshold bucket="8">30</Threshold>
          <Threshold bucket="9">2.4</Threshold>
          <Threshold bucket="10">2.4</Threshold>
          <Threshold bucket="11">1400</Threshold>
          <Threshold bucket="12">1400</Threshold>
          <Threshold bucket="Residual">2.4</Threshold>
        </Delta>
        <Vega>
          <Threshold bucket="1">140</Threshold>
          <Threshold bucket="2">140</Threshold>
          <Threshold bucket="3">140</Threshold>
          <Threshold bucket="4">140</Threshold>
          <Threshold bucket="5">1600</Threshold>
          <Threshold bucket="6">1600</Threshold>
          <Threshold bucket="7">1600</Threshold>
          <Threshold bucket="8">1600</Threshold>
          <Threshold bucket="9">38</Threshold>
          <Threshold bucket="10">240</Threshold>
          <Threshold bucket="11">9800</Threshold>
          <Threshold bucket="12">9800</Threshold>
          <Threshold bucket="Residual">38</Threshold>
        </Vega>
      </ConcentrationThresholds>
    </Equity>
    <Commodity>
      <RiskWeights>
        <Delta mporDays="10">
          <Weight bucket="1">16</Weight>
          <Weight bucket="2">20</Weight>
          <Weight bucket="3">23</Weight>
          <Weight bucket="4">18</Weight>
          <Weight bucket="5">28</Weight>
          <Weight bucket="6">18</Weight>
          <Weight bucket="7">17</Weight>
          <Weight bucket="8">57</Weight>
          <Weight bucket="9">21</Weight>
          <Weight bucket="10">39</Weight>
          <Weight bucket="11">20</Weight>
          <Weight bucket="12">20</Weight>
          <Weight bucket="13">15</Weight>
          <Weight bucket="14">15</Weight>
          <Weight bucket="15">11</Weight>
          <Weight bucket="16">57</Weight>
          <Weight bucket="17">16</Weight>
        </Delta>
        <Vega mporDays="10">
          <Weight>0.41</Weight>
        </Vega>
        <HistoricalVolatilityRatio mporDays="10">0.75</HistoricalVolatilityRatio>
        <Delta mporDays="1">
          <Weight bucket="1">5.7</Weight>
          <Weight bucket="2">7.0</Weight>
          <Weight bucket="3">7.0</Weight>
          <Weight bucket="4">5.5</Weight>
          <Weight bucket="5">8.9</Weight>
          <Weight bucket="6">6.6</Weight>
          <Weight bucket="7">6.5</Weight>
          <Weight bucket="8">13</Weight>
          <Weight bucket="9">6.8</Weight>
          <Weight bucket="10">13</Weight>
          <Weight bucket="11">6.0</Weight>
          <Weight bucket="12">5.7</Weight>
          <Weight bucket="13">4.9</Weight>
          <Weight bucket="14">4.6</Weight>
          <Weight bucket="15">3.0</Weight>
          <Weight bucket="16">13</Weight>
          <Weight bucket="17">4.8</Weight>
        </Delta>
        <Vega mporDays="1">
          <Weight>0.13</Weight>
        </Vega>
        <HistoricalVolatilityRatio mporDays="1">0.73</HistoricalVolatilityRatio>
      </RiskWeights>
      <Correlations>
        <IntraBucket>
          <Correlation bucket="1">0.16</Correlation>
          <Correlation bucket="2">0.98</Correlation>
          <Correlation bucket="3">0.77</Correlation>
          <Correlation bucket="4">0.82</Correlation>
          <Correlation bucket="5">0.98</Correlation>
          <Correlation bucket="6">0.89</Correlation>
          <Correlation bucket="7">0.96</Correlation>
          <Correlation bucket="8">0.48</Correlation>
          <Correlation bucket="9">0.64</Correlation>
          <Correlation bucket="10">0.39</Correlation>
          <Correlation bucket="11">0.45</Correlation>
          <Correlation bucket="12">0.53</Correlation>
          <Correlation bucket="13">0.65</Correlation>
          <Correlation bucket="14">0.12</Correlation>
          <Correlation bucket="15">0.21</Correlation>
          <Correlation bucket="16">0</Correlation>
          <Correlation bucket="17">0.35</Correlation>
        </IntraBucket>
        <InterBucket>
          <Correlation label1="1" label2="2">0.15</Correlation>
          <Correlation label1="1" label2="3">0.15</Correlation>
          <Correlation label1="1" label2="4">0.21</Correlation>
          <Correlation label1="1" label2="5">0.16</Correlation>
          <Correlation label1="1" label2="6">0.03</Correlation>
          <Correlation label1="1" label2="7">0.11</Correlation>
          <Correlation label1="1" label2="8">0.02</Correlation>
          <Correlation label1="1" label2="9">0.12</Correlation>
          <Correlation label1="1" label2="10">0.15</Correlation>
          <Correlation label1="1" label2="11">0.15</Correlation>
          <Correlation label1="1" label2="12">0.06</Correlation>
          <Correlation label1="1" label2="13">0.0</Correlation>
          <Correlation label1="1" label2="14">0.04</Correlation>
          <Correlation label1="1" label2="15">0.06</Correlation>
          <Correlation label1="1" label2="16">0</Correlation>
          <Correlation label1="1" label2="17">0.11</Correlation>
          <Correlation label1="2" label2="1">0.15</Correlation>
          <Correlation label1="2" label2="3">0.74</Correlation>
          <Correlation label1="2" label2="4">0.92</Correlation>
          <Correlation label1="2" label2="5">0.89</Correlation>
          <Correlation label1="2" label2="6">0.34</Correlation>
          <Correlation label1="2" label2="7">0.23</Correlation>
          <Correlation label1="2" label2="8">0.16</Correlation>
          <Correlation label1="2" label2="9">0.22</Correlation>
          <Correlation label1="2" label2="10">0.26</Correlation>
          <Correlation label1="2" label2="11">0.31</Correlation>
          <Correlation label1="2" label2="12">0.32</Correlation>
          <Correlation label1="2" label2="13">0.22</Correlation>
          <Correlation label1="2" label2="14">0.25</Correlation>
          <Correlation label1="2" label2="15">0.19</Correlation>
          <Correlation label1="2" label2="16">0</Correlation>
          <Correlation label1="2" label2="17">0.57</Correlation>
          <Correlation label1="3" label2="1">0.15</Correlation>
          <Correlation label1="3" label2="2">0.74</Correlation>
          <Correlation label1="3" label2="4">0.73</Correlation>
          <Correlation label1="3" label2="5">0.69</Correlation>
          <Correlation label1="3" label2="6">0.15</Correlation>
          <Correlation label1="3" label2="7">0.22</Correlation>
          <Correlation label1="3" label2="8">0.08</Correlation>
          <Correlation label1="3" label2="9">0.14</Correlation>
          <Correlation label1="3" label2="10">0.16</Correlation>
          <Correlation label1="3" label2="11">0.21</Correlation>
          <Correlation label1="3" label2="12">0.15</Correlation>
          <Correlation label1="3" label2="13">-0.03</Correlation>
          <Correlation label1="3" label2="14">0.16</Correlation>
          <Correlation label1="3" label2="15">0.14</Correlation>
          <Correlation label1="3" label2="16">0</Correlation>
          <Correlation label1="3" label2="17">0.42</Correlation>
          <Correlation label1="4" label2="1">0.21</Correlation>
          <Correlation label1="4" label2="2">0.92</Correlation>
          <Correlation label1="4" label2="3">0.73</Correlation>
          <Correlation label1="4" label2="5">0.83</Correlation>
          <Correlation label1="4" label2="6">0.3</Correlation>
          <Correlation label1="4" label2="7">0.26</Correlation>
          <Correlation label1="4" label2="8">0.07</Correlation>
          <Correlation label1="4" label2="9">0.19</Correlation>
          <Correlation label1="4" label2="10">0.22</Correlation>
          <Correlation label1="4" label2="11">0.28</Correlation>
          <Correlation label1="4" label2="12">0.31</Correlation>
          <Correlation label1="4" label2="13">0.13</Correlation>
          <Correlation label1="4" label2="14">0.22</Correlation>
          <Correlation label1="4" label2="15">0.11</Correlation>
          <Correlation label1="4" label2="16">0</Correlation>
          <Correlation label1="4" label2="17">0.48</Correlation>
          <Correlation label1="5" label2="1">0.16</Correlation>
          <Correlation label1="5" label2="2">0.89</Correlation>
          <Correlation label1="5" label2="3">0.69</Correlation>
          <Correlation label1="5" label2="4">0.83</Correlation>
          <Correlation label1="5" label2="6">0.12</Correlation>
          <Correlation label1="5" label2="7">0.14</Correlation>
          <Correlation label1="5" label2="8">0.0</Correlation>
          <Correlation label1="5" label2="9">0.06</Correlation>
          <Correlation label1="5" label2="10">0.1</Correlation>
          <Correlation label1="5" label2="11">0.24</Correlation>
          <Correlation label1="5" label2="12">0.2</Correlation>
          <Correlation label1="5" label2="13">0.06</Correlation>
          <Correlation label1="5" label2="14">0.2</Correlation>
          <Correlation label1="5" label2="15">0.09</Correlation>
          <Correlation label1="5" label2="16">0</Correlation>
          <Correlation label1="5" label2="17">0.49</Correlation>
          <Correlation label1="6" label2="1">0.03</Correlation>
          <Correlation label1="6" label2="2">0.34</Correlation>
          <Correlation label1="6" label2="3">0.15</Correlation>
          <Correlation label1="6" label2="4">0.3</Correlation>
          <Correlation label1="6" label2="5">0.12</Correlation>
          <Correlation label1="6" label2="7">0.25</Correlation>
          <Correlation label1="6" label2="8">0.58</Correlation>
          <Correlation label1="6" label2="9">0.21</Correlation>
          <Correlation label1="6" label2="10">0.14</Correlation>
          <Correlation label1="6" label2="11">0.23</Correlation>
          <Correlation label1="6" label2="12">0.15</Correlation>
          <Correlation label1="6" label2="13">0.25</Correlation>
          <Correlation label1="6" label2="14">0.15</Correlation>
          <Correlation label1="6" label2="15">0.12</Correlation>
          <Correlation label1="6" label2="16">0</Correlation>
          <Correlation label1="6" label2="17">0.37</Correlation>
          <Correlation label1="7" label2="1">0.11</Correlation>
          <Correlation label1="7" label2="2">0.23</Correlation>
          <Correlation label1="7" label2="3">0.22</Correlation>
          <Correlation label1="7" label2="4">0.26</Correlation>
          <Correlation label1="7" label2="5">0.14</Correlation>
          <Correlation label1="7" label2="6">0.25</Correlation>
          <Correlation label1="7" label2="8">0.19</Correlation>
          <Correlation label1="7" label2="9">0.64</Correlation>
          <Correlation label1="7" label2="10">0.19</Correlation>
          <Correlation label1="7" label2="11">0.03</Correlation>
          <Correlation label1="7" label2="12">-0.03</Correlation>
          <Correlation label1="7" label2="13">0.04</Correlation>
          <Correlation label1="7" label2="14">0.05</Correlation>
          <Correlation label1="7" label2="15">0.06</Correlation>
          <Correlation label1="7" label2="16">0</Correlation>
          <Correlation label1="7" label2="17">0.17</Correlation>
          <Correlation label1="8" label2="1">0.02</Correlation>
          <Correlation label1="8" label2="2">0.16</Correlation>
          <Correlation label1="8" label2="3">0.08</Correlation>
          <Correlation label1="8" label2="4">0.07</Correlation>
          <Correlation label1="8" label2="5">0.0</Correlation>
          <Correlation label1="8" label2="6">0.58</Correlation>
          <Correlation label1="8" label2="7">0.19</Correlation>
          <Correlation label1="8" label2="9">0.17</Correlation>
          <Correlation label1="8" label2="10">-0.01</Correlation>
          <Correlation label1="8" label2="11">0.08</Correlation>
          <Correlation label1="8" label2="12">0.01</Correlation>
          <Correlation label1="8" label2="13">0.11</Correlation>
          <Correlation label1="8" label2="14">0.08</Correlation>
          <Correlation label1="8" label2="15">0.08</Correlation>
          <Correlation label1="8" label2="16">0</Correlation>
          <Correlation label1="8" label2="17">0.15</Correlation>
          <Correlation label1="9" label2="1">0.12</Correlation>
          <Correlation label1="9" label2="2">0.22</Correlation>
          <Correlation label1="9" label2="3">0.14</Correlation>
          <Correlation label1="9" label2="4">0.19</Correlation>
          <Correlation label1="9" label2="5">0.06</Correlation>
          <Correlation label1="9" label2="6">0.21</Correlation>
          <Correlation label1="9" label2="7">0.64</Correlation>
          <Correlation label1="9" label2="8">0.17</Correlation>
          <Correlation label1="9" label2="10">0.1</Correlation>
          <Correlation label1="9" label2="11">0.05</Correlation>
          <Correlation label1="9" label2="12">-0.04</Correlation>
          <Correlation label1="9" label2="13">0.05</Correlation>
          <Correlation label1="9" label2="14">0.03</Correlation>
          <Correlation label1="9" label2="15">0.05</Correlation>
          <Correlation label1="9" label2="16">0</Correlation>
          <Correlation label1="9" label2="17">0.17</Correlation>
          <Correlation label1="10" label2="1">0.15</Correlation>
          <Correlation label1="10" label2="2">0.26</Correlation>
          <Correlation label1="10" label2="3">0.16</Correlation>
          <Correlation label1="10" label2="4">0.22</Correlation>
          <Correlation label1="10" label2="5">0.1</Correlation>
          <Correlation label1="10" label2="6">0.14</Correlation>
          <Correlation label1="10" label2="7">0.19</Correlation>
          <Correlation label1="10" label2="8">-0.01</Correlation>
          <Correlation label1="10" label2="9">0.1</Correlation>
          <Correlation label1="10" label2="11">0.12</Correlation>
          <Correlation label1="10" label2="12">0.13</Correlation>
          <Correlation label1="10" label2="13">0.12</Correlation>
          <Correlation label1="10" label2="14">0.1</Correlation>
          <Correlation label1="10" label2="15">0.12</Correlation>
          <Correlation label1="10" label2="16">0</Correlation>
          <Correlation label1="10" label2="17">0.17</Correlation>
          <Correlation label1="11" label2="1">0.15</Correlation>
          <Correlation label1="11" label2="2">0.31</Correlation>
          <Correlation label1="11" label2="3">0.21</Correlation>
          <Correlation label1="11" label2="4">0.28</Correlation>
          <Correlation label1="11" label2="5">0.24</Correlation>
          <Correlation label1="11" label2="6">0.23</Correlation>
          <Correlation label1="11" label2="7">0.03</Correlation>
          <Correlation label1="11" label2="8">0.08</Correlation>
          <Correlation label1="11" label2="9">0.05</Correlation>
          <Correlation label1="11" label2="10">0.12</Correlation>
          <Correlation label1="11" label2="12">0.34</Correlation>
          <Correlation label1="11" label2="13">0.23</Correlation>
          <Correlation label1="11" label2="14">0.17</Correlation>
          <Correlation label1="11" label2="15">0.14</Correlation>
          <Correlation label1="11" label2="16">0</Correlation>
          <Correlation label1="11" label2="17">0.3</Correlation>
          <Correlation label1="12" label2="1">0.06</Correlation>
          <Correlation label1="12" label2="2">0.32</Correlation>
          <Correlation label1="12" label2="3">0.15</Correlation>
          <Correlation label1="12" label2="4">0.31</Correlation>
          <Correlation label1="12" label2="5">0.2</Correlation>
          <Correlation label1="12" label2="6">0.15</Correlation>
          <Correlation label1="12" label2="7">-0.03</Correlation>
          <Correlation label1="12" label2="8">0.01</Correlation>
          <Correlation label1="12" label2="9">-0.04</Correlation>
          <Correlation label1="12" label2="10">0.13</Correlation>
          <Correlation label1="12" label2="11">0.34</Correlation>
          <Correlation label1="12" label2="13">0.15</Correlation>
          <Correlation label1="12" label2="14">0.19</Correlation>
          <Correlation label1="12" label2="15">0.11</Correlation>
          <Correlation label1="12" label2="16">0</Correlation>
          <Correlation label1="12" label2="17">0.27</Correlation>
          <Correlation label1="13" label2="1">0.0</Correlation>
          <Correlation label1="13" label2="2">0.22</Correlation>
          <Correlation label1="13" label2="3">-0.03</Correlation>
          <Correlation label1="13" label2="4">0.13</Correlation>
          <Correlation label1="13" label2="5">0.06</Correlation>
          <Correlation label1="13" label2="6">0.25</Correlation>
          <Correlation label1="13" label2="7">0.04</Correlation>
          <Correlation label1="13" label2="8">0.11</Correlation>
          <Correlation label1="13" label2="9">0.05</Correlation>
          <Correlation label1="13" label2="10">0.12</Correlation>
          <Correlation label1="13" label2="11">0.23</Correlation>
          <Correlation label1="13" label2="12">0.15</Correlation>
          <Correlation label1="13" label2="14">0.26</Correlation>
          <Correlation label1="13" label2="15">0.14</Correlation>
          <Correlation label1="13" label2="16">0</Correlation>
          <Correlation label1="13" label2="17">0.26</Correlation>
          <Correlation label1="14" label2="1">0.04</Correlation>
          <Correlation label1="14" label2="2">0.25</Correlation>
          <Correlation label1="14" label2="3">0.16</Correlation>
          <Correlation label1="14" label2="4">0.22</Correlation>
          <Correlation label1="14" label2="5">0.2</Correlation>
          <Correlation label1="14" label2="6">0.15</Correlation>
          <Correlation label1="14" label2="7">0.05</Correlation>
          <Correlation label1="14" label2="8">0.08</Correlation>
          <Correlation label1="14" label2="9">0.03</Correlation>
          <Correlation label1="14" label2="10">0.1</Correlation>
          <Correlation label1="14" label2="11">0.17</Correlation>
          <Correlation label1="14" label2="12">0.19</Correlation>
          <Correlation label1="14" label2="13">0.26</Correlation>
          <Correlation label1="14" label2="15">0.1</Correlation>
          <Correlation label1="14" label2="16">0</Correlation>
          <Correlation label1="14" label2="17">0.22</Correlation>
          <Correlation label1="15" label2="1">0.06</Correlation>
          <Correlation label1="15" label2="2">0.19</Correlation>
          <Correlation label1="15" label2="3">0.14</Correlation>
          <Correlation label1="15" label2="4">0.11</Correlation>
          <Correlation label1="15" label2="5">0.09</Correlation>
          <Correlation label1="15" label2="6">0.12</Correlation>
          <Correlation label1="15" label2="7">0.06</Correlation>
          <Correlation label1="15" label2="8">0.08</Correlation>
          <Correlation label1="15" label2="9">0.05</Correlation>
          <Correlation label1="15" label2="10">0.12</Correlation>
          <Correlation label1="15" label2="11">0.14</Correlation>
          <Correlation label1="15" label2="12">0.11</Correlation>
          <Correlation label1="15" label2="13">0.14</Correlation>
          <Correlation label1="15" label2="14">0.1</Correlation>
          <Correlation label1="15" label2="16">0</Correlation>
          <Correlation label1="15" label2="17">0.2</Correlation>
          <Correlation label1="16" label2="1">0</Correlation>
          <Correlation label1="16" label2="2">0</Correlation>
          <Correlation label1="16" label2="3">0</Correlation>
          <Correlation label1="16" label2="4">0</Correlation>
          <Correlation label1="16" label2="5">0</Correlation>
          <Correlation label1="16" label2="6">0</Correlation>
          <Correlation label1="16" label2="7">0</Correlation>
          <Correlation label1="16" label2="8">0</Correlation>
          <Correlation label1="16" label2="9">0</Correlation>
          <Correlation label1="16" label2="10">0</Correlation>
          <Correlation label1="16" label2="11">0</Correlation>
          <Correlation label1="16" label2="12">0</Correlation>
          <Correlation label1="16" label2="13">0</Correlation>
          <Correlation label1="16" label2="14">0</Correlation>
          <Correlation label1="16" label2="15">0</Correlation>
          <Correlation label1="16" label2="17">0</Correlation>
          <Correlation label1="17" label2="1">0.11</Correlation>
          <Correlation label1="17" label2="2">0.57</Correlation>
          <Correlation label1="17" label2="3">0.42</Correlation>
          <Correlation label1="17" label2="4">0.48</Correlation>
          <Correlation label1="17" label2="5">0.49</Correlation>
          <Correlation label1="17" label2="6">0.37</Correlation>
          <Correlation label1="17" label2="7">0.17</Correlation>
          <Correlation label1="17" label2="8">0.15</Correlation>
          <Correlation label1="17" label2="9">0.17</Correlation>
          <Correlation label1="17" label2="10">0.17</Correlation>
          <Correlation label1="17" label2="11">0.3</Correlation>
          <Correlation label1="17" label2="12">0.27</Correlation>
          <Correlation label1="17" label2="13">0.26</Correlation>
          <Correlation label1="17" label2="14">0.22</Correlation>
          <Correlation label1="17" label2="15">0.2</Correlation>
          <Correlation label1="17" label2="16">0</Correlation>
        </InterBucket>
      </Correlations>
      <ConcentrationThresholds>
        <Delta>
          <Threshold bucket="1">310</Threshold>
          <Threshold bucket="2">1700</Threshold>
          <Threshold bucket="3">1300</Threshold>
          <Threshold bucket="4">1300</Threshold>
          <Threshold bucket="5">1300</Threshold>
          <Threshold bucket="6">2800</Threshold>
          <Threshold bucket="7">2800</Threshold>
          <Threshold bucket="8">2200</Threshold>
          <Threshold bucket="9">2200</Threshold>
          <Threshold bucket="10">52</Threshold>
          <Threshold bucket="11">490</Threshold>
          <Threshold bucket="12">1300</Threshold>
          <Threshold bucket="13">73</Threshold>
          <Threshold bucket="14">73</Threshold>
          <Threshold bucket="15">73</Threshold>
          <Threshold bucket="16">52</Threshold>
          <Threshold bucket="17">4000</Threshold>
        </Delta>
        <Vega>
          <Threshold bucket="1">130</Threshold>
          <Threshold bucket="2">1700</Threshold>
          <Threshold bucket="3">290</Threshold>
          <Threshold bucket="4">290</Threshold>
          <Threshold bucket="5">290</Threshold>
          <Threshold bucket="6">2300</Threshold>
          <Threshold bucket="7">2300</Threshold>
          <Threshold bucket="8">800</Threshold>
          <Threshold bucket="9">800</Threshold>
          <Threshold bucket="10">74</Threshold>
          <Threshold bucket="11">420</Threshold>
          <Threshold bucket="12">700</Threshold>
          <Threshold bucket="13">560</Threshold>
          <Threshold bucket="14">560</Threshold>
          <Threshold bucket="15">560</Threshold>
          <Threshold bucket="16">74</Threshold>
          <Threshold bucket="17">300</Threshold>
        </Vega>
      </ConcentrationThresholds>
    </Commodity>
    <FX>
      <RiskWeights>
        <Delta mporDays="10">
          <Weight label1="2" label2="2">7.5</Weight>
          <Weight label1="2" label2="1">7.5</Weight>
          <Weight label1="1" label2="2">7.5</Weight>
          <Weight label1="1" label2="1">7.5</Weight>
        </Delta>
        <Vega mporDays="10">
          <Weight>0.3</Weight>
        </Vega>
        <HistoricalVolatilityRatio mporDays="10">0.58</HistoricalVolatilityRatio>
        <Delta mporDays="1">
          <Weight label1="2" label2="2">1.8</Weight>
          <Weight label1="2" label2="1">1.8</Weight>
          <Weight label1="1" label2="2">1.8</Weight>
          <Weight label1="1" label2="1">1.8</Weight>
        </Delta>
        <Vega mporDays="1">
          <Weight>0.077</Weight>
        </Vega>
        <HistoricalVolatilityRatio mporDays="1">0.76</HistoricalVolatilityRatio>
        <CurrencyLists>
          <Currency bucket="2">Other</Currency>
        </CurrencyLists>
      </RiskWeights>
      <Correlations>
        <IntraBucket>
          <Correlation bucket="1" label1="2" label2="2">0.5</Correlation>
          <Correlation bucket="1" label1="2" label2="1">0.5</Correlation>
          <Correlation bucket="1" label1="1" label2="2">0.5</Correlation>
          <Correlation bucket="1" label1="1" label2="1">0.5</Correlation>
          <Correlation bucket="2" label1="2" label2="2">0.5</Correlation>
          <Correlation bucket="2" label1="2" label2="1">0.5</Correlation>
          <Correlation bucket="2" label1="1" label2="2">0.5</Correlation>
          <Correlation bucket="2" label1="1" label2="1">0.5</Correlation>
        </IntraBucket>
        <Volatility>0.5</Volatility>
      </Correlations>
      <ConcentrationThresholds>
        <Delta>
          <Threshold bucket="1">8900</Threshold>
          <Threshold bucket="2">2000</Threshold>
          <Threshold bucket="3">250</Threshold>
        </Delta>
        <Vega>
          <Threshold bucket="1">3900</Threshold>
          <Threshold bucket="2">1400</Threshold>
          <Threshold bucket="3">640</Threshold>
          <Threshold bucket="4">690</Threshold>
          <Threshold bucket="5">440</Threshold>
          <Threshold bucket="6">280</Threshold>
        </Vega>
        <CurrencyLists>
          <Currency bucket="1">USD</Currency>
          <Currency bucket="1">EUR</Currency>
          <Currency bucket="1">JPY</Currency>
          <Currency bucket="1">GBP</Currency>
          <Currency bucket="1">AUD</Currency>
          <Currency bucket="1">CHF</Currency>
          <Currency bucket="1">CAD</Currency>
          <Currency bucket="2">BRL</Currency>
          <Currency bucket="2">CNY</Currency>
          <Currency bucket="2">HKD</Currency>
          <Currency bucket="2">INR</Currency>
          <Currency bucket="2">KRW</Currency>
          <Currency bucket="2">MXN</Currency>
          <Currency bucket="2">NOK</Currency>
          <Currency bucket="2">NZD</Currency>
          <Currency bucket="2">RUB</Currency>
          <Currency bucket="2">SEK</Currency>
          <Currency bucket="2">SGD</Currency>
          <Currency bucket="2">TRY</Currency>
          <Currency bucket="2">ZAR</Currency>
          <Currency bucket="3">Other</Currency>
        </CurrencyLists>
      </ConcentrationThresholds>
    </FX>
    <RiskClassCorrelations>
      <Correlation label1="InterestRate" label2="FX">0.18</Correlation>
      <Correlation label1="InterestRate" label2="Equity">0.31</Correlation>
      <Correlation label1="InterestRate" label2="CreditQualifying">0.29</Correlation>
      <Correlation label1="InterestRate" label2="CreditNonQualifying">0.28</Correlation>
      <Correlation label1="InterestRate" label2="Commodity">0.35</Correlation>
      <Correlation label1="FX" label2="InterestRate">0.18</Correlation>
      <Correlation label1="FX" label2="Equity">0.3</Correlation>
      <Correlation label1="FX" label2="CreditQualifying">0.35</Correlation>
      <Correlation label1="FX" label2="CreditNonQualifying">0.18</Correlation>
      <Correlation label1="FX" label2="Commodity">0.31</Correlation>
      <Correlation label1="Equity" label2="InterestRate">0.31</Correlation>
      <Correlation label1="Equity" label2="FX">0.3</Correlation>
      <Correlation label1="Equity" label2="CreditQualifying">0.61</Correlation>
      <Correlation label1="Equity" label2="CreditNonQualifying">0.47</Correlation>
      <Correlation label1="Equity" label2="Commodity">0.47</Correlation>
      <Correlation label1="CreditQualifying" label2="InterestRate">0.29</Correlation>
      <Correlation label1="CreditQualifying" label2="FX">0.35</Correlation>
      <Correlation label1="CreditQualifying" label2="Equity">0.61</Correlation>
      <Correlation label1="CreditQualifying" label2="CreditNonQualifying">0.51</Correlation>
      <Correlation label1="CreditQualifying" label2="Commodity">0.43</Correlation>
      <Correlation label1="CreditNonQualifying" label2="InterestRate">0.28</Correlation>
      <Correlation label1="CreditNonQualifying" label2="FX">0.18</Correlation>
      <Correlation label1="CreditNonQualifying" label2="Equity">0.47</Correlation>
      <Correlation label1="CreditNonQualifying" label2="CreditQualifying">0.51</Correlation>
      <Correlation label1="CreditNonQualifying" label2="Commodity">0.34</Correlation>
      <Correlation label1="Commodity" label2="InterestRate">0.35</Correlation>
      <Correlation label1="Commodity" label2="FX">0.31</Correlation>
      <Correlation label1="Commodity" label2="Equity">0.47</Correlation>
      <Correlation label1="Commodity" label2="CreditQualifying">0.43</Correlation>
      <Correlation label1="Commodity" label2="CreditNonQualifying">0.34</Correlation>
    </RiskClassCorrelations>
  </SIMMCalibration>
</SIMMCalibrationData>
