#TradeId,TradeType,Maturity,MaturityTime,NPV,NpvCurrency,NPV(Base),BaseCurrency,Notional,NotionalCurrency,Notional(Base),NettingSet,CounterParty
FX_Forward_2D,FxForward,2022-02-04,0.010959,-5242.684425,USD,-5242.684425,USD,1090000.00,USD,1090000.00,CPTY_A,CPTY_A
FX_Forward_3D,FxForward,2022-02-07,0.019178,-4995.938916,USD,-4995.938916,USD,1090000.00,USD,1090000.00,CPTY_A,CPTY_A
FX_Forward_7D,FxForward,2022-02-09,0.024658,-4831.515145,USD,-4831.515145,USD,1090000.00,USD,1090000.00,CPTY_A,CPTY_A
SCRIPTED_FX_TARF,FxTaRF,2023-02-21,1.057534,-8684.565189,USD,-8684.565189,USD,1030000.00,USD,1030000.00,CPTY_A,CPTY_A
