<?xml version="1.0"?>
<ORE>
  <Setup>
    <Parameter name="asofDate">2019-12-30</Parameter>
    <Parameter name="inputPath">Input</Parameter>
    <Parameter name="outputPath">Output/SIMM2.6_1D</Parameter>
    <Parameter name="logFile">log.txt</Parameter>
    <Parameter name="logMask">255</Parameter>
    <Parameter name="marketDataFile">market.txt</Parameter>
    <Parameter name="fixingDataFile"></Parameter>
    <Parameter name="implyTodaysFixings">N</Parameter>
    <Parameter name="curveConfigFile">../../Input/curveconfig.xml</Parameter>
    <Parameter name="conventionsFile">../../Input/conventions.xml</Parameter>
    <Parameter name="marketConfigFile">todaysmarket.xml</Parameter>
    <Parameter name="pricingEnginesFile">../../Input/pricingengine.xml</Parameter>
    <Parameter name="portfolioFile"></Parameter>
    <Parameter name="observationModel">None</Parameter>
  </Setup>
  <Markets>
    <Parameter name="lgmcalibration">default</Parameter>
    <Parameter name="fxcalibration">default</Parameter>
    <Parameter name="pricing">default</Parameter>
    <Parameter name="simulation">default</Parameter>
  </Markets>
  <Analytics>
    <Analytic type="simm">
      <Parameter name="active">Y</Parameter>
      <!-- 1.0, 1.1, 1.2, 1.3, 1.3.38, 2.0, 2.1, 2.2, 2.3, 2.4, 2.5, 2.5A, 2.6 -->
      <Parameter name="version">2.6</Parameter>
      <Parameter name="crif">crif.csv</Parameter>
      <Parameter name="calculationCurrency">USD</Parameter>
      <Parameter name="enforceIMRegulations">Y</Parameter>
      <Parameter name="mporDays">1</Parameter>
    </Analytic>
  </Analytics>
</ORE>
