<?xml version="1.0"?>
<ORE>
  <Setup>
    <Parameter name="asofDate">2016-02-05</Parameter>
    <Parameter name="inputPath">Input</Parameter>
    <Parameter name="outputPath">Output</Parameter>
    <Parameter name="logFile">log.txt</Parameter>
    <Parameter name="logMask">31</Parameter>
    <Parameter name="marketDataFile">../../Input/market_20160205_flat.txt</Parameter>
    <Parameter name="fixingDataFile">../../Input/fixings_20160205.txt</Parameter>
    <Parameter name="implyTodaysFixings">N</Parameter>
    <Parameter name="curveConfigFile">../../Input/curveconfig.xml</Parameter>
    <Parameter name="conventionsFile">../../Input/conventions.xml</Parameter>
    <Parameter name="marketConfigFile">../../Input/todaysmarket.xml</Parameter>
    <Parameter name="pricingEnginesFile">../../Input/pricingengine.xml</Parameter>
    <Parameter name="observationModel">None</Parameter>
    <Parameter name="baseCurrency">EUR</Parameter>
    <Parameter name="nThreads">1</Parameter>
  </Setup>
  <Markets>
    <Parameter name="lgmcalibration">collateral_inccy</Parameter>
    <Parameter name="fxcalibration">xois_eur</Parameter>
    <Parameter name="pricing">xois_eur</Parameter>
    <Parameter name="simulation">xois_eur</Parameter>
    <Parameter name="sensitivity">xois_eur</Parameter>
  </Markets>
  <Analytics>
    <Analytic type="scenario">
      <Parameter name="active">Y</Parameter>
      <Parameter name="simulationConfigFile">simulation.xml</Parameter>
      <Parameter name="scenarioOutputFile">scenario.csv</Parameter>
    </Analytic>
  </Analytics>
</ORE>
