<Simulation>
	<Market>
		<BaseCurrency>EUR</BaseCurrency>
		<Currencies>
			<Currency>USD</Currency>
			<Currency>EUR</Currency>
		</Currencies>
		<YieldCurves>
			<Configuration curve="">
				<Tenors>2W, 1M, 3M, 6M, 1Y, 2Y, 3Y, 5Y, 10Y, 15Y, 20Y, 30Y</Tenors>
				<Interpolation>LogLinear</Interpolation>
				<Extrapolation>FlatZero</Extrapolation>
			</Configuration>
		</YieldCurves>
		<Indices>
			<Index>USD-FedFunds</Index>
			<Index>USD-Libor-3M</Index>
			<Index>EUR-EONIA</Index>
			<Index>EUR-EURIBOR-3M</Index>
		</Indices>
		<BenchmarkCurves/>
		<FxRates>
			<CurrencyPairs/>
		</FxRates>
	</Market>
</Simulation>