<TodaysMarket>
	<Configuration id="default">
		<YieldCurvesId>default</YieldCurvesId>
		<DiscountingCurvesId>default</DiscountingCurvesId>
		<IndexForwardingCurvesId>default</IndexForwardingCurvesId>
		<SwapIndexCurvesId>default</SwapIndexCurvesId>
		<ZeroInflationIndexCurvesId>default</ZeroInflationIndexCurvesId>
		<YYInflationIndexCurvesId>default</YYInflationIndexCurvesId>
		<FxSpotsId>default</FxSpotsId>
		<FxVolatilitiesId>default</FxVolatilitiesId>
		<SwaptionVolatilitiesId>default</SwaptionVolatilitiesId>
		<YieldVolatilitiesId>default</YieldVolatilitiesId>
		<CapFloorVolatilitiesId>default</CapFloorVolatilitiesId>
		<CDSVolatilitiesId>default</CDSVolatilitiesId>
		<DefaultCurvesId>default</DefaultCurvesId>
		<YYInflationCapFloorVolatilitiesId>default</YYInflationCapFloorVolatilitiesId>
		<ZeroInflationCapFloorVolatilitiesId>default</ZeroInflationCapFloorVolatilitiesId>
		<EquityCurvesId>default</EquityCurvesId>
		<EquityVolatilitiesId>default</EquityVolatilitiesId>
		<SecuritiesId>default</SecuritiesId>
		<BaseCorrelationsId>default</BaseCorrelationsId>
		<CommodityCurvesId>default</CommodityCurvesId>
		<CommodityVolatilitiesId>default</CommodityVolatilitiesId>
		<CorrelationsId>default</CorrelationsId>
	</Configuration>
	<DiscountingCurves id="default">
		<DiscountingCurve currency="USD">Yield/EUR/EUR-EONIA</DiscountingCurve>
		<DiscountingCurve currency="AUD">Yield/AUD/AUD-IN-USD</DiscountingCurve>
		<DiscountingCurve currency="TRY">Yield/TRY/TRY-IN-USD</DiscountingCurve>
		<DiscountingCurve currency="AMD">Yield/AMD/AMD-IN-USD</DiscountingCurve>
		<DiscountingCurve currency="EUR">Yield/EUR/EUR-IN-USD</DiscountingCurve>
	</DiscountingCurves>
	<IndexForwardingCurves id="default">
		<Index name="USD-FedFunds">Yield/USD/USD-FedFunds</Index>
		<Index name="EUR-EONIA">Yield/EUR/EUR-EONIA</Index>
		<Index name="EUR-ESTER">Yield/EUR/EUR-ESTER</Index>
		<Index name="EUR-EURIBOR-3M">Yield/EUR/EUR-EURIBOR-3M</Index>
		<Index name="USD-SOFR">Yield/USD/USD-SOFR</Index>
		<Index name="USD-LIBOR-3M">Yield/USD/USD-LIBOR-3M</Index>
	</IndexForwardingCurves>
	<FxSpots id="default">
		<FxSpot pair="EURUSD">FX/EUR/USD</FxSpot>
	</FxSpots>
</TodaysMarket>