{ "category": "Error", "group": "Curve", "message": "No security spread or bond price to imply the spread is given. Will proceed assuming a zero spread.", "sub_fields": [ { "name": "curveId", "value": "Security/ISIN:XS0983610930" }, { "name": "exceptionType", "value": "Missing security spread" } ] }
{ "category": "Error", "group": "Curve", "message": "No security spread or bond price to imply the spread is given. Will proceed assuming a zero spread.", "sub_fields": [ { "name": "curveId", "value": "Security/SECURITY_2" }, { "name": "exceptionType", "value": "Missing security spread" } ] }
