{ "@timestamp": "2024-06-05T09:04:01.220291", "detail": "2 trades, 121 samples", "key": "sensitivities", "progress": 0, "total": 242 }
{ "@timestamp": "2024-06-05T09:04:01.220291", "detail": "2 trades, 121 samples", "key": "sensitivities", "progress": 4, "total": 242 }
{ "@timestamp": "2024-06-05T09:04:01.220291", "detail": "2 trades, 121 samples", "key": "sensitivities", "progress": 6, "total": 242 }
{ "@timestamp": "2024-06-05T09:04:01.236115", "detail": "2 trades, 121 samples", "key": "sensitivities", "progress": 8, "total": 242 }
{ "@timestamp": "2024-06-05T09:04:01.236115", "detail": "2 trades, 121 samples", "key": "sensitivities", "progress": 10, "total": 242 }
{ "@timestamp": "2024-06-05T09:04:01.236115", "detail": "2 trades, 121 samples", "key": "sensitivities", "progress": 14, "total": 242 }
{ "@timestamp": "2024-06-05T09:04:01.236115", "detail": "2 trades, 121 samples", "key": "sensitivities", "progress": 16, "total": 242 }
{ "@timestamp": "2024-06-05T09:04:01.236115", "detail": "2 trades, 121 samples", "key": "sensitivities", "progress": 18, "total": 242 }
{ "@timestamp": "2024-06-05T09:04:01.252122", "detail": "2 trades, 121 samples", "key": "sensitivities", "progress": 20, "total": 242 }
{ "@timestamp": "2024-06-05T09:04:01.252122", "detail": "2 trades, 121 samples", "key": "sensitivities", "progress": 22, "total": 242 }
{ "@timestamp": "2024-06-05T09:04:01.252122", "detail": "2 trades, 121 samples", "key": "sensitivities", "progress": 26, "total": 242 }
{ "@timestamp": "2024-06-05T09:04:01.252122", "detail": "2 trades, 121 samples", "key": "sensitivities", "progress": 28, "total": 242 }
{ "@timestamp": "2024-06-05T09:04:01.267864", "detail": "2 trades, 121 samples", "key": "sensitivities", "progress": 30, "total": 242 }
{ "@timestamp": "2024-06-05T09:04:01.268031", "detail": "2 trades, 121 samples", "key": "sensitivities", "progress": 32, "total": 242 }
{ "@timestamp": "2024-06-05T09:04:01.268031", "detail": "2 trades, 121 samples", "key": "sensitivities", "progress": 34, "total": 242 }
{ "@timestamp": "2024-06-05T09:04:01.268031", "detail": "2 trades, 121 samples", "key": "sensitivities", "progress": 38, "total": 242 }
{ "@timestamp": "2024-06-05T09:04:01.268031", "detail": "2 trades, 121 samples", "key": "sensitivities", "progress": 40, "total": 242 }
{ "@timestamp": "2024-06-05T09:04:01.284381", "detail": "2 trades, 121 samples", "key": "sensitivities", "progress": 42, "total": 242 }
{ "@timestamp": "2024-06-05T09:04:01.286265", "detail": "2 trades, 121 samples", "key": "sensitivities", "progress": 44, "total": 242 }
{ "@timestamp": "2024-06-05T09:04:01.286265", "detail": "2 trades, 121 samples", "key": "sensitivities", "progress": 46, "total": 242 }
{ "@timestamp": "2024-06-05T09:04:01.286265", "detail": "2 trades, 121 samples", "key": "sensitivities", "progress": 50, "total": 242 }
{ "@timestamp": "2024-06-05T09:04:01.286265", "detail": "2 trades, 121 samples", "key": "sensitivities", "progress": 52, "total": 242 }
{ "@timestamp": "2024-06-05T09:04:01.286265", "detail": "2 trades, 121 samples", "key": "sensitivities", "progress": 54, "total": 242 }
{ "@timestamp": "2024-06-05T09:04:01.304502", "detail": "2 trades, 121 samples", "key": "sensitivities", "progress": 56, "total": 242 }
{ "@timestamp": "2024-06-05T09:04:01.304502", "detail": "2 trades, 121 samples", "key": "sensitivities", "progress": 60, "total": 242 }
{ "@timestamp": "2024-06-05T09:04:01.304502", "detail": "2 trades, 121 samples", "key": "sensitivities", "progress": 62, "total": 242 }
{ "@timestamp": "2024-06-05T09:04:01.304502", "detail": "2 trades, 121 samples", "key": "sensitivities", "progress": 64, "total": 242 }
{ "@timestamp": "2024-06-05T09:04:01.304502", "detail": "2 trades, 121 samples", "key": "sensitivities", "progress": 66, "total": 242 }
{ "@timestamp": "2024-06-05T09:04:01.320221", "detail": "2 trades, 121 samples", "key": "sensitivities", "progress": 68, "total": 242 }
{ "@timestamp": "2024-06-05T09:04:01.320221", "detail": "2 trades, 121 samples", "key": "sensitivities", "progress": 72, "total": 242 }
{ "@timestamp": "2024-06-05T09:04:01.327641", "detail": "2 trades, 121 samples", "key": "sensitivities", "progress": 74, "total": 242 }
{ "@timestamp": "2024-06-05T09:04:01.327641", "detail": "2 trades, 121 samples", "key": "sensitivities", "progress": 76, "total": 242 }
{ "@timestamp": "2024-06-05T09:04:01.327641", "detail": "2 trades, 121 samples", "key": "sensitivities", "progress": 78, "total": 242 }
{ "@timestamp": "2024-06-05T09:04:01.335803", "detail": "2 trades, 121 samples", "key": "sensitivities", "progress": 80, "total": 242 }
{ "@timestamp": "2024-06-05T09:04:01.335803", "detail": "2 trades, 121 samples", "key": "sensitivities", "progress": 84, "total": 242 }
{ "@timestamp": "2024-06-05T09:04:01.343809", "detail": "2 trades, 121 samples", "key": "sensitivities", "progress": 86, "total": 242 }
{ "@timestamp": "2024-06-05T09:04:01.343809", "detail": "2 trades, 121 samples", "key": "sensitivities", "progress": 88, "total": 242 }
{ "@timestamp": "2024-06-05T09:04:01.352460", "detail": "2 trades, 121 samples", "key": "sensitivities", "progress": 90, "total": 242 }
{ "@timestamp": "2024-06-05T09:04:01.352460", "detail": "2 trades, 121 samples", "key": "sensitivities", "progress": 92, "total": 242 }
{ "@timestamp": "2024-06-05T09:04:01.352460", "detail": "2 trades, 121 samples", "key": "sensitivities", "progress": 96, "total": 242 }
{ "@timestamp": "2024-06-05T09:04:01.360703", "detail": "2 trades, 121 samples", "key": "sensitivities", "progress": 98, "total": 242 }
{ "@timestamp": "2024-06-05T09:04:01.360703", "detail": "2 trades, 121 samples", "key": "sensitivities", "progress": 100, "total": 242 }
{ "@timestamp": "2024-06-05T09:04:01.369361", "detail": "2 trades, 121 samples", "key": "sensitivities", "progress": 102, "total": 242 }
{ "@timestamp": "2024-06-05T09:04:01.369361", "detail": "2 trades, 121 samples", "key": "sensitivities", "progress": 106, "total": 242 }
{ "@timestamp": "2024-06-05T09:04:01.369361", "detail": "2 trades, 121 samples", "key": "sensitivities", "progress": 108, "total": 242 }
{ "@timestamp": "2024-06-05T09:04:01.377502", "detail": "2 trades, 121 samples", "key": "sensitivities", "progress": 110, "total": 242 }
{ "@timestamp": "2024-06-05T09:04:01.377502", "detail": "2 trades, 121 samples", "key": "sensitivities", "progress": 112, "total": 242 }
{ "@timestamp": "2024-06-05T09:04:01.377502", "detail": "2 trades, 121 samples", "key": "sensitivities", "progress": 114, "total": 242 }
{ "@timestamp": "2024-06-05T09:04:01.377502", "detail": "2 trades, 121 samples", "key": "sensitivities", "progress": 118, "total": 242 }
{ "@timestamp": "2024-06-05T09:04:01.377502", "detail": "2 trades, 121 samples", "key": "sensitivities", "progress": 120, "total": 242 }
{ "@timestamp": "2024-06-05T09:04:01.393322", "detail": "2 trades, 121 samples", "key": "sensitivities", "progress": 122, "total": 242 }
{ "@timestamp": "2024-06-05T09:04:01.393322", "detail": "2 trades, 121 samples", "key": "sensitivities", "progress": 124, "total": 242 }
{ "@timestamp": "2024-06-05T09:04:01.393322", "detail": "2 trades, 121 samples", "key": "sensitivities", "progress": 126, "total": 242 }
{ "@timestamp": "2024-06-05T09:04:01.404466", "detail": "2 trades, 121 samples", "key": "sensitivities", "progress": 130, "total": 242 }
{ "@timestamp": "2024-06-05T09:04:01.404466", "detail": "2 trades, 121 samples", "key": "sensitivities", "progress": 132, "total": 242 }
{ "@timestamp": "2024-06-05T09:04:01.404466", "detail": "2 trades, 121 samples", "key": "sensitivities", "progress": 134, "total": 242 }
{ "@timestamp": "2024-06-05T09:04:01.404466", "detail": "2 trades, 121 samples", "key": "sensitivities", "progress": 136, "total": 242 }
{ "@timestamp": "2024-06-05T09:04:01.404466", "detail": "2 trades, 121 samples", "key": "sensitivities", "progress": 138, "total": 242 }
{ "@timestamp": "2024-06-05T09:04:01.420296", "detail": "2 trades, 121 samples", "key": "sensitivities", "progress": 142, "total": 242 }
{ "@timestamp": "2024-06-05T09:04:01.420296", "detail": "2 trades, 121 samples", "key": "sensitivities", "progress": 144, "total": 242 }
{ "@timestamp": "2024-06-05T09:04:01.420296", "detail": "2 trades, 121 samples", "key": "sensitivities", "progress": 146, "total": 242 }
{ "@timestamp": "2024-06-05T09:04:01.420296", "detail": "2 trades, 121 samples", "key": "sensitivities", "progress": 148, "total": 242 }
{ "@timestamp": "2024-06-05T09:04:01.420296", "detail": "2 trades, 121 samples", "key": "sensitivities", "progress": 152, "total": 242 }
{ "@timestamp": "2024-06-05T09:04:01.436001", "detail": "2 trades, 121 samples", "key": "sensitivities", "progress": 154, "total": 242 }
{ "@timestamp": "2024-06-05T09:04:01.436001", "detail": "2 trades, 121 samples", "key": "sensitivities", "progress": 156, "total": 242 }
{ "@timestamp": "2024-06-05T09:04:01.436001", "detail": "2 trades, 121 samples", "key": "sensitivities", "progress": 158, "total": 242 }
{ "@timestamp": "2024-06-05T09:04:01.448292", "detail": "2 trades, 121 samples", "key": "sensitivities", "progress": 160, "total": 242 }
{ "@timestamp": "2024-06-05T09:04:01.452154", "detail": "2 trades, 121 samples", "key": "sensitivities", "progress": 164, "total": 242 }
{ "@timestamp": "2024-06-05T09:04:01.454463", "detail": "2 trades, 121 samples", "key": "sensitivities", "progress": 166, "total": 242 }
{ "@timestamp": "2024-06-05T09:04:01.454463", "detail": "2 trades, 121 samples", "key": "sensitivities", "progress": 168, "total": 242 }
{ "@timestamp": "2024-06-05T09:04:01.454463", "detail": "2 trades, 121 samples", "key": "sensitivities", "progress": 170, "total": 242 }
{ "@timestamp": "2024-06-05T09:04:01.454463", "detail": "2 trades, 121 samples", "key": "sensitivities", "progress": 172, "total": 242 }
{ "@timestamp": "2024-06-05T09:04:01.454463", "detail": "2 trades, 121 samples", "key": "sensitivities", "progress": 176, "total": 242 }
{ "@timestamp": "2024-06-05T09:04:01.470507", "detail": "2 trades, 121 samples", "key": "sensitivities", "progress": 178, "total": 242 }
{ "@timestamp": "2024-06-05T09:04:01.473062", "detail": "2 trades, 121 samples", "key": "sensitivities", "progress": 180, "total": 242 }
{ "@timestamp": "2024-06-05T09:04:01.473062", "detail": "2 trades, 121 samples", "key": "sensitivities", "progress": 182, "total": 242 }
{ "@timestamp": "2024-06-05T09:04:01.481065", "detail": "2 trades, 121 samples", "key": "sensitivities", "progress": 184, "total": 242 }
{ "@timestamp": "2024-06-05T09:04:01.481065", "detail": "2 trades, 121 samples", "key": "sensitivities", "progress": 188, "total": 242 }
{ "@timestamp": "2024-06-05T09:04:01.489062", "detail": "2 trades, 121 samples", "key": "sensitivities", "progress": 190, "total": 242 }
{ "@timestamp": "2024-06-05T09:04:01.489062", "detail": "2 trades, 121 samples", "key": "sensitivities", "progress": 192, "total": 242 }
{ "@timestamp": "2024-06-05T09:04:01.494768", "detail": "2 trades, 121 samples", "key": "sensitivities", "progress": 194, "total": 242 }
{ "@timestamp": "2024-06-05T09:04:01.494768", "detail": "2 trades, 121 samples", "key": "sensitivities", "progress": 198, "total": 242 }
{ "@timestamp": "2024-06-05T09:04:01.502857", "detail": "2 trades, 121 samples", "key": "sensitivities", "progress": 200, "total": 242 }
{ "@timestamp": "2024-06-05T09:04:01.507804", "detail": "2 trades, 121 samples", "key": "sensitivities", "progress": 202, "total": 242 }
{ "@timestamp": "2024-06-05T09:04:01.507804", "detail": "2 trades, 121 samples", "key": "sensitivities", "progress": 204, "total": 242 }
{ "@timestamp": "2024-06-05T09:04:01.507804", "detail": "2 trades, 121 samples", "key": "sensitivities", "progress": 206, "total": 242 }
{ "@timestamp": "2024-06-05T09:04:01.516762", "detail": "2 trades, 121 samples", "key": "sensitivities", "progress": 210, "total": 242 }
{ "@timestamp": "2024-06-05T09:04:01.516762", "detail": "2 trades, 121 samples", "key": "sensitivities", "progress": 212, "total": 242 }
{ "@timestamp": "2024-06-05T09:04:01.524777", "detail": "2 trades, 121 samples", "key": "sensitivities", "progress": 214, "total": 242 }
{ "@timestamp": "2024-06-05T09:04:01.524777", "detail": "2 trades, 121 samples", "key": "sensitivities", "progress": 216, "total": 242 }
{ "@timestamp": "2024-06-05T09:04:01.524777", "detail": "2 trades, 121 samples", "key": "sensitivities", "progress": 218, "total": 242 }
{ "@timestamp": "2024-06-05T09:04:01.532768", "detail": "2 trades, 121 samples", "key": "sensitivities", "progress": 222, "total": 242 }
{ "@timestamp": "2024-06-05T09:04:01.536309", "detail": "2 trades, 121 samples", "key": "sensitivities", "progress": 224, "total": 242 }
{ "@timestamp": "2024-06-05T09:04:01.536309", "detail": "2 trades, 121 samples", "key": "sensitivities", "progress": 226, "total": 242 }
{ "@timestamp": "2024-06-05T09:04:01.544403", "detail": "2 trades, 121 samples", "key": "sensitivities", "progress": 228, "total": 242 }
{ "@timestamp": "2024-06-05T09:04:01.544403", "detail": "2 trades, 121 samples", "key": "sensitivities", "progress": 230, "total": 242 }
{ "@timestamp": "2024-06-05T09:04:01.544403", "detail": "2 trades, 121 samples", "key": "sensitivities", "progress": 234, "total": 242 }
{ "@timestamp": "2024-06-05T09:04:01.552410", "detail": "2 trades, 121 samples", "key": "sensitivities", "progress": 236, "total": 242 }
{ "@timestamp": "2024-06-05T09:04:01.556253", "detail": "2 trades, 121 samples", "key": "sensitivities", "progress": 238, "total": 242 }
{ "@timestamp": "2024-06-05T09:04:01.556253", "detail": "2 trades, 121 samples", "key": "sensitivities", "progress": 240, "total": 242 }
{ "@timestamp": "2024-06-05T09:04:01.556253", "detail": "2 trades, 121 samples", "key": "sensitivities", "progress": 242, "total": 242 }
