<?xml version="1.0"?>
<ORE>
  <Setup>
    <Parameter name="asofDate">2016-02-05</Parameter>
    <Parameter name="inputPath">Input</Parameter>
    <Parameter name="outputPath">Output</Parameter>
    <Parameter name="logFile">log_1.txt</Parameter>
    <Parameter name="marketDataFile">../../Input/market_20160205_flat.txt</Parameter>
    <Parameter name="fixingDataFile">../../Input/fixings_20160205.txt</Parameter>
    <Parameter name="implyTodaysFixings">Y</Parameter>
    <Parameter name="curveConfigFile">../../Input/curveconfig.xml</Parameter>
    <Parameter name="conventionsFile">../../Input/conventions.xml</Parameter>
    <Parameter name="marketConfigFile">../../Input/todaysmarket.xml</Parameter>
    <Parameter name="pricingEnginesFile">../../Input/pricingengine.xml</Parameter>
    <Parameter name="portfolioFile">swaption_eur.xml</Parameter>
    <Parameter name="observationModel">Disable</Parameter>
  </Setup>
  <Markets>
    <Parameter name="lgmcalibration">libor</Parameter>
    <Parameter name="fxcalibration">libor</Parameter>
    <Parameter name="pricing">libor</Parameter>
    <Parameter name="simulation">libor</Parameter>
  </Markets>
  <Analytics>
    <Analytic type="npv">
      <Parameter name="active">Y</Parameter>
      <Parameter name="baseCurrency">EUR</Parameter>
      <Parameter name="outputFileName">npv.csv</Parameter>
    </Analytic>
    <Analytic type="cashflow">
      <Parameter name="active">Y</Parameter>
      <Parameter name="outputFileName">flows.csv</Parameter>
    </Analytic>
    <Analytic type="curves">
      <Parameter name="active">Y</Parameter>
      <Parameter name="configuration">libor</Parameter>
      <Parameter name="grid">240,1M</Parameter>
      <Parameter name="outputFileName">curves.csv</Parameter>
    </Analytic>
    <Analytic type="simulation">
      <Parameter name="active">Y</Parameter>
      <Parameter name="simulationConfigFile">simulation_B.xml</Parameter>
      <Parameter name="pricingEnginesFile">../../Input/pricingengine.xml</Parameter>
      <Parameter name="baseCurrency">EUR</Parameter>
      <!-- Parameter name="scenariodump">scenariodump.csv</Parameter> -->
      <Parameter name="storeFlows">Y</Parameter>
      <Parameter name="cubeFile">cube_B.csv.gz</Parameter>
      <Parameter name="aggregationScenarioDataFileName">scenariodata_B.csv.gz</Parameter>
      <Parameter name="scenariodump">scenariodump.csv</Parameter>
    </Analytic>
    <Analytic type="xva">
      <Parameter name="active">Y</Parameter>
      <Parameter name="csaFile">netting.xml</Parameter>
      <Parameter name="cubeFile">cube_B.csv.gz</Parameter>
      <Parameter name="scenarioFile">scenariodata_B.csv.gz</Parameter>
      <Parameter name="baseCurrency">EUR</Parameter>
      <Parameter name="exposureProfiles">Y</Parameter>
      <Parameter name="exposureProfilesByTrade">Y</Parameter>
      <Parameter name="quantile">0.95</Parameter>
      <Parameter name="calculationType">Symmetric</Parameter>
      <Parameter name="allocationMethod">Marginal</Parameter>
      <Parameter name="marginalAllocationLimit">1.0</Parameter>
      <Parameter name="exerciseNextBreak">N</Parameter>
      <Parameter name="cva">Y</Parameter>
      <Parameter name="dva">N</Parameter>
      <Parameter name="dvaName">BANK</Parameter>
      <Parameter name="fva">N</Parameter>
      <Parameter name="fvaBorrowingCurve">BANK_EUR_BORROW</Parameter>
      <Parameter name="fvaLendingCurve">BANK_EUR_LEND</Parameter>
      <Parameter name="colva">N</Parameter>
      <Parameter name="collateralFloor">N</Parameter>
      <Parameter name="dim">Y</Parameter>
      <Parameter name="mva">Y</Parameter>
      <Parameter name="dimQuantile">0.99</Parameter>
      <Parameter name="dimHorizonCalendarDays">14</Parameter>
      <Parameter name="dimRegressionOrder">1</Parameter>
      <!-- <Parameter name="dimRegressors">USD,GBP,EUR-EURIBOR-3M,USD-LIBOR-3M,GBP-LIBOR-3M</Parameter> -->
      <Parameter name="dimRegressors">EUR-EURIBOR-3M</Parameter>
      <Parameter name="dimLocalRegressionEvaluations">100</Parameter>
      <Parameter name="dimLocalRegressionBandwidth">0.25</Parameter>
      <Parameter name="dimScaling">1.0</Parameter>
      <Parameter name="dimEvolutionFile">dim_evolution_1.csv</Parameter>
      <Parameter name="dimRegressionFiles">dim_regression_1.csv</Parameter>
      <Parameter name="dimOutputNettingSet">CPTY_A</Parameter>
      <Parameter name="dimOutputGridPoints">300</Parameter>
      <Parameter name="rawCubeOutputFile">rawcube.csv</Parameter>
      <Parameter name="netCubeOutputFile">netcube.csv</Parameter>
    </Analytic>
    <Analytic type="initialMargin">
      <Parameter name="active">N</Parameter>
      <Parameter name="method"/>
    </Analytic>
  </Analytics>
</ORE>
