{ "@timestamp": "2024-02-06T18:28:00.282605", "key": "Running XVA Analytic", "progress": 0, "total": 1 }
{ "@timestamp": "2024-02-06T18:28:00.289605", "key": "XVA: Build Today's Market", "progress": 0, "total": 1 }
{ "@timestamp": "2024-02-06T18:28:00.606631", "key": "XVA: Build Today's Market", "progress": 1, "total": 1 }
{ "@timestamp": "2024-02-06T18:28:01.823566", "key": "XVA: Build Portfolio", "progress": 0, "total": 1 }
{ "@timestamp": "2024-02-06T18:28:01.840565", "key": "XVA: Build Portfolio", "progress": 1, "total": 1 }
{ "@timestamp": "2024-02-06T18:28:04.587497", "detail": "1 trade, 50 samples", "key": "XVA: Building cube", "progress": 0, "total": 50 }
{ "@timestamp": "2024-02-06T18:28:04.632498", "detail": "1 trade, 50 samples", "key": "XVA: Building cube", "progress": 1, "total": 50 }
{ "@timestamp": "2024-02-06T18:28:04.675494", "detail": "1 trade, 50 samples", "key": "XVA: Building cube", "progress": 2, "total": 50 }
{ "@timestamp": "2024-02-06T18:28:04.728493", "detail": "1 trade, 50 samples", "key": "XVA: Building cube", "progress": 3, "total": 50 }
{ "@timestamp": "2024-02-06T18:28:04.775493", "detail": "1 trade, 50 samples", "key": "XVA: Building cube", "progress": 4, "total": 50 }
{ "@timestamp": "2024-02-06T18:28:04.809493", "detail": "1 trade, 50 samples", "key": "XVA: Building cube", "progress": 5, "total": 50 }
{ "@timestamp": "2024-02-06T18:28:04.863489", "detail": "1 trade, 50 samples", "key": "XVA: Building cube", "progress": 6, "total": 50 }
{ "@timestamp": "2024-02-06T18:28:04.896488", "detail": "1 trade, 50 samples", "key": "XVA: Building cube", "progress": 7, "total": 50 }
{ "@timestamp": "2024-02-06T18:28:04.930490", "detail": "1 trade, 50 samples", "key": "XVA: Building cube", "progress": 8, "total": 50 }
{ "@timestamp": "2024-02-06T18:28:04.978488", "detail": "1 trade, 50 samples", "key": "XVA: Building cube", "progress": 9, "total": 50 }
{ "@timestamp": "2024-02-06T18:28:05.020485", "detail": "1 trade, 50 samples", "key": "XVA: Building cube", "progress": 10, "total": 50 }
{ "@timestamp": "2024-02-06T18:28:05.055484", "detail": "1 trade, 50 samples", "key": "XVA: Building cube", "progress": 11, "total": 50 }
{ "@timestamp": "2024-02-06T18:28:05.094485", "detail": "1 trade, 50 samples", "key": "XVA: Building cube", "progress": 12, "total": 50 }
{ "@timestamp": "2024-02-06T18:28:05.147484", "detail": "1 trade, 50 samples", "key": "XVA: Building cube", "progress": 13, "total": 50 }
{ "@timestamp": "2024-02-06T18:28:05.193481", "detail": "1 trade, 50 samples", "key": "XVA: Building cube", "progress": 14, "total": 50 }
{ "@timestamp": "2024-02-06T18:28:05.240481", "detail": "1 trade, 50 samples", "key": "XVA: Building cube", "progress": 15, "total": 50 }
{ "@timestamp": "2024-02-06T18:28:05.283481", "detail": "1 trade, 50 samples", "key": "XVA: Building cube", "progress": 16, "total": 50 }
{ "@timestamp": "2024-02-06T18:28:05.328478", "detail": "1 trade, 50 samples", "key": "XVA: Building cube", "progress": 17, "total": 50 }
{ "@timestamp": "2024-02-06T18:28:05.371478", "detail": "1 trade, 50 samples", "key": "XVA: Building cube", "progress": 18, "total": 50 }
{ "@timestamp": "2024-02-06T18:28:05.405477", "detail": "1 trade, 50 samples", "key": "XVA: Building cube", "progress": 19, "total": 50 }
{ "@timestamp": "2024-02-06T18:28:05.439478", "detail": "1 trade, 50 samples", "key": "XVA: Building cube", "progress": 20, "total": 50 }
{ "@timestamp": "2024-02-06T18:28:05.495477", "detail": "1 trade, 50 samples", "key": "XVA: Building cube", "progress": 21, "total": 50 }
{ "@timestamp": "2024-02-06T18:28:05.539473", "detail": "1 trade, 50 samples", "key": "XVA: Building cube", "progress": 22, "total": 50 }
{ "@timestamp": "2024-02-06T18:28:05.591471", "detail": "1 trade, 50 samples", "key": "XVA: Building cube", "progress": 23, "total": 50 }
{ "@timestamp": "2024-02-06T18:28:05.646471", "detail": "1 trade, 50 samples", "key": "XVA: Building cube", "progress": 24, "total": 50 }
{ "@timestamp": "2024-02-06T18:28:05.695468", "detail": "1 trade, 50 samples", "key": "XVA: Building cube", "progress": 25, "total": 50 }
{ "@timestamp": "2024-02-06T18:28:05.746467", "detail": "1 trade, 50 samples", "key": "XVA: Building cube", "progress": 26, "total": 50 }
{ "@timestamp": "2024-02-06T18:28:05.789467", "detail": "1 trade, 50 samples", "key": "XVA: Building cube", "progress": 27, "total": 50 }
{ "@timestamp": "2024-02-06T18:28:05.836465", "detail": "1 trade, 50 samples", "key": "XVA: Building cube", "progress": 28, "total": 50 }
{ "@timestamp": "2024-02-06T18:28:05.881465", "detail": "1 trade, 50 samples", "key": "XVA: Building cube", "progress": 29, "total": 50 }
{ "@timestamp": "2024-02-06T18:28:05.930462", "detail": "1 trade, 50 samples", "key": "XVA: Building cube", "progress": 30, "total": 50 }
{ "@timestamp": "2024-02-06T18:28:05.980461", "detail": "1 trade, 50 samples", "key": "XVA: Building cube", "progress": 31, "total": 50 }
{ "@timestamp": "2024-02-06T18:28:06.029460", "detail": "1 trade, 50 samples", "key": "XVA: Building cube", "progress": 32, "total": 50 }
{ "@timestamp": "2024-02-06T18:28:06.085460", "detail": "1 trade, 50 samples", "key": "XVA: Building cube", "progress": 33, "total": 50 }
{ "@timestamp": "2024-02-06T18:28:06.132458", "detail": "1 trade, 50 samples", "key": "XVA: Building cube", "progress": 34, "total": 50 }
{ "@timestamp": "2024-02-06T18:28:06.171457", "detail": "1 trade, 50 samples", "key": "XVA: Building cube", "progress": 35, "total": 50 }
{ "@timestamp": "2024-02-06T18:28:06.218456", "detail": "1 trade, 50 samples", "key": "XVA: Building cube", "progress": 36, "total": 50 }
{ "@timestamp": "2024-02-06T18:28:06.263455", "detail": "1 trade, 50 samples", "key": "XVA: Building cube", "progress": 37, "total": 50 }
{ "@timestamp": "2024-02-06T18:28:06.312453", "detail": "1 trade, 50 samples", "key": "XVA: Building cube", "progress": 38, "total": 50 }
{ "@timestamp": "2024-02-06T18:28:06.353452", "detail": "1 trade, 50 samples", "key": "XVA: Building cube", "progress": 39, "total": 50 }
{ "@timestamp": "2024-02-06T18:28:06.395452", "detail": "1 trade, 50 samples", "key": "XVA: Building cube", "progress": 40, "total": 50 }
{ "@timestamp": "2024-02-06T18:28:06.439449", "detail": "1 trade, 50 samples", "key": "XVA: Building cube", "progress": 41, "total": 50 }
{ "@timestamp": "2024-02-06T18:28:06.480449", "detail": "1 trade, 50 samples", "key": "XVA: Building cube", "progress": 42, "total": 50 }
{ "@timestamp": "2024-02-06T18:28:06.525447", "detail": "1 trade, 50 samples", "key": "XVA: Building cube", "progress": 43, "total": 50 }
{ "@timestamp": "2024-02-06T18:28:06.571447", "detail": "1 trade, 50 samples", "key": "XVA: Building cube", "progress": 44, "total": 50 }
{ "@timestamp": "2024-02-06T18:28:06.605446", "detail": "1 trade, 50 samples", "key": "XVA: Building cube", "progress": 45, "total": 50 }
{ "@timestamp": "2024-02-06T18:28:06.645444", "detail": "1 trade, 50 samples", "key": "XVA: Building cube", "progress": 46, "total": 50 }
{ "@timestamp": "2024-02-06T18:28:06.688444", "detail": "1 trade, 50 samples", "key": "XVA: Building cube", "progress": 47, "total": 50 }
{ "@timestamp": "2024-02-06T18:28:06.736442", "detail": "1 trade, 50 samples", "key": "XVA: Building cube", "progress": 48, "total": 50 }
{ "@timestamp": "2024-02-06T18:28:06.775441", "detail": "1 trade, 50 samples", "key": "XVA: Building cube", "progress": 49, "total": 50 }
{ "@timestamp": "2024-02-06T18:28:06.785442", "detail": "1 trade, 50 samples", "key": "XVA: Building cube", "progress": 50, "total": 50 }
{ "@timestamp": "2024-02-06T18:28:06.833439", "key": "XVA: Aggregation", "progress": 0, "total": 1 }
{ "@timestamp": "2024-02-06T18:28:06.952436", "key": "XVA: Aggregation", "progress": 1, "total": 1 }
{ "@timestamp": "2024-02-06T18:28:06.956437", "key": "XVA: Reports", "progress": 0, "total": 1 }
{ "@timestamp": "2024-02-06T18:28:06.974435", "key": "XVA: Reports", "progress": 1, "total": 1 }
{ "@timestamp": "2024-02-06T18:28:06.977435", "key": "Running XVA Analytic", "progress": 1, "total": 1 }
