<?xml version="1.0"?>
<ORE>
  <Setup>
    <Parameter name="asofDate">2016-02-05</Parameter>
    <Parameter name="inputPath">Input</Parameter>
    <Parameter name="outputPath">Output</Parameter>
    <Parameter name="logFile">log.txt</Parameter>
    <Parameter name="logMask">31</Parameter>
    <Parameter name="marketDataFile">market_20160205.txt</Parameter>
    <Parameter name="fixingDataFile">fixings_20160205.txt</Parameter>
    <Parameter name="implyTodaysFixings">Y</Parameter>
    <Parameter name="curveConfigFile">curveconfig.xml</Parameter>
    <Parameter name="conventionsFile">conventions.xml</Parameter>
    <Parameter name="marketConfigFile">todaysmarket.xml</Parameter>
    <Parameter name="pricingEnginesFile">pricingengine.xml</Parameter>
    <Parameter name="portfolioFile"></Parameter>
    <Parameter name="observationModel">None</Parameter>
  </Setup>
  <Markets>
    <Parameter name="lgmcalibration">libor</Parameter>
    <Parameter name="fxcalibration">libor</Parameter>
    <Parameter name="eqcalibration">libor</Parameter>
    <Parameter name="pricing">libor</Parameter>
    <Parameter name="simulation">libor</Parameter>
  </Markets>
  <Analytics>
    <Analytic type="curves">
      <Parameter name="active">Y</Parameter>
      <Parameter name="configuration">default</Parameter>
      <Parameter name="grid">240,1M</Parameter>
      <Parameter name="outputFileName">curves.csv</Parameter>
    </Analytic>
  </Analytics>
</ORE>
