<?xml version="1.0"?>
<Portfolio>
  <Trade id="Bond_1">
    <TradeType>Bond</TradeType>
    <Envelope>
      <CounterParty>CPTY_D</CounterParty>
      <NettingSetId>CPTY_D</NettingSetId>
      <AdditionalFields/>
    </Envelope>
    <BondData>
      <IssuerId>CPTY_A</IssuerId>
      <CreditCurveId>BOND_BB</CreditCurveId>
      <SecurityId>SECURITY_1</SecurityId>
      <ReferenceCurveId>BENCHMARK_EUR</ReferenceCurveId>
      <SettlementDays>2</SettlementDays>
      <Calendar>TARGET</Calendar>
      <IssueDate>20160203</IssueDate>
      <LegData>
        <LegType>Fixed</LegType>
        <Payer>false</Payer>
        <Currency>EUR</Currency>
        <Notionals>
          <Notional>10000000.000000</Notional>
        </Notionals>
        <DayCounter>ACT/ACT</DayCounter>
        <PaymentConvention>F</PaymentConvention>
        <FixedLegData>
          <Rates>
            <Rate>0.04</Rate>
          </Rates>
        </FixedLegData>
        <ScheduleData>
          <Rules>
            <StartDate>20160203</StartDate>
            <EndDate>20260203</EndDate>
            <Tenor>1Y</Tenor>
            <Calendar>TARGET</Calendar>
            <Convention>F</Convention>
            <TermConvention>F</TermConvention>
            <Rule>Forward</Rule>
            <EndOfMonth/>
            <FirstDate/>
            <LastDate/>
          </Rules>
        </ScheduleData>
      </LegData>
    </BondData>
  </Trade>
  <Trade id="CDS_1">
    <TradeType>CreditDefaultSwap</TradeType>
    <Envelope>
      <CounterParty>CPTY_B</CounterParty>
      <NettingSetId>CPTY_B</NettingSetId>
      <AdditionalFields/>
    </Envelope>
    <CreditDefaultSwapData>
      <IssuerId>CPTY_A</IssuerId>
      <CreditCurveId>BOND_BB</CreditCurveId>
      <SettlesAccrual>Y</SettlesAccrual>
      <PaysAtDefaultTime>Y</PaysAtDefaultTime>
      <LegData>
        <LegType>Fixed</LegType>
        <Payer>true</Payer>
        <Currency>EUR</Currency>
        <Notionals>
          <Notional>10000000.000000</Notional>
        </Notionals>
        <DayCounter>A360</DayCounter>
        <PaymentConvention>F</PaymentConvention>
        <FixedLegData>
          <Rates>
            <Rate>0.01</Rate>
          </Rates>
        </FixedLegData>
        <ScheduleData>
          <Rules>
            <StartDate>20160203</StartDate>
            <EndDate>20360203</EndDate>
            <Tenor>3M</Tenor>
            <Calendar>TARGET</Calendar>
            <Convention>F</Convention>
            <TermConvention>F</TermConvention>
            <Rule>CDS</Rule>
            <EndOfMonth/>
            <FirstDate/>
            <LastDate/>
          </Rules>
        </ScheduleData>
      </LegData>
    </CreditDefaultSwapData>
  </Trade>
</Portfolio>
