<?xml version="1.0"?>
<Portfolio>
  <Trade id="Bond_1">
    <TradeType>Bond</TradeType>
    <Envelope>
      <CounterParty>CPTY_B</CounterParty>
      <NettingSetId>CPTY_B</NettingSetId>
      <AdditionalFields/>
    </Envelope>
    <BondData>
      <IssuerId>CPTY_1</IssuerId>
      <CreditCurveId>BOND_BB</CreditCurveId>
      <SecurityId>SECURITY_1</SecurityId>
      <ReferenceCurveId>BENCHMARK_EUR</ReferenceCurveId>
      <SettlementDays>2</SettlementDays>
      <Calendar>TARGET</Calendar>
      <IssueDate>20160203</IssueDate>
      <LegData>
        <LegType>Fixed</LegType>
        <Payer>false</Payer>
        <Currency>EUR</Currency>
        <Notionals>
          <Notional>1.000000</Notional>
        </Notionals>
        <DayCounter>ACT/ACT</DayCounter>
        <PaymentConvention>F</PaymentConvention>
        <FixedLegData>
          <Rates>
            <Rate>0.04</Rate>
          </Rates>
        </FixedLegData>
        <ScheduleData>
          <Rules>
            <StartDate>20160203</StartDate>
            <EndDate>20260203</EndDate>
            <Tenor>1Y</Tenor>
            <Calendar>TARGET</Calendar>
            <Convention>F</Convention>
            <TermConvention>F</TermConvention>
            <Rule>Forward</Rule>
            <EndOfMonth/>
            <FirstDate/>
            <LastDate/>
          </Rules>
        </ScheduleData>
      </LegData>
    </BondData>
  </Trade>
  <Trade id="Bond_2">
    <TradeType>Bond</TradeType>
    <Envelope>
      <CounterParty>CPTY_A</CounterParty>
      <NettingSetId>CPTY_A</NettingSetId>
      <AdditionalFields/>
    </Envelope>
    <BondData>
      <IssuerId>CPTY_2</IssuerId>
      <CreditCurveId>BOND_BB</CreditCurveId>
      <SecurityId>SECURITY_1</SecurityId>
      <ReferenceCurveId>BENCHMARK_EUR</ReferenceCurveId>
      <SettlementDays>2</SettlementDays>
      <Calendar>TARGET</Calendar>
      <IssueDate>20160203</IssueDate>
      <LegData>
        <LegType>Fixed</LegType>
        <Payer>false</Payer>
        <Currency>EUR</Currency>
        <Notionals>
          <Notional>1.000000</Notional>
        </Notionals>
        <DayCounter>ACT/ACT</DayCounter>
        <PaymentConvention>F</PaymentConvention>
        <FixedLegData>
          <Rates>
            <Rate>0.05</Rate>
          </Rates>
        </FixedLegData>
        <ScheduleData>
          <Rules>
            <StartDate>20160203</StartDate>
            <EndDate>20360203</EndDate>
            <Tenor>1Y</Tenor>
            <Calendar>TARGET</Calendar>
            <Convention>F</Convention>
            <TermConvention>F</TermConvention>
            <Rule>Forward</Rule>
            <EndOfMonth/>
            <FirstDate/>
            <LastDate/>
          </Rules>
        </ScheduleData>
      </LegData>
    </BondData>
  </Trade>
  <Trade id="Bond_3">
    <TradeType>Bond</TradeType>
    <Envelope>
      <CounterParty>CPTY_B</CounterParty>
      <NettingSetId>CPTY_B</NettingSetId>
      <AdditionalFields/>
    </Envelope>
    <BondData>
      <IssuerId>CPTY_3</IssuerId>
      <CreditCurveId>BOND_BB</CreditCurveId>
      <SecurityId>SECURITY_1</SecurityId>
      <ReferenceCurveId>BENCHMARK_EUR</ReferenceCurveId>
      <SettlementDays>2</SettlementDays>
      <Calendar>TARGET</Calendar>
      <IssueDate>20160203</IssueDate>
      <LegData>
        <LegType>Fixed</LegType>
        <Payer>false</Payer>
        <Currency>EUR</Currency>
        <Notionals>
          <Notional>1.000000</Notional>
        </Notionals>
        <DayCounter>ACT/ACT</DayCounter>
        <PaymentConvention>F</PaymentConvention>
        <FixedLegData>
          <Rates>
            <Rate>0.06</Rate>
          </Rates>
        </FixedLegData>
        <ScheduleData>
          <Rules>
            <StartDate>20160203</StartDate>
            <EndDate>20360203</EndDate>
            <Tenor>1Y</Tenor>
            <Calendar>TARGET</Calendar>
            <Convention>F</Convention>
            <TermConvention>F</TermConvention>
            <Rule>Forward</Rule>
            <EndOfMonth/>
            <FirstDate/>
            <LastDate/>
          </Rules>
        </ScheduleData>
      </LegData>
    </BondData>
  </Trade>
  <Trade id="Bond_4">
    <TradeType>Bond</TradeType>
    <Envelope>
      <CounterParty>CPTY_B</CounterParty>
      <NettingSetId>CPTY_B</NettingSetId>
      <AdditionalFields/>
    </Envelope>
    <BondData>
      <IssuerId>CPTY_4</IssuerId>
      <CreditCurveId>BOND_BB</CreditCurveId>
      <SecurityId>SECURITY_1</SecurityId>
      <ReferenceCurveId>BENCHMARK_EUR</ReferenceCurveId>
      <SettlementDays>2</SettlementDays>
      <Calendar>TARGET</Calendar>
      <IssueDate>20160203</IssueDate>
      <LegData>
        <LegType>Fixed</LegType>
        <Payer>false</Payer>
        <Currency>EUR</Currency>
        <Notionals>
          <Notional>1.000000</Notional>
        </Notionals>
        <DayCounter>ACT/ACT</DayCounter>
        <PaymentConvention>F</PaymentConvention>
        <FixedLegData>
          <Rates>
            <Rate>0.04</Rate>
          </Rates>
        </FixedLegData>
        <ScheduleData>
          <Rules>
            <StartDate>20160203</StartDate>
            <EndDate>20260203</EndDate>
            <Tenor>1Y</Tenor>
            <Calendar>TARGET</Calendar>
            <Convention>F</Convention>
            <TermConvention>F</TermConvention>
            <Rule>Forward</Rule>
            <EndOfMonth/>
            <FirstDate/>
            <LastDate/>
          </Rules>
        </ScheduleData>
      </LegData>
    </BondData>
  </Trade>
  <Trade id="Bond_5">
    <TradeType>Bond</TradeType>
    <Envelope>
      <CounterParty>CPTY_A</CounterParty>
      <NettingSetId>CPTY_A</NettingSetId>
      <AdditionalFields/>
    </Envelope>
    <BondData>
      <IssuerId>CPTY_5</IssuerId>
      <CreditCurveId>BOND_BB</CreditCurveId>
      <SecurityId>SECURITY_1</SecurityId>
      <ReferenceCurveId>BENCHMARK_EUR</ReferenceCurveId>
      <SettlementDays>2</SettlementDays>
      <Calendar>TARGET</Calendar>
      <IssueDate>20160203</IssueDate>
      <LegData>
        <LegType>Fixed</LegType>
        <Payer>false</Payer>
        <Currency>EUR</Currency>
        <Notionals>
          <Notional>1.000000</Notional>
        </Notionals>
        <DayCounter>ACT/ACT</DayCounter>
        <PaymentConvention>F</PaymentConvention>
        <FixedLegData>
          <Rates>
            <Rate>0.05</Rate>
          </Rates>
        </FixedLegData>
        <ScheduleData>
          <Rules>
            <StartDate>20160203</StartDate>
            <EndDate>20360203</EndDate>
            <Tenor>1Y</Tenor>
            <Calendar>TARGET</Calendar>
            <Convention>F</Convention>
            <TermConvention>F</TermConvention>
            <Rule>Forward</Rule>
            <EndOfMonth/>
            <FirstDate/>
            <LastDate/>
          </Rules>
        </ScheduleData>
      </LegData>
    </BondData>
  </Trade>
  <Trade id="Bond_6">
    <TradeType>Bond</TradeType>
    <Envelope>
      <CounterParty>CPTY_B</CounterParty>
      <NettingSetId>CPTY_B</NettingSetId>
      <AdditionalFields/>
    </Envelope>
    <BondData>
      <IssuerId>CPTY_6</IssuerId>
      <CreditCurveId>BOND_BB</CreditCurveId>
      <SecurityId>SECURITY_1</SecurityId>
      <ReferenceCurveId>BENCHMARK_EUR</ReferenceCurveId>
      <SettlementDays>2</SettlementDays>
      <Calendar>TARGET</Calendar>
      <IssueDate>20160203</IssueDate>
      <LegData>
        <LegType>Fixed</LegType>
        <Payer>false</Payer>
        <Currency>EUR</Currency>
        <Notionals>
          <Notional>1.000000</Notional>
        </Notionals>
        <DayCounter>ACT/ACT</DayCounter>
        <PaymentConvention>F</PaymentConvention>
        <FixedLegData>
          <Rates>
            <Rate>0.06</Rate>
          </Rates>
        </FixedLegData>
        <ScheduleData>
          <Rules>
            <StartDate>20160203</StartDate>
            <EndDate>20360203</EndDate>
            <Tenor>1Y</Tenor>
            <Calendar>TARGET</Calendar>
            <Convention>F</Convention>
            <TermConvention>F</TermConvention>
            <Rule>Forward</Rule>
            <EndOfMonth/>
            <FirstDate/>
            <LastDate/>
          </Rules>
        </ScheduleData>
      </LegData>
    </BondData>
  </Trade>
  <Trade id="Bond_7">
    <TradeType>Bond</TradeType>
    <Envelope>
      <CounterParty>CPTY_B</CounterParty>
      <NettingSetId>CPTY_B</NettingSetId>
      <AdditionalFields/>
    </Envelope>
    <BondData>
      <IssuerId>CPTY_7</IssuerId>
      <CreditCurveId>BOND_BB</CreditCurveId>
      <SecurityId>SECURITY_1</SecurityId>
      <ReferenceCurveId>BENCHMARK_EUR</ReferenceCurveId>
      <SettlementDays>2</SettlementDays>
      <Calendar>TARGET</Calendar>
      <IssueDate>20160203</IssueDate>
      <LegData>
        <LegType>Fixed</LegType>
        <Payer>false</Payer>
        <Currency>EUR</Currency>
        <Notionals>
          <Notional>1.000000</Notional>
        </Notionals>
        <DayCounter>ACT/ACT</DayCounter>
        <PaymentConvention>F</PaymentConvention>
        <FixedLegData>
          <Rates>
            <Rate>0.04</Rate>
          </Rates>
        </FixedLegData>
        <ScheduleData>
          <Rules>
            <StartDate>20160203</StartDate>
            <EndDate>20260203</EndDate>
            <Tenor>1Y</Tenor>
            <Calendar>TARGET</Calendar>
            <Convention>F</Convention>
            <TermConvention>F</TermConvention>
            <Rule>Forward</Rule>
            <EndOfMonth/>
            <FirstDate/>
            <LastDate/>
          </Rules>
        </ScheduleData>
      </LegData>
    </BondData>
  </Trade>
  <Trade id="Bond_8">
    <TradeType>Bond</TradeType>
    <Envelope>
      <CounterParty>CPTY_A</CounterParty>
      <NettingSetId>CPTY_A</NettingSetId>
      <AdditionalFields/>
    </Envelope>
    <BondData>
      <IssuerId>CPTY_8</IssuerId>
      <CreditCurveId>BOND_BB</CreditCurveId>
      <SecurityId>SECURITY_1</SecurityId>
      <ReferenceCurveId>BENCHMARK_EUR</ReferenceCurveId>
      <SettlementDays>2</SettlementDays>
      <Calendar>TARGET</Calendar>
      <IssueDate>20160203</IssueDate>
      <LegData>
        <LegType>Fixed</LegType>
        <Payer>false</Payer>
        <Currency>EUR</Currency>
        <Notionals>
          <Notional>1.000000</Notional>
        </Notionals>
        <DayCounter>ACT/ACT</DayCounter>
        <PaymentConvention>F</PaymentConvention>
        <FixedLegData>
          <Rates>
            <Rate>0.05</Rate>
          </Rates>
        </FixedLegData>
        <ScheduleData>
          <Rules>
            <StartDate>20160203</StartDate>
            <EndDate>20360203</EndDate>
            <Tenor>1Y</Tenor>
            <Calendar>TARGET</Calendar>
            <Convention>F</Convention>
            <TermConvention>F</TermConvention>
            <Rule>Forward</Rule>
            <EndOfMonth/>
            <FirstDate/>
            <LastDate/>
          </Rules>
        </ScheduleData>
      </LegData>
    </BondData>
  </Trade>
  <Trade id="Bond_9">
    <TradeType>Bond</TradeType>
    <Envelope>
      <CounterParty>CPTY_B</CounterParty>
      <NettingSetId>CPTY_B</NettingSetId>
      <AdditionalFields/>
    </Envelope>
    <BondData>
      <IssuerId>CPTY_9</IssuerId>
      <CreditCurveId>BOND_BB</CreditCurveId>
      <SecurityId>SECURITY_1</SecurityId>
      <ReferenceCurveId>BENCHMARK_EUR</ReferenceCurveId>
      <SettlementDays>2</SettlementDays>
      <Calendar>TARGET</Calendar>
      <IssueDate>20160203</IssueDate>
      <LegData>
        <LegType>Fixed</LegType>
        <Payer>false</Payer>
        <Currency>EUR</Currency>
        <Notionals>
          <Notional>1.000000</Notional>
        </Notionals>
        <DayCounter>ACT/ACT</DayCounter>
        <PaymentConvention>F</PaymentConvention>
        <FixedLegData>
          <Rates>
            <Rate>0.06</Rate>
          </Rates>
        </FixedLegData>
        <ScheduleData>
          <Rules>
            <StartDate>20160203</StartDate>
            <EndDate>20360203</EndDate>
            <Tenor>1Y</Tenor>
            <Calendar>TARGET</Calendar>
            <Convention>F</Convention>
            <TermConvention>F</TermConvention>
            <Rule>Forward</Rule>
            <EndOfMonth/>
            <FirstDate/>
            <LastDate/>
          </Rules>
        </ScheduleData>
      </LegData>
    </BondData>
  </Trade>
  <Trade id="Bond_10">
    <TradeType>Bond</TradeType>
    <Envelope>
      <CounterParty>CPTY_B</CounterParty>
      <NettingSetId>CPTY_B</NettingSetId>
      <AdditionalFields/>
    </Envelope>
    <BondData>
      <IssuerId>CPTY_10</IssuerId>
      <CreditCurveId>BOND_BB</CreditCurveId>
      <SecurityId>SECURITY_1</SecurityId>
      <ReferenceCurveId>BENCHMARK_EUR</ReferenceCurveId>
      <SettlementDays>2</SettlementDays>
      <Calendar>TARGET</Calendar>
      <IssueDate>20160203</IssueDate>
      <LegData>
        <LegType>Fixed</LegType>
        <Payer>false</Payer>
        <Currency>EUR</Currency>
        <Notionals>
          <Notional>1.000000</Notional>
        </Notionals>
        <DayCounter>ACT/ACT</DayCounter>
        <PaymentConvention>F</PaymentConvention>
        <FixedLegData>
          <Rates>
            <Rate>0.04</Rate>
          </Rates>
        </FixedLegData>
        <ScheduleData>
          <Rules>
            <StartDate>20160203</StartDate>
            <EndDate>20260203</EndDate>
            <Tenor>1Y</Tenor>
            <Calendar>TARGET</Calendar>
            <Convention>F</Convention>
            <TermConvention>F</TermConvention>
            <Rule>Forward</Rule>
            <EndOfMonth/>
            <FirstDate/>
            <LastDate/>
          </Rules>
        </ScheduleData>
      </LegData>
    </BondData>
  </Trade>
</Portfolio>
