<?xml version="1.0"?>
<Portfolio>
  <Trade id="Bond_1">
    <TradeType>Bond</TradeType>
    <Envelope>
      <CounterParty>CPTY_B</CounterParty>
      <NettingSetId>CPTY_B</NettingSetId>
      <AdditionalFields/>
    </Envelope>
    <BondData>
      <IssuerId>CPTY_A</IssuerId>
      <CreditCurveId>BOND_BBB</CreditCurveId>
      <SecurityId>SECURITY_1</SecurityId>
      <ReferenceCurveId>BENCHMARK_EUR</ReferenceCurveId>
      <SettlementDays>2</SettlementDays>
      <Calendar>TARGET</Calendar>
      <IssueDate>20160203</IssueDate>
      <LegData>
        <LegType>Fixed</LegType>
        <Payer>false</Payer>
        <Currency>EUR</Currency>
        <Notionals>
          <Notional>10000000.000000</Notional>
        </Notionals>
        <DayCounter>ACT/ACT</DayCounter>
        <PaymentConvention>F</PaymentConvention>
        <FixedLegData>
          <Rates>
            <Rate>0.04</Rate>
          </Rates>
        </FixedLegData>
        <ScheduleData>
          <Rules>
            <StartDate>20160203</StartDate>
            <EndDate>20260203</EndDate>
            <Tenor>1Y</Tenor>
            <Calendar>TARGET</Calendar>
            <Convention>F</Convention>
            <TermConvention>F</TermConvention>
            <Rule>Forward</Rule>
            <EndOfMonth/>
            <FirstDate/>
            <LastDate/>
          </Rules>
        </ScheduleData>
      </LegData>
    </BondData>
  </Trade>
  <Trade id="Bond_2">
    <TradeType>Bond</TradeType>
    <Envelope>
      <CounterParty>CPTY_A</CounterParty>
      <NettingSetId>CPTY_A</NettingSetId>
      <AdditionalFields/>
    </Envelope>
    <BondData>
      <IssuerId>CPTY_B</IssuerId>
      <CreditCurveId>BOND_BB</CreditCurveId>
      <SecurityId>SECURITY_1</SecurityId>
      <ReferenceCurveId>BENCHMARK_EUR</ReferenceCurveId>
      <SettlementDays>2</SettlementDays>
      <Calendar>TARGET</Calendar>
      <IssueDate>20160203</IssueDate>
      <LegData>
        <LegType>Fixed</LegType>
        <Payer>false</Payer>
        <Currency>EUR</Currency>
        <Notionals>
          <Notional>5000000.000000</Notional>
        </Notionals>
        <DayCounter>ACT/ACT</DayCounter>
        <PaymentConvention>F</PaymentConvention>
        <FixedLegData>
          <Rates>
            <Rate>0.05</Rate>
          </Rates>
        </FixedLegData>
        <ScheduleData>
          <Rules>
            <StartDate>20160203</StartDate>
            <EndDate>20360203</EndDate>
            <Tenor>1Y</Tenor>
            <Calendar>TARGET</Calendar>
            <Convention>F</Convention>
            <TermConvention>F</TermConvention>
            <Rule>Forward</Rule>
            <EndOfMonth/>
            <FirstDate/>
            <LastDate/>
          </Rules>
        </ScheduleData>
      </LegData>
    </BondData>
  </Trade>
  <Trade id="Bond_3">
    <TradeType>Bond</TradeType>
    <Envelope>
      <CounterParty>CPTY_B</CounterParty>
      <NettingSetId>CPTY_B</NettingSetId>
      <AdditionalFields/>
    </Envelope>
    <BondData>
      <IssuerId>CPTY_C</IssuerId>
      <CreditCurveId>BOND_B</CreditCurveId>
      <SecurityId>SECURITY_1</SecurityId>
      <ReferenceCurveId>BENCHMARK_EUR</ReferenceCurveId>
      <SettlementDays>2</SettlementDays>
      <Calendar>TARGET</Calendar>
      <IssueDate>20160203</IssueDate>
      <LegData>
        <LegType>Fixed</LegType>
        <Payer>false</Payer>
        <Currency>EUR</Currency>
        <Notionals>
          <Notional>7500000.000000</Notional>
        </Notionals>
        <DayCounter>ACT/ACT</DayCounter>
        <PaymentConvention>F</PaymentConvention>
        <FixedLegData>
          <Rates>
            <Rate>0.06</Rate>
          </Rates>
        </FixedLegData>
        <ScheduleData>
          <Rules>
            <StartDate>20160203</StartDate>
            <EndDate>20360203</EndDate>
            <Tenor>1Y</Tenor>
            <Calendar>TARGET</Calendar>
            <Convention>F</Convention>
            <TermConvention>F</TermConvention>
            <Rule>Forward</Rule>
            <EndOfMonth/>
            <FirstDate/>
            <LastDate/>
          </Rules>
        </ScheduleData>
      </LegData>
    </BondData>
  </Trade>
  <!--
  <Trade id="Swap_1">
    <TradeType>Swap</TradeType>
    <Envelope>
      <CounterParty>CPTY_A</CounterParty>
      <NettingSetId>CPTY_A</NettingSetId>
      <AdditionalFields/>
    </Envelope>
    <SwapData>
      <LegData>
        <LegType>Fixed</LegType>
        <Payer>true</Payer>
        <Currency>EUR</Currency>
        <Notionals>
          <Notional>10000000.000000</Notional>
        </Notionals>
        <DayCounter>30/360</DayCounter>
        <PaymentConvention>F</PaymentConvention>
        <FixedLegData>
          <Rates>
            <Rate>0.04</Rate>
          </Rates>
        </FixedLegData>
        <ScheduleData>
          <Rules>
            <StartDate>20160203</StartDate>
            <EndDate>20260203</EndDate>
            <Tenor>1Y</Tenor>
            <Calendar>TARGET</Calendar>
            <Convention>F</Convention>
            <TermConvention>F</TermConvention>
            <Rule>Forward</Rule>
            <EndOfMonth/>
            <FirstDate/>
            <LastDate/>
          </Rules>
        </ScheduleData>
      </LegData>
      <LegData>
        <LegType>Floating</LegType>
        <Payer>false</Payer>
        <Currency>EUR</Currency>
        <Notionals>
          <Notional>10000000.000000</Notional>
        </Notionals>
        <DayCounter>A360</DayCounter>
        <PaymentConvention>MF</PaymentConvention>
        <FloatingLegData>
          <Index>EUR-EURIBOR-6M</Index>
          <Spreads>
            <Spread>0.030000</Spread>
          </Spreads>
          <IsInArrears>false</IsInArrears>
          <FixingDays>2</FixingDays>
        </FloatingLegData>
        <ScheduleData>
          <Rules>
            <StartDate>20160203</StartDate>
            <EndDate>20260203</EndDate>
            <Tenor>6M</Tenor>
            <Calendar>TARGET</Calendar>
            <Convention>MF</Convention>
            <TermConvention>MF</TermConvention>
            <Rule>Forward</Rule>
            <EndOfMonth/>
            <FirstDate/>
            <LastDate/>
          </Rules>
        </ScheduleData>
      </LegData>
    </SwapData>
  </Trade>

  <Trade id="Swap_2">
    <TradeType>Swap</TradeType>
    <Envelope>
      <CounterParty>CPTY_B</CounterParty>
      <NettingSetId>CPTY_B</NettingSetId>
      <AdditionalFields/>
    </Envelope>
    <SwapData>
      <LegData>
        <LegType>Fixed</LegType>
        <Payer>true</Payer>
        <Currency>EUR</Currency>
        <Notionals>
          <Notional>5000000.000000</Notional>
        </Notionals>
        <DayCounter>30/360</DayCounter>
        <PaymentConvention>F</PaymentConvention>
        <FixedLegData>
          <Rates>
            <Rate>0.05</Rate>
          </Rates>
        </FixedLegData>
        <ScheduleData>
          <Rules>
            <StartDate>20160203</StartDate>
            <EndDate>20360203</EndDate>
            <Tenor>1Y</Tenor>
            <Calendar>TARGET</Calendar>
            <Convention>F</Convention>
            <TermConvention>F</TermConvention>
            <Rule>Forward</Rule>
            <EndOfMonth/>
            <FirstDate/>
            <LastDate/>
          </Rules>
        </ScheduleData>
      </LegData>
      <LegData>
        <LegType>Floating</LegType>
        <Payer>false</Payer>
        <Currency>EUR</Currency>
        <Notionals>
          <Notional>5000000.000000</Notional>
        </Notionals>
        <DayCounter>A360</DayCounter>
        <PaymentConvention>MF</PaymentConvention>
        <FloatingLegData>
          <Index>EUR-EURIBOR-6M</Index>
          <Spreads>
            <Spread>0.040000</Spread>
          </Spreads>
          <IsInArrears>false</IsInArrears>
          <FixingDays>2</FixingDays>
        </FloatingLegData>
        <ScheduleData>
          <Rules>
            <StartDate>20160203</StartDate>
            <EndDate>20360203</EndDate>
            <Tenor>6M</Tenor>
            <Calendar>TARGET</Calendar>
            <Convention>MF</Convention>
            <TermConvention>MF</TermConvention>
            <Rule>Forward</Rule>
            <EndOfMonth/>
            <FirstDate/>
            <LastDate/>
          </Rules>
        </ScheduleData>
      </LegData>
    </SwapData>
  </Trade>

  <Trade id="Swap_3">
    <TradeType>Swap</TradeType>
    <Envelope>
      <CounterParty>CPTY_C</CounterParty>
      <NettingSetId>CPTY_C</NettingSetId>
      <AdditionalFields/>
    </Envelope>
    <SwapData>
      <LegData>
        <LegType>Fixed</LegType>
        <Payer>true</Payer>
        <Currency>EUR</Currency>
        <Notionals>
          <Notional>7500000.000000</Notional>
        </Notionals>
        <DayCounter>30/360</DayCounter>
        <PaymentConvention>F</PaymentConvention>
        <FixedLegData>
          <Rates>
            <Rate>0.06</Rate>
          </Rates>
        </FixedLegData>
        <ScheduleData>
          <Rules>
            <StartDate>20160203</StartDate>
            <EndDate>20360203</EndDate>
            <Tenor>1Y</Tenor>
            <Calendar>TARGET</Calendar>
            <Convention>F</Convention>
            <TermConvention>F</TermConvention>
            <Rule>Forward</Rule>
            <EndOfMonth/>
            <FirstDate/>
            <LastDate/>
          </Rules>
        </ScheduleData>
      </LegData>
      <LegData>
        <LegType>Floating</LegType>
        <Payer>false</Payer>
        <Currency>EUR</Currency>
        <Notionals>
          <Notional>7500000.000000</Notional>
        </Notionals>
        <DayCounter>A360</DayCounter>
        <PaymentConvention>MF</PaymentConvention>
        <FloatingLegData>
          <Index>EUR-EURIBOR-6M</Index>
          <Spreads>
            <Spread>0.050000</Spread>
          </Spreads>
          <IsInArrears>false</IsInArrears>
          <FixingDays>2</FixingDays>
        </FloatingLegData>
        <ScheduleData>
          <Rules>
            <StartDate>20160203</StartDate>
            <EndDate>20360203</EndDate>
            <Tenor>6M</Tenor>
            <Calendar>TARGET</Calendar>
            <Convention>MF</Convention>
            <TermConvention>MF</TermConvention>
            <Rule>Forward</Rule>
            <EndOfMonth/>
            <FirstDate/>
            <LastDate/>
          </Rules>
        </ScheduleData>
      </LegData>
    </SwapData>
  </Trade>
-->
</Portfolio>
