#TradeId,NettingSetId,CVA,DVA,FBA,FCA,FBAexOwnSP,FCAexOwnSP,FBAexAllSP,FCAexAllSP,COLVA,MVA,OurKVACCR,TheirKVACCR,OurKVACVA,TheirKVACVA,CollateralFloor,AllocatedCVA,AllocatedDVA,AllocationMethod,BaselEPE,BaselEEPE
,CPTY_A,4529.73,88.37,37.99,-666.77,48.78,-759.61,56.63,-823.39,0.00,-106.47,0.00,0.00,0.00,0.00,0.00,4529.73,88.37,None,51039.28,53578.25
BermSwp,CPTY_A,4529.73,88.37,37.99,-666.77,48.78,-759.61,56.63,-823.39,#N/A,#N/A,#N/A,#N/A,#N/A,#N/A,#N/A,0.00,0.00,None,51039.28,53578.25
,CPTY_B,0.00,0.00,0.00,0.00,0.00,0.00,0.00,0.00,0.00,0.00,0.00,0.00,0.00,0.00,0.00,0.00,0.00,None,0.00,0.00
LPISwp,CPTY_B,0.00,0.00,0.00,0.00,0.00,0.00,0.00,0.00,#N/A,#N/A,#N/A,#N/A,#N/A,#N/A,#N/A,0.00,0.00,None,0.00,0.00
