{ "@timestamp": "2024-09-24T13:04:06.181139", "detail": "22 trades, 1231 samples", "key": "sensitivities", "progress": 0, "total": 27082 }
{ "@timestamp": "2024-09-24T13:04:06.183218", "detail": "22 trades, 1231 samples", "key": "sensitivities", "progress": 286, "total": 27082 }
{ "@timestamp": "2024-09-24T13:04:06.184325", "detail": "22 trades, 1231 samples", "key": "sensitivities", "progress": 550, "total": 27082 }
{ "@timestamp": "2024-09-24T13:04:06.184756", "detail": "22 trades, 1231 samples", "key": "sensitivities", "progress": 814, "total": 27082 }
{ "@timestamp": "2024-09-24T13:04:06.186130", "detail": "22 trades, 1231 samples", "key": "sensitivities", "progress": 1100, "total": 27082 }
{ "@timestamp": "2024-09-24T13:04:06.187411", "detail": "22 trades, 1231 samples", "key": "sensitivities", "progress": 1364, "total": 27082 }
{ "@timestamp": "2024-09-24T13:04:06.188015", "detail": "22 trades, 1231 samples", "key": "sensitivities", "progress": 1628, "total": 27082 }
{ "@timestamp": "2024-09-24T13:04:06.189030", "detail": "22 trades, 1231 samples", "key": "sensitivities", "progress": 1914, "total": 27082 }
{ "@timestamp": "2024-09-24T13:04:06.189838", "detail": "22 trades, 1231 samples", "key": "sensitivities", "progress": 2178, "total": 27082 }
{ "@timestamp": "2024-09-24T13:04:06.190295", "detail": "22 trades, 1231 samples", "key": "sensitivities", "progress": 2442, "total": 27082 }
{ "@timestamp": "2024-09-24T13:04:06.191892", "detail": "22 trades, 1231 samples", "key": "sensitivities", "progress": 2728, "total": 27082 }
{ "@timestamp": "2024-09-24T13:04:06.192657", "detail": "22 trades, 1231 samples", "key": "sensitivities", "progress": 2992, "total": 27082 }
{ "@timestamp": "2024-09-24T13:04:06.193026", "detail": "22 trades, 1231 samples", "key": "sensitivities", "progress": 3256, "total": 27082 }
{ "@timestamp": "2024-09-24T13:04:06.193865", "detail": "22 trades, 1231 samples", "key": "sensitivities", "progress": 3542, "total": 27082 }
{ "@timestamp": "2024-09-24T13:04:06.195081", "detail": "22 trades, 1231 samples", "key": "sensitivities", "progress": 3806, "total": 27082 }
{ "@timestamp": "2024-09-24T13:04:06.195402", "detail": "22 trades, 1231 samples", "key": "sensitivities", "progress": 4070, "total": 27082 }
{ "@timestamp": "2024-09-24T13:04:06.195912", "detail": "22 trades, 1231 samples", "key": "sensitivities", "progress": 4334, "total": 27082 }
{ "@timestamp": "2024-09-24T13:04:06.197840", "detail": "22 trades, 1231 samples", "key": "sensitivities", "progress": 4620, "total": 27082 }
{ "@timestamp": "2024-09-24T13:04:06.198181", "detail": "22 trades, 1231 samples", "key": "sensitivities", "progress": 4884, "total": 27082 }
{ "@timestamp": "2024-09-24T13:04:06.198500", "detail": "22 trades, 1231 samples", "key": "sensitivities", "progress": 5148, "total": 27082 }
{ "@timestamp": "2024-09-24T13:04:06.199754", "detail": "22 trades, 1231 samples", "key": "sensitivities", "progress": 5434, "total": 27082 }
{ "@timestamp": "2024-09-24T13:04:06.200560", "detail": "22 trades, 1231 samples", "key": "sensitivities", "progress": 5698, "total": 27082 }
{ "@timestamp": "2024-09-24T13:04:06.200910", "detail": "22 trades, 1231 samples", "key": "sensitivities", "progress": 5962, "total": 27082 }
{ "@timestamp": "2024-09-24T13:04:06.201592", "detail": "22 trades, 1231 samples", "key": "sensitivities", "progress": 6248, "total": 27082 }
{ "@timestamp": "2024-09-24T13:04:06.201871", "detail": "22 trades, 1231 samples", "key": "sensitivities", "progress": 6512, "total": 27082 }
{ "@timestamp": "2024-09-24T13:04:06.202156", "detail": "22 trades, 1231 samples", "key": "sensitivities", "progress": 6776, "total": 27082 }
{ "@timestamp": "2024-09-24T13:04:06.202544", "detail": "22 trades, 1231 samples", "key": "sensitivities", "progress": 7062, "total": 27082 }
{ "@timestamp": "2024-09-24T13:04:06.202822", "detail": "22 trades, 1231 samples", "key": "sensitivities", "progress": 7326, "total": 27082 }
{ "@timestamp": "2024-09-24T13:04:06.203101", "detail": "22 trades, 1231 samples", "key": "sensitivities", "progress": 7590, "total": 27082 }
{ "@timestamp": "2024-09-24T13:04:06.203408", "detail": "22 trades, 1231 samples", "key": "sensitivities", "progress": 7854, "total": 27082 }
{ "@timestamp": "2024-09-24T13:04:06.203763", "detail": "22 trades, 1231 samples", "key": "sensitivities", "progress": 8140, "total": 27082 }
{ "@timestamp": "2024-09-24T13:04:06.204097", "detail": "22 trades, 1231 samples", "key": "sensitivities", "progress": 8404, "total": 27082 }
{ "@timestamp": "2024-09-24T13:04:06.204444", "detail": "22 trades, 1231 samples", "key": "sensitivities", "progress": 8668, "total": 27082 }
{ "@timestamp": "2024-09-24T13:04:06.204788", "detail": "22 trades, 1231 samples", "key": "sensitivities", "progress": 8954, "total": 27082 }
{ "@timestamp": "2024-09-24T13:04:06.205119", "detail": "22 trades, 1231 samples", "key": "sensitivities", "progress": 9218, "total": 27082 }
{ "@timestamp": "2024-09-24T13:04:06.205473", "detail": "22 trades, 1231 samples", "key": "sensitivities", "progress": 9482, "total": 27082 }
{ "@timestamp": "2024-09-24T13:04:06.205971", "detail": "22 trades, 1231 samples", "key": "sensitivities", "progress": 9768, "total": 27082 }
{ "@timestamp": "2024-09-24T13:04:06.206491", "detail": "22 trades, 1231 samples", "key": "sensitivities", "progress": 10032, "total": 27082 }
{ "@timestamp": "2024-09-24T13:04:06.207861", "detail": "22 trades, 1231 samples", "key": "sensitivities", "progress": 10296, "total": 27082 }
{ "@timestamp": "2024-09-24T13:04:06.209473", "detail": "22 trades, 1231 samples", "key": "sensitivities", "progress": 10582, "total": 27082 }
{ "@timestamp": "2024-09-24T13:04:06.211127", "detail": "22 trades, 1231 samples", "key": "sensitivities", "progress": 10846, "total": 27082 }
{ "@timestamp": "2024-09-24T13:04:06.212762", "detail": "22 trades, 1231 samples", "key": "sensitivities", "progress": 11110, "total": 27082 }
{ "@timestamp": "2024-09-24T13:04:06.214533", "detail": "22 trades, 1231 samples", "key": "sensitivities", "progress": 11396, "total": 27082 }
{ "@timestamp": "2024-09-24T13:04:06.216138", "detail": "22 trades, 1231 samples", "key": "sensitivities", "progress": 11660, "total": 27082 }
{ "@timestamp": "2024-09-24T13:04:06.217622", "detail": "22 trades, 1231 samples", "key": "sensitivities", "progress": 11924, "total": 27082 }
{ "@timestamp": "2024-09-24T13:04:06.219286", "detail": "22 trades, 1231 samples", "key": "sensitivities", "progress": 12188, "total": 27082 }
{ "@timestamp": "2024-09-24T13:04:06.221038", "detail": "22 trades, 1231 samples", "key": "sensitivities", "progress": 12474, "total": 27082 }
{ "@timestamp": "2024-09-24T13:04:06.222692", "detail": "22 trades, 1231 samples", "key": "sensitivities", "progress": 12738, "total": 27082 }
{ "@timestamp": "2024-09-24T13:04:06.223219", "detail": "22 trades, 1231 samples", "key": "sensitivities", "progress": 13002, "total": 27082 }
{ "@timestamp": "2024-09-24T13:04:06.224222", "detail": "22 trades, 1231 samples", "key": "sensitivities", "progress": 13288, "total": 27082 }
{ "@timestamp": "2024-09-24T13:04:06.226013", "detail": "22 trades, 1231 samples", "key": "sensitivities", "progress": 13552, "total": 27082 }
{ "@timestamp": "2024-09-24T13:04:06.228019", "detail": "22 trades, 1231 samples", "key": "sensitivities", "progress": 13816, "total": 27082 }
{ "@timestamp": "2024-09-24T13:04:06.230474", "detail": "22 trades, 1231 samples", "key": "sensitivities", "progress": 14102, "total": 27082 }
{ "@timestamp": "2024-09-24T13:04:06.232301", "detail": "22 trades, 1231 samples", "key": "sensitivities", "progress": 14366, "total": 27082 }
{ "@timestamp": "2024-09-24T13:04:06.234469", "detail": "22 trades, 1231 samples", "key": "sensitivities", "progress": 14630, "total": 27082 }
{ "@timestamp": "2024-09-24T13:04:06.236689", "detail": "22 trades, 1231 samples", "key": "sensitivities", "progress": 14916, "total": 27082 }
{ "@timestamp": "2024-09-24T13:04:06.238503", "detail": "22 trades, 1231 samples", "key": "sensitivities", "progress": 15180, "total": 27082 }
{ "@timestamp": "2024-09-24T13:04:06.240916", "detail": "22 trades, 1231 samples", "key": "sensitivities", "progress": 15444, "total": 27082 }
{ "@timestamp": "2024-09-24T13:04:06.242752", "detail": "22 trades, 1231 samples", "key": "sensitivities", "progress": 15708, "total": 27082 }
{ "@timestamp": "2024-09-24T13:04:06.244861", "detail": "22 trades, 1231 samples", "key": "sensitivities", "progress": 15994, "total": 27082 }
{ "@timestamp": "2024-09-24T13:04:06.247162", "detail": "22 trades, 1231 samples", "key": "sensitivities", "progress": 16258, "total": 27082 }
{ "@timestamp": "2024-09-24T13:04:06.248946", "detail": "22 trades, 1231 samples", "key": "sensitivities", "progress": 16522, "total": 27082 }
{ "@timestamp": "2024-09-24T13:04:06.251509", "detail": "22 trades, 1231 samples", "key": "sensitivities", "progress": 16808, "total": 27082 }
{ "@timestamp": "2024-09-24T13:04:06.253389", "detail": "22 trades, 1231 samples", "key": "sensitivities", "progress": 17072, "total": 27082 }
{ "@timestamp": "2024-09-24T13:04:06.255367", "detail": "22 trades, 1231 samples", "key": "sensitivities", "progress": 17336, "total": 27082 }
{ "@timestamp": "2024-09-24T13:04:06.257782", "detail": "22 trades, 1231 samples", "key": "sensitivities", "progress": 17622, "total": 27082 }
{ "@timestamp": "2024-09-24T13:04:06.259593", "detail": "22 trades, 1231 samples", "key": "sensitivities", "progress": 17886, "total": 27082 }
{ "@timestamp": "2024-09-24T13:04:06.262024", "detail": "22 trades, 1231 samples", "key": "sensitivities", "progress": 18150, "total": 27082 }
{ "@timestamp": "2024-09-24T13:04:06.263949", "detail": "22 trades, 1231 samples", "key": "sensitivities", "progress": 18436, "total": 27082 }
{ "@timestamp": "2024-09-24T13:04:06.266304", "detail": "22 trades, 1231 samples", "key": "sensitivities", "progress": 18700, "total": 27082 }
{ "@timestamp": "2024-09-24T13:04:06.268292", "detail": "22 trades, 1231 samples", "key": "sensitivities", "progress": 18964, "total": 27082 }
{ "@timestamp": "2024-09-24T13:04:06.270643", "detail": "22 trades, 1231 samples", "key": "sensitivities", "progress": 19250, "total": 27082 }
{ "@timestamp": "2024-09-24T13:04:06.271913", "detail": "22 trades, 1231 samples", "key": "sensitivities", "progress": 19514, "total": 27082 }
{ "@timestamp": "2024-09-24T13:04:06.273092", "detail": "22 trades, 1231 samples", "key": "sensitivities", "progress": 19778, "total": 27082 }
{ "@timestamp": "2024-09-24T13:04:06.274597", "detail": "22 trades, 1231 samples", "key": "sensitivities", "progress": 20042, "total": 27082 }
{ "@timestamp": "2024-09-24T13:04:06.275694", "detail": "22 trades, 1231 samples", "key": "sensitivities", "progress": 20328, "total": 27082 }
{ "@timestamp": "2024-09-24T13:04:06.277172", "detail": "22 trades, 1231 samples", "key": "sensitivities", "progress": 20592, "total": 27082 }
{ "@timestamp": "2024-09-24T13:04:06.278246", "detail": "22 trades, 1231 samples", "key": "sensitivities", "progress": 20856, "total": 27082 }
{ "@timestamp": "2024-09-24T13:04:06.279798", "detail": "22 trades, 1231 samples", "key": "sensitivities", "progress": 21142, "total": 27082 }
{ "@timestamp": "2024-09-24T13:04:06.281140", "detail": "22 trades, 1231 samples", "key": "sensitivities", "progress": 21406, "total": 27082 }
{ "@timestamp": "2024-09-24T13:04:06.282386", "detail": "22 trades, 1231 samples", "key": "sensitivities", "progress": 21670, "total": 27082 }
{ "@timestamp": "2024-09-24T13:04:06.284191", "detail": "22 trades, 1231 samples", "key": "sensitivities", "progress": 21956, "total": 27082 }
{ "@timestamp": "2024-09-24T13:04:06.285130", "detail": "22 trades, 1231 samples", "key": "sensitivities", "progress": 22220, "total": 27082 }
{ "@timestamp": "2024-09-24T13:04:06.287126", "detail": "22 trades, 1231 samples", "key": "sensitivities", "progress": 22484, "total": 27082 }
{ "@timestamp": "2024-09-24T13:04:06.288387", "detail": "22 trades, 1231 samples", "key": "sensitivities", "progress": 22770, "total": 27082 }
{ "@timestamp": "2024-09-24T13:04:06.289830", "detail": "22 trades, 1231 samples", "key": "sensitivities", "progress": 23034, "total": 27082 }
{ "@timestamp": "2024-09-24T13:04:06.291702", "detail": "22 trades, 1231 samples", "key": "sensitivities", "progress": 23298, "total": 27082 }
{ "@timestamp": "2024-09-24T13:04:06.292938", "detail": "22 trades, 1231 samples", "key": "sensitivities", "progress": 23562, "total": 27082 }
{ "@timestamp": "2024-09-24T13:04:06.294568", "detail": "22 trades, 1231 samples", "key": "sensitivities", "progress": 23848, "total": 27082 }
{ "@timestamp": "2024-09-24T13:04:06.296712", "detail": "22 trades, 1231 samples", "key": "sensitivities", "progress": 24112, "total": 27082 }
{ "@timestamp": "2024-09-24T13:04:06.298398", "detail": "22 trades, 1231 samples", "key": "sensitivities", "progress": 24376, "total": 27082 }
{ "@timestamp": "2024-09-24T13:04:06.300276", "detail": "22 trades, 1231 samples", "key": "sensitivities", "progress": 24662, "total": 27082 }
{ "@timestamp": "2024-09-24T13:04:06.302104", "detail": "22 trades, 1231 samples", "key": "sensitivities", "progress": 24926, "total": 27082 }
{ "@timestamp": "2024-09-24T13:04:06.304107", "detail": "22 trades, 1231 samples", "key": "sensitivities", "progress": 25190, "total": 27082 }
{ "@timestamp": "2024-09-24T13:04:06.306453", "detail": "22 trades, 1231 samples", "key": "sensitivities", "progress": 25476, "total": 27082 }
{ "@timestamp": "2024-09-24T13:04:06.308845", "detail": "22 trades, 1231 samples", "key": "sensitivities", "progress": 25740, "total": 27082 }
{ "@timestamp": "2024-09-24T13:04:06.311354", "detail": "22 trades, 1231 samples", "key": "sensitivities", "progress": 26004, "total": 27082 }
{ "@timestamp": "2024-09-24T13:04:06.314097", "detail": "22 trades, 1231 samples", "key": "sensitivities", "progress": 26290, "total": 27082 }
{ "@timestamp": "2024-09-24T13:04:06.316399", "detail": "22 trades, 1231 samples", "key": "sensitivities", "progress": 26554, "total": 27082 }
{ "@timestamp": "2024-09-24T13:04:06.318657", "detail": "22 trades, 1231 samples", "key": "sensitivities", "progress": 26818, "total": 27082 }
{ "@timestamp": "2024-09-24T13:04:06.320715", "detail": "22 trades, 1231 samples", "key": "sensitivities", "progress": 27082, "total": 27082 }
{ "@timestamp": "2024-09-24T13:04:12.638351", "detail": "23 trades, 3 samples", "key": "stress scenarios", "progress": 0, "total": 69 }
{ "@timestamp": "2024-09-24T13:04:12.645764", "detail": "23 trades, 3 samples", "key": "stress scenarios", "progress": 23, "total": 69 }
{ "@timestamp": "2024-09-24T13:04:12.653151", "detail": "23 trades, 3 samples", "key": "stress scenarios", "progress": 46, "total": 69 }
{ "@timestamp": "2024-09-24T13:04:12.653201", "detail": "23 trades, 3 samples", "key": "stress scenarios", "progress": 69, "total": 69 }
