{ "@timestamp": "2024-02-06T17:51:22.066816", "detail": "22 trades, 1231 samples", "key": "sensitivities", "progress": 0, "total": 27082 }
{ "@timestamp": "2024-02-06T17:51:22.154800", "detail": "22 trades, 1231 samples", "key": "sensitivities", "progress": 286, "total": 27082 }
{ "@timestamp": "2024-02-06T17:51:22.242783", "detail": "22 trades, 1231 samples", "key": "sensitivities", "progress": 550, "total": 27082 }
{ "@timestamp": "2024-02-06T17:51:22.350764", "detail": "22 trades, 1231 samples", "key": "sensitivities", "progress": 814, "total": 27082 }
{ "@timestamp": "2024-02-06T17:51:22.443748", "detail": "22 trades, 1231 samples", "key": "sensitivities", "progress": 1100, "total": 27082 }
{ "@timestamp": "2024-02-06T17:51:22.531732", "detail": "22 trades, 1231 samples", "key": "sensitivities", "progress": 1364, "total": 27082 }
{ "@timestamp": "2024-02-06T17:51:22.614720", "detail": "22 trades, 1231 samples", "key": "sensitivities", "progress": 1628, "total": 27082 }
{ "@timestamp": "2024-02-06T17:51:22.715700", "detail": "22 trades, 1231 samples", "key": "sensitivities", "progress": 1914, "total": 27082 }
{ "@timestamp": "2024-02-06T17:51:22.805683", "detail": "22 trades, 1231 samples", "key": "sensitivities", "progress": 2178, "total": 27082 }
{ "@timestamp": "2024-02-06T17:51:22.887670", "detail": "22 trades, 1231 samples", "key": "sensitivities", "progress": 2442, "total": 27082 }
{ "@timestamp": "2024-02-06T17:51:22.981652", "detail": "22 trades, 1231 samples", "key": "sensitivities", "progress": 2728, "total": 27082 }
{ "@timestamp": "2024-02-06T17:51:23.061637", "detail": "22 trades, 1231 samples", "key": "sensitivities", "progress": 2992, "total": 27082 }
{ "@timestamp": "2024-02-06T17:51:23.144623", "detail": "22 trades, 1231 samples", "key": "sensitivities", "progress": 3256, "total": 27082 }
{ "@timestamp": "2024-02-06T17:51:23.236606", "detail": "22 trades, 1231 samples", "key": "sensitivities", "progress": 3542, "total": 27082 }
{ "@timestamp": "2024-02-06T17:51:23.321592", "detail": "22 trades, 1231 samples", "key": "sensitivities", "progress": 3806, "total": 27082 }
{ "@timestamp": "2024-02-06T17:51:23.396578", "detail": "22 trades, 1231 samples", "key": "sensitivities", "progress": 4070, "total": 27082 }
{ "@timestamp": "2024-02-06T17:51:23.476563", "detail": "22 trades, 1231 samples", "key": "sensitivities", "progress": 4334, "total": 27082 }
{ "@timestamp": "2024-02-06T17:51:23.564549", "detail": "22 trades, 1231 samples", "key": "sensitivities", "progress": 4620, "total": 27082 }
{ "@timestamp": "2024-02-06T17:51:23.648534", "detail": "22 trades, 1231 samples", "key": "sensitivities", "progress": 4884, "total": 27082 }
{ "@timestamp": "2024-02-06T17:51:23.726520", "detail": "22 trades, 1231 samples", "key": "sensitivities", "progress": 5148, "total": 27082 }
{ "@timestamp": "2024-02-06T17:51:23.815503", "detail": "22 trades, 1231 samples", "key": "sensitivities", "progress": 5434, "total": 27082 }
{ "@timestamp": "2024-02-06T17:51:23.901488", "detail": "22 trades, 1231 samples", "key": "sensitivities", "progress": 5698, "total": 27082 }
{ "@timestamp": "2024-02-06T17:51:23.976474", "detail": "22 trades, 1231 samples", "key": "sensitivities", "progress": 5962, "total": 27082 }
{ "@timestamp": "2024-02-06T17:51:24.057460", "detail": "22 trades, 1231 samples", "key": "sensitivities", "progress": 6248, "total": 27082 }
{ "@timestamp": "2024-02-06T17:51:24.140447", "detail": "22 trades, 1231 samples", "key": "sensitivities", "progress": 6512, "total": 27082 }
{ "@timestamp": "2024-02-06T17:51:24.227430", "detail": "22 trades, 1231 samples", "key": "sensitivities", "progress": 6776, "total": 27082 }
{ "@timestamp": "2024-02-06T17:51:24.313415", "detail": "22 trades, 1231 samples", "key": "sensitivities", "progress": 7062, "total": 27082 }
{ "@timestamp": "2024-02-06T17:51:24.391401", "detail": "22 trades, 1231 samples", "key": "sensitivities", "progress": 7326, "total": 27082 }
{ "@timestamp": "2024-02-06T17:51:24.472386", "detail": "22 trades, 1231 samples", "key": "sensitivities", "progress": 7590, "total": 27082 }
{ "@timestamp": "2024-02-06T17:51:24.553372", "detail": "22 trades, 1231 samples", "key": "sensitivities", "progress": 7854, "total": 27082 }
{ "@timestamp": "2024-02-06T17:51:24.633358", "detail": "22 trades, 1231 samples", "key": "sensitivities", "progress": 8140, "total": 27082 }
{ "@timestamp": "2024-02-06T17:51:24.707346", "detail": "22 trades, 1231 samples", "key": "sensitivities", "progress": 8404, "total": 27082 }
{ "@timestamp": "2024-02-06T17:51:24.793329", "detail": "22 trades, 1231 samples", "key": "sensitivities", "progress": 8668, "total": 27082 }
{ "@timestamp": "2024-02-06T17:51:24.877314", "detail": "22 trades, 1231 samples", "key": "sensitivities", "progress": 8954, "total": 27082 }
{ "@timestamp": "2024-02-06T17:51:24.972297", "detail": "22 trades, 1231 samples", "key": "sensitivities", "progress": 9218, "total": 27082 }
{ "@timestamp": "2024-02-06T17:51:25.078278", "detail": "22 trades, 1231 samples", "key": "sensitivities", "progress": 9482, "total": 27082 }
{ "@timestamp": "2024-02-06T17:51:25.195258", "detail": "22 trades, 1231 samples", "key": "sensitivities", "progress": 9768, "total": 27082 }
{ "@timestamp": "2024-02-06T17:51:25.293240", "detail": "22 trades, 1231 samples", "key": "sensitivities", "progress": 10032, "total": 27082 }
{ "@timestamp": "2024-02-06T17:51:25.379225", "detail": "22 trades, 1231 samples", "key": "sensitivities", "progress": 10296, "total": 27082 }
{ "@timestamp": "2024-02-06T17:51:25.470208", "detail": "22 trades, 1231 samples", "key": "sensitivities", "progress": 10582, "total": 27082 }
{ "@timestamp": "2024-02-06T17:51:25.559191", "detail": "22 trades, 1231 samples", "key": "sensitivities", "progress": 10846, "total": 27082 }
{ "@timestamp": "2024-02-06T17:51:25.651175", "detail": "22 trades, 1231 samples", "key": "sensitivities", "progress": 11110, "total": 27082 }
{ "@timestamp": "2024-02-06T17:51:25.744158", "detail": "22 trades, 1231 samples", "key": "sensitivities", "progress": 11396, "total": 27082 }
{ "@timestamp": "2024-02-06T17:51:25.827145", "detail": "22 trades, 1231 samples", "key": "sensitivities", "progress": 11660, "total": 27082 }
{ "@timestamp": "2024-02-06T17:51:25.911129", "detail": "22 trades, 1231 samples", "key": "sensitivities", "progress": 11924, "total": 27082 }
{ "@timestamp": "2024-02-06T17:51:26.008111", "detail": "22 trades, 1231 samples", "key": "sensitivities", "progress": 12188, "total": 27082 }
{ "@timestamp": "2024-02-06T17:51:26.107094", "detail": "22 trades, 1231 samples", "key": "sensitivities", "progress": 12474, "total": 27082 }
{ "@timestamp": "2024-02-06T17:51:26.195077", "detail": "22 trades, 1231 samples", "key": "sensitivities", "progress": 12738, "total": 27082 }
{ "@timestamp": "2024-02-06T17:51:26.276065", "detail": "22 trades, 1231 samples", "key": "sensitivities", "progress": 13002, "total": 27082 }
{ "@timestamp": "2024-02-06T17:51:26.365048", "detail": "22 trades, 1231 samples", "key": "sensitivities", "progress": 13288, "total": 27082 }
{ "@timestamp": "2024-02-06T17:51:26.453031", "detail": "22 trades, 1231 samples", "key": "sensitivities", "progress": 13552, "total": 27082 }
{ "@timestamp": "2024-02-06T17:51:26.546015", "detail": "22 trades, 1231 samples", "key": "sensitivities", "progress": 13816, "total": 27082 }
{ "@timestamp": "2024-02-06T17:51:26.647998", "detail": "22 trades, 1231 samples", "key": "sensitivities", "progress": 14102, "total": 27082 }
{ "@timestamp": "2024-02-06T17:51:26.738981", "detail": "22 trades, 1231 samples", "key": "sensitivities", "progress": 14366, "total": 27082 }
{ "@timestamp": "2024-02-06T17:51:26.829967", "detail": "22 trades, 1231 samples", "key": "sensitivities", "progress": 14630, "total": 27082 }
{ "@timestamp": "2024-02-06T17:51:26.933947", "detail": "22 trades, 1231 samples", "key": "sensitivities", "progress": 14916, "total": 27082 }
{ "@timestamp": "2024-02-06T17:51:27.024930", "detail": "22 trades, 1231 samples", "key": "sensitivities", "progress": 15180, "total": 27082 }
{ "@timestamp": "2024-02-06T17:51:27.117913", "detail": "22 trades, 1231 samples", "key": "sensitivities", "progress": 15444, "total": 27082 }
{ "@timestamp": "2024-02-06T17:51:27.206899", "detail": "22 trades, 1231 samples", "key": "sensitivities", "progress": 15708, "total": 27082 }
{ "@timestamp": "2024-02-06T17:51:27.305880", "detail": "22 trades, 1231 samples", "key": "sensitivities", "progress": 15994, "total": 27082 }
{ "@timestamp": "2024-02-06T17:51:27.402862", "detail": "22 trades, 1231 samples", "key": "sensitivities", "progress": 16258, "total": 27082 }
{ "@timestamp": "2024-02-06T17:51:27.485849", "detail": "22 trades, 1231 samples", "key": "sensitivities", "progress": 16522, "total": 27082 }
{ "@timestamp": "2024-02-06T17:51:27.586830", "detail": "22 trades, 1231 samples", "key": "sensitivities", "progress": 16808, "total": 27082 }
{ "@timestamp": "2024-02-06T17:51:27.676813", "detail": "22 trades, 1231 samples", "key": "sensitivities", "progress": 17072, "total": 27082 }
{ "@timestamp": "2024-02-06T17:51:27.771796", "detail": "22 trades, 1231 samples", "key": "sensitivities", "progress": 17336, "total": 27082 }
{ "@timestamp": "2024-02-06T17:51:27.873778", "detail": "22 trades, 1231 samples", "key": "sensitivities", "progress": 17622, "total": 27082 }
{ "@timestamp": "2024-02-06T17:51:27.972763", "detail": "22 trades, 1231 samples", "key": "sensitivities", "progress": 17886, "total": 27082 }
{ "@timestamp": "2024-02-06T17:51:28.065746", "detail": "22 trades, 1231 samples", "key": "sensitivities", "progress": 18150, "total": 27082 }
{ "@timestamp": "2024-02-06T17:51:28.163726", "detail": "22 trades, 1231 samples", "key": "sensitivities", "progress": 18436, "total": 27082 }
{ "@timestamp": "2024-02-06T17:51:28.258710", "detail": "22 trades, 1231 samples", "key": "sensitivities", "progress": 18700, "total": 27082 }
{ "@timestamp": "2024-02-06T17:51:28.350695", "detail": "22 trades, 1231 samples", "key": "sensitivities", "progress": 18964, "total": 27082 }
{ "@timestamp": "2024-02-06T17:51:28.447677", "detail": "22 trades, 1231 samples", "key": "sensitivities", "progress": 19250, "total": 27082 }
{ "@timestamp": "2024-02-06T17:51:28.532662", "detail": "22 trades, 1231 samples", "key": "sensitivities", "progress": 19514, "total": 27082 }
{ "@timestamp": "2024-02-06T17:51:28.614646", "detail": "22 trades, 1231 samples", "key": "sensitivities", "progress": 19778, "total": 27082 }
{ "@timestamp": "2024-02-06T17:51:28.700631", "detail": "22 trades, 1231 samples", "key": "sensitivities", "progress": 20042, "total": 27082 }
{ "@timestamp": "2024-02-06T17:51:28.789616", "detail": "22 trades, 1231 samples", "key": "sensitivities", "progress": 20328, "total": 27082 }
{ "@timestamp": "2024-02-06T17:51:28.880599", "detail": "22 trades, 1231 samples", "key": "sensitivities", "progress": 20592, "total": 27082 }
{ "@timestamp": "2024-02-06T17:51:28.964585", "detail": "22 trades, 1231 samples", "key": "sensitivities", "progress": 20856, "total": 27082 }
{ "@timestamp": "2024-02-06T17:51:29.055569", "detail": "22 trades, 1231 samples", "key": "sensitivities", "progress": 21142, "total": 27082 }
{ "@timestamp": "2024-02-06T17:51:29.138553", "detail": "22 trades, 1231 samples", "key": "sensitivities", "progress": 21406, "total": 27082 }
{ "@timestamp": "2024-02-06T17:51:29.222538", "detail": "22 trades, 1231 samples", "key": "sensitivities", "progress": 21670, "total": 27082 }
{ "@timestamp": "2024-02-06T17:51:29.317520", "detail": "22 trades, 1231 samples", "key": "sensitivities", "progress": 21956, "total": 27082 }
{ "@timestamp": "2024-02-06T17:51:29.406505", "detail": "22 trades, 1231 samples", "key": "sensitivities", "progress": 22220, "total": 27082 }
{ "@timestamp": "2024-02-06T17:51:29.498489", "detail": "22 trades, 1231 samples", "key": "sensitivities", "progress": 22484, "total": 27082 }
{ "@timestamp": "2024-02-06T17:51:29.587474", "detail": "22 trades, 1231 samples", "key": "sensitivities", "progress": 22770, "total": 27082 }
{ "@timestamp": "2024-02-06T17:51:29.674457", "detail": "22 trades, 1231 samples", "key": "sensitivities", "progress": 23034, "total": 27082 }
{ "@timestamp": "2024-02-06T17:51:29.760443", "detail": "22 trades, 1231 samples", "key": "sensitivities", "progress": 23298, "total": 27082 }
{ "@timestamp": "2024-02-06T17:51:29.840429", "detail": "22 trades, 1231 samples", "key": "sensitivities", "progress": 23562, "total": 27082 }
{ "@timestamp": "2024-02-06T17:51:29.936411", "detail": "22 trades, 1231 samples", "key": "sensitivities", "progress": 23848, "total": 27082 }
{ "@timestamp": "2024-02-06T17:51:30.029394", "detail": "22 trades, 1231 samples", "key": "sensitivities", "progress": 24112, "total": 27082 }
{ "@timestamp": "2024-02-06T17:51:30.119378", "detail": "22 trades, 1231 samples", "key": "sensitivities", "progress": 24376, "total": 27082 }
{ "@timestamp": "2024-02-06T17:51:30.212360", "detail": "22 trades, 1231 samples", "key": "sensitivities", "progress": 24662, "total": 27082 }
{ "@timestamp": "2024-02-06T17:51:30.301345", "detail": "22 trades, 1231 samples", "key": "sensitivities", "progress": 24926, "total": 27082 }
{ "@timestamp": "2024-02-06T17:51:30.392330", "detail": "22 trades, 1231 samples", "key": "sensitivities", "progress": 25190, "total": 27082 }
{ "@timestamp": "2024-02-06T17:51:30.488312", "detail": "22 trades, 1231 samples", "key": "sensitivities", "progress": 25476, "total": 27082 }
{ "@timestamp": "2024-02-06T17:51:30.576296", "detail": "22 trades, 1231 samples", "key": "sensitivities", "progress": 25740, "total": 27082 }
{ "@timestamp": "2024-02-06T17:51:30.665282", "detail": "22 trades, 1231 samples", "key": "sensitivities", "progress": 26004, "total": 27082 }
{ "@timestamp": "2024-02-06T17:51:30.767264", "detail": "22 trades, 1231 samples", "key": "sensitivities", "progress": 26290, "total": 27082 }
{ "@timestamp": "2024-02-06T17:51:30.860246", "detail": "22 trades, 1231 samples", "key": "sensitivities", "progress": 26554, "total": 27082 }
{ "@timestamp": "2024-02-06T17:51:30.966228", "detail": "22 trades, 1231 samples", "key": "sensitivities", "progress": 26818, "total": 27082 }
{ "@timestamp": "2024-02-06T17:51:31.049214", "detail": "22 trades, 1231 samples", "key": "sensitivities", "progress": 27082, "total": 27082 }
{ "@timestamp": "2024-02-06T17:54:33.434676", "detail": "23 trades, 3 samples", "key": "stress scenarios", "progress": 0, "total": 69 }
{ "@timestamp": "2024-02-06T17:54:33.666634", "detail": "23 trades, 3 samples", "key": "stress scenarios", "progress": 23, "total": 69 }
{ "@timestamp": "2024-02-06T17:54:33.898593", "detail": "23 trades, 3 samples", "key": "stress scenarios", "progress": 46, "total": 69 }
{ "@timestamp": "2024-02-06T17:54:33.909591", "detail": "23 trades, 3 samples", "key": "stress scenarios", "progress": 69, "total": 69 }
