#TradeId,TradeType,Maturity,MaturityTime,NPV,NpvCurrency,NPV(Base),BaseCurrency,Notional,NotionalCurrency,Notional(Base),NettingSet,CounterParty
BERMUDAN_SWAPTION,Swaption,2038-10-01,22.652317,-3115844.394193,EUR,-3115844.394193,EUR,10000000.00,EUR,10000000.00,CPTY_A,CPTY_A
BOND,Bond,2021-02-03,4.994783,12902649.282760,EUR,12902649.282760,EUR,10000000.00,EUR,10000000.00,CPTY_A,CPTY_A
Bond_Floating,Bond,2021-02-03,4.994783,10765048.489931,EUR,10765048.489931,EUR,10000000.00,EUR,10000000.00,,CPTY_C
CAP_EUR,CapFloor,2026-02-09,10.011221,-6881.951398,EUR,-6881.951398,EUR,1000000.00,EUR,1000000.00,CPTY_A,CPTY_A
CAP_USD,CapFloor,2026-02-09,10.011221,-14245.033135,USD,-12580.206366,EUR,1000000.00,USD,883129.32,CPTY_A,CPTY_A
CC_SWAP_EUR_USD,Swap,2026-02-05,10.000262,-23643219.533172,USD,-20880020.288282,EUR,100000000.00,USD,88312931.57,CPTY_A,CPTY_A
CC_SWAP_EUR_USD_RESET,Swap,2026-02-05,10.000262,-22174553.893030,USD,-19582998.606449,EUR,100000000.00,USD,88312931.57,CPTY_A,CPTY_A
CDS,CreditDefaultSwap,2026-03-20,10.118070,805.422071,USD,711.291842,EUR,10000000.00,USD,8831293.16,CPTY_B,CPTY_B
CPI_Swap,Swap,2021-07-19,5.449577,829612.548929,GBP,1021768.347989,EUR,10000000.00,GBP,12316211.34,CPTY_A,CPTY_A
EQ_CALL_LUFT,EquityOption,2018-03-01,2.066015,1872.588407,EUR,1872.588407,EUR,9486.00,EUR,9486.00,CPTY_A,CPTY_A
EQ_CALL_SP5,EquityOption,2018-02-05,2.000262,203548.925706,USD,179760.023479,EUR,1664359.00,USD,1469844.22,CPTY_A,CPTY_A
EQ_FWD_LUFT,EquityForward,2018-03-01,2.066015,398.475476,EUR,398.475476,EUR,9486.00,EUR,9486.00,CPTY_A,CPTY_A
EQ_FWD_SP5,EquityForward,2018-02-05,2.000262,43300.712668,USD,38240.128749,EUR,1664359.00,USD,1469844.22,CPTY_A,CPTY_A
EQ_PUT_LUFT,EquityOption,2018-03-01,2.066015,1474.112931,EUR,1474.112931,EUR,9486.00,EUR,9486.00,CPTY_A,CPTY_A
EQ_PUT_SP5,EquityOption,2018-02-05,2.000262,-246849.638374,USD,-218000.152229,EUR,1664359.00,USD,1469844.22,CPTY_A,CPTY_A
EUROPEAN_SWAPTION,Swaption,2038-10-01,22.652317,-3091455.973555,EUR,-3091455.973555,EUR,10000000.00,EUR,10000000.00,CPTY_A,CPTY_A
FLOOR_EUR,CapFloor,2026-02-09,10.011221,78817.134537,EUR,78817.134537,EUR,1000000.00,EUR,1000000.00,CPTY_A,CPTY_A
FLOOR_USD,CapFloor,2026-02-09,10.011221,33545.193346,USD,29624.743646,EUR,1000000.00,USD,883129.32,CPTY_A,CPTY_A
FXFWD_EURUSD_10Y,FxForward,2026-03-02,10.068755,203138.757488,USD,179397.791901,EUR,1000000.00,EUR,1000000.00,CPTY_A,CPTY_A
FX_CALL_OPTION,FxOption,2026-03-01,10.066015,288852.452705,USD,255094.068908,EUR,1100000.00,USD,971442.25,CPTY_A,CPTY_A
FX_PUT_OPTION,FxOption,2026-03-01,10.066015,85737.736061,USD,75717.508181,EUR,1100000.00,USD,971442.25,CPTY_A,CPTY_A
SWAP_EUR,Swap,2036-02-11,20.016393,-262338.419047,EUR,-262338.419047,EUR,10000000.00,EUR,10000000.00,CPTY_A,CPTY_A
YearOnYear_Swap,Swap,2021-07-19,5.449577,590271.224568,EUR,590271.224568,EUR,10000000.00,EUR,10000000.00,CPTY_A,CPTY_A
