<?xml version="1.0"?>
<ORE>
  <Setup>
    <Parameter name="asofDate">2016-02-05</Parameter>
    <Parameter name="inputPath">Input</Parameter>
    <Parameter name="outputPath">Output</Parameter>
    <Parameter name="logFile">log.txt</Parameter>
    <Parameter name="logMask">255</Parameter>
    <Parameter name="marketDataFile">../../Input/market_20160205.txt</Parameter>
    <Parameter name="fixingDataFile">../../Input/fixings_20160205.txt</Parameter>
    <Parameter name="implyTodaysFixings">N</Parameter>
    <Parameter name="curveConfigFile">../../Input/curveconfig.xml</Parameter>
    <Parameter name="conventionsFile">../../Input/conventions.xml</Parameter>
    <Parameter name="marketConfigFile">../../Input/todaysmarket.xml</Parameter>
    <Parameter name="pricingEnginesFile">pricingengine.xml</Parameter>
    <Parameter name="portfolioFile">portfolio.xml</Parameter>
    <Parameter name="observationModel">None</Parameter>
  </Setup>
  <Markets>
    <Parameter name="lgmcalibration">collateral_inccy</Parameter>
    <Parameter name="fxcalibration">xois_eur</Parameter>
    <Parameter name="pricing">xois_eur</Parameter>
    <Parameter name="simulation">xois_eur</Parameter>
    <Parameter name="sensitivity">xois_eur</Parameter>
  </Markets>
  <Analytics>
    <Analytic type="npv">
      <Parameter name="active">Y</Parameter>
      <Parameter name="baseCurrency">EUR</Parameter>
      <Parameter name="outputFileName">npv.csv</Parameter>
    </Analytic>
    <Analytic type="cashflow">
      <Parameter name="active">Y</Parameter>
      <Parameter name="outputFileName">flows.csv</Parameter>
    </Analytic>
    <Analytic type="curves">
      <Parameter name="active">Y</Parameter>
      <Parameter name="configuration">default</Parameter>
      <Parameter name="grid">240,1M</Parameter>
      <Parameter name="outputFileName">curves.csv</Parameter>
    </Analytic>
    <Analytic type="simulation">
      <Parameter name="active">N</Parameter>
      <Parameter name="simulationConfigFile">mcsimulation.xml</Parameter>
      <Parameter name="pricingEnginesFile">pricingengine.xml</Parameter>
      <Parameter name="baseCurrency">EUR</Parameter>
      <Parameter name="storeScenarios">N</Parameter>
      <Parameter name="cubeFile">cube.csv.gz</Parameter>
      <Parameter name="aggregationScenarioDataFileName">scenariodata.csv.gz</Parameter>
    </Analytic>
    <Analytic type="xva">
      <Parameter name="active">N</Parameter>
      <Parameter name="csaFile">netting.xml</Parameter>
      <Parameter name="cubeFile">cube.csv.gz</Parameter>
      <Parameter name="scenarioFile">scenariodata.csv.gz</Parameter>
      <Parameter name="baseCurrency">EUR</Parameter>
      <Parameter name="exposureProfiles">Y</Parameter>
      <Parameter name="quantile">0.95</Parameter>
      <Parameter name="calculationType">Symmetric</Parameter>
      <Parameter name="allocationMethod">None</Parameter>
      <Parameter name="marginalAllocationLimit">1.0</Parameter>
      <Parameter name="exerciseNextBreak">N</Parameter>
      <Parameter name="cva">Y</Parameter>
      <Parameter name="dva">N</Parameter>
      <Parameter name="dvaName">BANK</Parameter>
      <Parameter name="fva">N</Parameter>
      <Parameter name="fvaBorrowingCurve">BANK_EUR_BORROW</Parameter>
      <Parameter name="fvaLendingCurve">BANK_EUR_LEND</Parameter>
      <Parameter name="colva">N</Parameter>
      <Parameter name="collateralFloor">N</Parameter>
      <Parameter name="rawCubeOutputFile">rawcube.csv</Parameter>
      <Parameter name="netCubeOutputFile">netcube.csv</Parameter>
    </Analytic>
    <Analytic type="initialMargin">
      <Parameter name="active">N</Parameter>
      <Parameter name="method"/>
    </Analytic>
    <Analytic type="sensitivity">
      <Parameter name="active">Y</Parameter>
      <Parameter name="marketConfigFile">simulation.xml</Parameter>
      <Parameter name="sensitivityConfigFile">sensitivity.xml</Parameter>
      <Parameter name="pricingEnginesFile">pricingengine.xml</Parameter>
      <Parameter name="scenarioOutputFile">scenario.csv</Parameter>
      <Parameter name="sensitivityOutputFile">sensitivity.csv</Parameter>
      <Parameter name="outputSensitivityThreshold">0.000001</Parameter>
      <Parameter name="recalibrateModels">Y</Parameter>
    </Analytic>
    <Analytic type="stress">
      <Parameter name="active">Y</Parameter>
      <Parameter name="marketConfigFile">simulation.xml</Parameter>
      <Parameter name="stressConfigFile">stresstest.xml</Parameter>
      <Parameter name="pricingEnginesFile">pricingengine.xml</Parameter>
      <Parameter name="scenarioOutputFile">stresstest.csv</Parameter>
      <Parameter name="outputThreshold">0.000001</Parameter>
    </Analytic>
    <Analytic type="parametricVar">
      <Parameter name="active">N</Parameter>
      <Parameter name="sensitivityInputFile">../Output/sensitivity.csv</Parameter>
      <Parameter name="covarianceInputFile">covariance.csv</Parameter>
      <Parameter name="salvageCovarianceMatrix">N</Parameter>
      <Parameter name="quantiles">0.01,0.05,0.95,0.99</Parameter>
      <!-- Breakdown of risk classes and types -->
      <Parameter name="breakdown">Y</Parameter>
      <!-- Portfolio filter (regex), may be empty or not given -->
      <Parameter name="portfolioFilter">PF1|PF2</Parameter>
      <!-- VaR method (Delta, DeltaGammaNormal, MonteCarlo) -->
      <Parameter name="method">DeltaGammaNormal</Parameter>
      <!-- Only required for method = MonteCarlo -->
      <!-- <Parameter name="mcSamples">100000</Parameter> -->
      <!-- <Parameter name="mcSeed">42</Parameter> -->
      <Parameter name="outputFile">var.csv</Parameter>
    </Analytic>
  </Analytics>
</ORE>
