<?xml version="1.0"?>
<ORE>
  <Setup>
    <Parameter name="asofDate">2022-01-31</Parameter>
    <Parameter name="inputPath">Input</Parameter>
    <Parameter name="outputPath">Output/fxtarf</Parameter>
    <Parameter name="logFile">log.txt</Parameter>
    <Parameter name="logMask">31</Parameter>
    <Parameter name="marketDataFile">market.txt</Parameter>
    <Parameter name="fixingDataFile">fixings.txt</Parameter>
    <Parameter name="implyTodaysFixings">N</Parameter>
    <Parameter name="curveConfigFile">curveconfig.xml</Parameter>
    <Parameter name="conventionsFile">conventions.xml</Parameter>
    <Parameter name="marketConfigFile">todaysmarket.xml</Parameter>
    <Parameter name="pricingEnginesFile">pricingengine.xml</Parameter>
    <Parameter name="portfolioFile">portfolio_fxtarf.xml</Parameter>
    <Parameter name="observationModel">None</Parameter>
  </Setup>
  <Markets>
    <Parameter name="lgmcalibration">inccy</Parameter>
    <Parameter name="fxcalibration">default</Parameter>
    <Parameter name="infcalibration">inccy</Parameter>
    <Parameter name="pricing">default</Parameter>
    <Parameter name="simulation">default</Parameter>
    <Parameter name="sensitivity">default</Parameter>
  </Markets>
  <Analytics>
    <Analytic type="npv">
      <Parameter name="active">Y</Parameter>
      <Parameter name="baseCurrency">USD</Parameter>
      <Parameter name="outputFileName">npv.csv</Parameter>
    </Analytic>
    <Analytic type="additionalResults">
      <Parameter name="active">Y</Parameter>
      <Parameter name="outputFileName">additional_results.csv</Parameter>
    </Analytic>
    <Analytic type="cashflow">
      <Parameter name="active">Y</Parameter>
      <Parameter name="outputFileName">flows.csv</Parameter>
    </Analytic>
    <Analytic type="curves">
      <Parameter name="active">Y</Parameter>
      <Parameter name="configuration">default</Parameter>
      <Parameter name="grid">240,1M</Parameter>
      <Parameter name="outputFileName">curves.csv</Parameter>
    </Analytic>
    <Analytic type="simulation">
      <Parameter name="active">Y</Parameter>
      <Parameter name="amc">Y</Parameter>
      <Parameter name="amcTradeTypes">FxTaRF,FxForward</Parameter>
      <Parameter name="simulationConfigFile">simulation_fxtarf.xml</Parameter>
      <Parameter name="pricingEnginesFile">pricingengine.xml</Parameter>
      <Parameter name="amcPricingEnginesFile">pricingengine.xml</Parameter>
      <Parameter name="baseCurrency">USD</Parameter>
      <Parameter name="storeScenarios">N</Parameter>
      <Parameter name="cubeFile">cube.dat</Parameter>
      <Parameter name="aggregationScenarioDataFileName">scenariodata.dat</Parameter>
      <Parameter name="aggregationScenarioDataDump">scenariodata.csv</Parameter>
    </Analytic>
    <Analytic type="xva">
      <Parameter name="active">Y</Parameter>
      <Parameter name="csaFile">netting.xml</Parameter>
      <Parameter name="cubeFile">cube.dat</Parameter>
      <Parameter name="scenarioFile">scenariodata.dat</Parameter>
      <Parameter name="baseCurrency">USD</Parameter>
      <Parameter name="exposureProfiles">Y</Parameter>
      <Parameter name="exposureProfilesByTrade">Y</Parameter>
      <Parameter name="quantile">0.95</Parameter>
      <Parameter name="calculationType">Symmetric</Parameter>
      <Parameter name="allocationMethod">None</Parameter>
      <Parameter name="marginalAllocationLimit">1.0</Parameter>
      <Parameter name="exerciseNextBreak">N</Parameter>
      <Parameter name="cva">N</Parameter>
      <Parameter name="dva">N</Parameter>
      <Parameter name="dvaName">BANK</Parameter>
      <Parameter name="fva">N</Parameter>
      <Parameter name="fvaBorrowingCurve">USD-SOFR</Parameter>
      <Parameter name="fvaLendingCurve">USD-SOFR</Parameter>
      <Parameter name="colva">N</Parameter>
      <Parameter name="collateralSpread">0.0000</Parameter>
      <Parameter name="collateralFloor">N</Parameter>
      <Parameter name="dim">N</Parameter>
      <Parameter name="dimQuantile">0.99</Parameter>
      <Parameter name="dimHorizonCalendarDays">14</Parameter>
      <Parameter name="dimRegressionOrder">2</Parameter>
      <Parameter name="dimRegressors"/>
      <Parameter name="dimScaling">1.0</Parameter>
      <Parameter name="dimEvolutionFile">dim_evolution.csv</Parameter>
      <Parameter name="dimRegressionFiles">dim_regression.txt</Parameter>
      <Parameter name="dimOutputNettingSet">CPTY_A</Parameter>
      <Parameter name="dimOutputGridPoints">0</Parameter>
      <Parameter name="dimLocalRegressionEvaluations">0</Parameter>
      <Parameter name="dimLocalRegressionBandwidth">1.0</Parameter>
      <Parameter name="rawCubeOutputFile">rawcube.csv</Parameter>
      <Parameter name="netCubeOutputFile">netcube.csv</Parameter>
    </Analytic>
  </Analytics>
</ORE>
