<?xml version="1.0" encoding="utf-8"?>
<Portfolio>
  <Trade id="BermSwp">
    <TradeType>ScriptedTrade</TradeType>
    <Envelope>
      <CounterParty>CPTY_A</CounterParty>
      <NettingSetId>CPTY_A</NettingSetId>
      <AdditionalFields/>
    </Envelope>
    <ScriptedTradeData>
      <ScriptName>BermudanSwaption</ScriptName>
      <Data>
        <Number>
          <Name>Notional</Name>
          <Value>1000000</Value>
        </Number>
        <Number>
          <Name>FixedRatePayer</Name>
          <Value>1</Value>
        </Number>
        <Number>
          <Name>OptionLongShort</Name>
          <Value>1</Value>
        </Number>
        <Currency>
          <Name>PayCurrency</Name>
          <Value>EUR</Value>
        </Currency>
        <Daycounter>
          <Name>FixedDayCounter</Name>
          <Value>ACT/ACT</Value>
        </Daycounter>
        <Number>
          <Name>FixedRate</Name>
          <Value>0.02</Value>
        </Number>
        <Event>
          <Name>FixedLegSchedule</Name>
          <ScheduleData>
            <Rules>
              <StartDate>2026-03-01</StartDate>
              <EndDate>2036-03-01</EndDate>
              <Tenor>1Y</Tenor>
              <Calendar>TARGET</Calendar>
              <Convention>Following</Convention>
              <TermConvention>Following</TermConvention>
              <Rule>Forward</Rule>
              <EndOfMonth/>
              <FirstDate/>
              <LastDate/>
            </Rules>
          </ScheduleData>
        </Event>
        <Daycounter>
          <Name>FloatDayCounter</Name>
          <Value>A360</Value>
        </Daycounter>
        <Index>
          <Name>FloatIndex</Name>
          <Value>EUR-EURIBOR-6M</Value>
        </Index>
        <Number>
          <Name>FloatSpread</Name>
          <Value>0.0000</Value>
        </Number>
        <Event>
          <Name>FloatLegSchedule</Name>
          <ScheduleData>
            <Rules>
              <StartDate>2026-03-01</StartDate>
              <EndDate>2036-03-01</EndDate>
              <Tenor>6M</Tenor>
              <Calendar>TARGET</Calendar>
              <Convention>Following</Convention>
              <TermConvention>Following</TermConvention>
              <Rule>Forward</Rule>
              <EndOfMonth/>
              <FirstDate/>
              <LastDate/>
            </Rules>
          </ScheduleData>
        </Event>
        <Event>
          <Name>FixingSchedule</Name>
          <DerivedSchedule>
            <BaseSchedule>FloatLegSchedule</BaseSchedule>
            <Shift>-2D</Shift>
            <Calendar>TARGET</Calendar>
            <Convention>F</Convention>
          </DerivedSchedule>
        </Event>
        <Event>
          <Name>ExerciseDates</Name>
          <ScheduleData>
            <Dates>
              <Dates>
                <Date>2026-02-25</Date>
                <Date>2027-02-25</Date>
                <Date>2028-02-25</Date>
                <Date>2029-02-25</Date>
                <Date>2030-02-25</Date>
                <Date>2031-02-25</Date>
                <Date>2032-02-25</Date>
                <Date>2033-02-25</Date>
                <Date>2034-02-25</Date>
                <Date>2035-02-25</Date>
              </Dates>
            </Dates>
          </ScheduleData>
        </Event>
        <Number>
          <Name>ExerciseSettlement</Name>
          <!-- 0 = cash, 1 = physcial -->
          <Value>1</Value>
        </Number>
      </Data>
    </ScriptedTradeData>
  </Trade>
  <Trade id="LPISwp">
    <TradeType>ScriptedTrade</TradeType>
    <Envelope>
      <CounterParty>CPTY_B</CounterParty>
      <NettingSetId>CPTY_B</NettingSetId>
      <AdditionalFields/>
    </Envelope>
    <ScriptedTradeData>
      <ScriptName>LPISwap</ScriptName>
      <Data>
        <Number>
          <Name>Notional</Name>
          <Value>1000000</Value>
        </Number>
        <Number>
          <Name>FixedRatePayer</Name>
          <Value>1</Value>
        </Number>
        <Currency>
          <Name>PayCurrency</Name>
          <Value>GBP</Value>
        </Currency>
        <Daycounter>
          <Name>DayCounter</Name>
          <Value>ACT/ACT</Value>
        </Daycounter>
        <Number>
          <Name>FixedRate</Name>
          <Value>0.02</Value>
        </Number>
        <Index>
          <Name>CPIIndex</Name>
          <Value>UKRPI#L</Value>
        </Index>
        <Number>
          <Name>Floor</Name>
          <Value>0.00</Value>
        </Number>
        <Number>
          <Name>Cap</Name>
          <Value>0.03</Value>
        </Number>
        <Event>
          <Name>Schedule</Name>
          <ScheduleData>
            <Rules>
              <StartDate>2015-02-01</StartDate>
              <EndDate>2035-02-01</EndDate>
              <Tenor>1Y</Tenor>
              <Calendar>UK</Calendar>
              <Convention>Following</Convention>
              <TermConvention>Following</TermConvention>
              <Rule>Forward</Rule>
              <EndOfMonth/>
              <FirstDate/>
              <LastDate/>
            </Rules>
          </ScheduleData>
        </Event>
        <Event>
          <Name>FixingSchedule</Name>
          <DerivedSchedule>
            <BaseSchedule>Schedule</BaseSchedule>
            <Shift>-3M</Shift>
            <Calendar>UK</Calendar>
            <Convention>F</Convention>
          </DerivedSchedule>
        </Event>
      </Data>
    </ScriptedTradeData>
  </Trade>
</Portfolio>
