<?xml version="1.0"?>
<PricingEngines>
  <Product type="ScriptedTrade">
    <Model>Generic</Model>
    <ModelParameters>
      <Parameter name="Model">GaussianCam</Parameter>
      <Parameter name="BaseCcy">USD</Parameter>
      <Parameter name="EnforceBaseCcy">false</Parameter>
      <Parameter name="GridCoarsening">3M(1W),1Y(1M),5Y(3M),10Y(1Y),50Y(5Y)</Parameter>
      <Parameter name="IrReversion_EUR">0.01</Parameter>
      <Parameter name="IrReversion_USD">0.01</Parameter>
      <Parameter name="IrReversion_GBP">0.015</Parameter>
      <Parameter name="FullDynamicFx">true</Parameter>
      <Parameter name="FullDynamicIr">true</Parameter>
      <!-- DK or JY -->
      <Parameter name="InfModelType">JY</Parameter>
      <!-- explicit overwrite of cam correlations -->
      <Parameter name="Correlation_IR:GBP_INF:UKRPI:0">0.8</Parameter>
      <Parameter name="Correlation_IR:GBP_INF:UKRPI:1">0.6</Parameter>
      <Parameter name="Correlation_INF:UKRPI:0_INF:UKRPI:1">0.3</Parameter>
      <!-- real to nominal rate vol ratio in jy model -->
      <Parameter name="InfJyRealToNominalVolRatio">0.6</Parameter>
    </ModelParameters>
    <Engine>Generic</Engine>
    <EngineParameters>
      <Parameter name="Engine">MC</Parameter>
      <Parameter name="Samples">10000</Parameter>
      <Parameter name="RegressionOrder">4</Parameter>
      <Parameter name="TimeStepsPerYear">24</Parameter>
      <Parameter name="Interactive">false</Parameter>
      <Parameter name="BootstrapTolerance">1.0</Parameter>
      <Parameter name="ZeroVolatility">false</Parameter>
      <Parameter name="Interactive">false</Parameter>
    </EngineParameters>
  </Product>
  <Product type="Swap">
    <Model>DiscountedCashflows</Model>
    <ModelParameters/>
    <Engine>DiscountingSwapEngine</Engine>
    <EngineParameters/>
  </Product>
  <Product type="CrossCurrencySwap">
    <Model>DiscountedCashflows</Model>
    <ModelParameters/>
    <Engine>DiscountingCrossCurrencySwapEngine</Engine>
    <EngineParameters/>
  </Product>
  <Product type="FxForward">
    <Model>DiscountedCashflows</Model>
    <ModelParameters/>
    <Engine>DiscountingFxForwardEngine</Engine>
    <EngineParameters/>
  </Product>
  <Product type="FxOption">
    <Model>GarmanKohlhagen</Model>
    <ModelParameters/>
    <Engine>AnalyticEuropeanEngine</Engine>
    <EngineParameters/>
  </Product>
  <Product type="FxOptionAmerican">
    <Model>GarmanKohlhagen</Model>
    <ModelParameters/>
    <Engine>FdBlackScholesVanillaEngine</Engine>
    <EngineParameters>
      <Parameter name="Scheme">Douglas</Parameter>
      <Parameter name="TimeGridPerYear">100</Parameter>
      <Parameter name="XGrid">100</Parameter>
      <Parameter name="DampingSteps">0</Parameter>
      <Parameter name="TimeGridMinimumSize">1</Parameter>
    </EngineParameters>
  </Product>
  <Product type="EuropeanSwaption">
    <Model>BlackBachelier</Model>
    <!-- depends on input vol -->
    <ModelParameters/>
    <Engine>BlackBachelierSwaptionEngine</Engine>
    <EngineParameters/>
  </Product>
  <Product type="BermudanSwaption">
    <Model>LGM</Model>
    <ModelParameters>
      <Parameter name="Calibration">Bootstrap</Parameter>
      <Parameter name="CalibrationStrategy">CoterminalATM</Parameter>
      <Parameter name="Reversion">0.0</Parameter>
      <Parameter name="ReversionType">HullWhite</Parameter>
      <Parameter name="Volatility">0.01</Parameter>
      <Parameter name="VolatilityType">Hagan</Parameter>
      <!-- shift horizon as ratio of maturity time -->
      <Parameter name="ShiftHorizon">0.5</Parameter>
      <Parameter name="Tolerance">0.0001</Parameter>
    </ModelParameters>
    <Engine>Grid</Engine>
    <EngineParameters>
      <Parameter name="sy">3.0</Parameter>
      <Parameter name="ny">10</Parameter>
      <Parameter name="sx">3.0</Parameter>
      <Parameter name="nx">10</Parameter>
    </EngineParameters>
  </Product>
  <Product type="CapFloor">
    <Model>IborCapModel</Model>
    <ModelParameters/>
    <Engine>IborCapEngine</Engine>
    <EngineParameters/>
  </Product>
  <Product type="YYCapFloor">
    <Model>YYCapModel</Model>
    <ModelParameters/>
    <Engine>YYCapEngine</Engine>
    <EngineParameters/>
  </Product>
  <Product type="CapFlooredYYLeg">
    <Model>CapFlooredYYModel</Model>
    <ModelParameters/>
    <Engine>CapFlooredYYCouponPricer</Engine>
    <EngineParameters/>
  </Product>
  <Product type="CpiCapFloor">
    <Model>CpiCapModel</Model>
    <ModelParameters/>
    <Engine>CpiCapEngine</Engine>
    <EngineParameters/>
  </Product>
  <Product type="CappedFlooredCpiLegCoupons">
    <Model>Black</Model>
    <ModelParameters/>
    <Engine>BlackAnalytic</Engine>
    <EngineParameters/>
  </Product>
  <Product type="CappedFlooredCpiLegCashFlows">
    <Model>Black</Model>
    <ModelParameters/>
    <Engine>BlackAnalytic</Engine>
    <EngineParameters/>
  </Product>
  <Product type="CapFlooredIborLeg">
    <Model>BlackOrBachelier</Model>
    <ModelParameters/>
    <Engine>BlackIborCouponPricer</Engine>
    <EngineParameters>
      <!-- Black76 or BivariateLognormal -->
      <Parameter name="TimingAdjustment">Black76</Parameter>
      <!-- Correlation Parameter for BivariateLognormal -->
      <Parameter name="Correlation">1.0</Parameter>
    </EngineParameters>
  </Product>
  <Product type="EquityForward">
    <Model>DiscountedCashflows</Model>
    <ModelParameters/>
    <Engine>DiscountingEquityForwardEngine</Engine>
    <EngineParameters/>
  </Product>
  <Product type="EquityOption">
    <Model>BlackScholesMerton</Model>
    <ModelParameters/>
    <Engine>AnalyticEuropeanEngine</Engine>
    <EngineParameters/>
  </Product>
  <Product type="EquityOptionAmerican">
    <Model>BlackScholesMerton</Model>
    <ModelParameters/>
    <Engine>FdBlackScholesVanillaEngine</Engine>
    <EngineParameters>
      <Parameter name="Scheme">Douglas</Parameter>
      <Parameter name="TimeGridPerYear">100</Parameter>
      <Parameter name="XGrid">100</Parameter>
      <Parameter name="DampingSteps">0</Parameter>
    </EngineParameters>
  </Product>
  <Product type="Bond">
    <Model>DiscountedCashflows</Model>
    <ModelParameters/>
    <Engine>DiscountingRiskyBondEngine</Engine>
    <EngineParameters>
      <Parameter name="TimestepPeriod">6M</Parameter>
    </EngineParameters>
  </Product>
  <Product type="ForwardBond">
    <Model>DiscountedCashflows</Model>
    <ModelParameters/>
    <Engine>DiscountingForwardBondEngine</Engine>
    <EngineParameters>
      <Parameter name="TimestepPeriod">1M</Parameter>
      <Parameter name="SpreadOnIncomeCurve">false</Parameter>
     </EngineParameters>
  </Product>
  <Product type="CreditDefaultSwap">
    <Model>DiscountedCashflows</Model>
    <ModelParameters/>
    <Engine>MidPointCdsEngine</Engine>
    <EngineParameters/>
  </Product>
  <Product type="CreditDefaultSwapOption">
    <Model>Black</Model>
    <ModelParameters/>
    <Engine>BlackCdsOptionEngine</Engine>
    <EngineParameters/>
  </Product>
  <!-- CMS Linear TRS Model -->
  <Product type="CMS">
    <Model>LinearTSR</Model>
    <ModelParameters/>
    <Engine>LinearTSRPricer</Engine>
    <EngineParameters>
      <Parameter name="MeanReversion">0.0</Parameter>
      <!-- RateBound, VegaRatio, PriceThreshold, BsStdDev -->
      <Parameter name="Policy">RateBound</Parameter>
      <!-- RateBounds for ln / sln volatility input -->
      <Parameter name="LowerRateBoundLogNormal">0.0001</Parameter>
      <Parameter name="UpperRateBoundLogNormal">2.0000</Parameter>
      <!-- RateBounds for normal volatility input -->
      <Parameter name="LowerRateBoundNormal">-2.0000</Parameter>
      <Parameter name="UpperRateBoundNormal">2.0000</Parameter>
      <!-- Only required for policy VegaRatio -->
      <Parameter name="VegaRatio">0.01</Parameter>
      <!-- Only required for policy PriceThreshold -->
      <Parameter name="PriceThreshold">0.0000001</Parameter>
      <!-- Only required for policy BsStdDev -->
      <Parameter name="BsStdDev">3.0</Parameter>
    </EngineParameters>
  </Product>
  <!-- Hagan Analytic Model -->
  <Product type="CMS_DEACTIVATED">
    <Model>Hagan</Model>
    <ModelParameters/>
    <Engine>Analytic</Engine>
    <EngineParameters>
      <Parameter name="YieldCurveModel">Standard</Parameter>
      <!-- or ExactYield, ParallelShifts, NonParallelShifts -->
      <Parameter name="MeanReversion">0.0</Parameter>
    </EngineParameters>
  </Product>
  <!-- Hagan Numerical Model -->
  <Product type="CMS_DEACTIVATED">
    <Model>Hagan</Model>
    <ModelParameters/>
    <Engine>Numerical</Engine>
    <EngineParameters>
      <Parameter name="YieldCurveModel">Standard</Parameter>
      <!-- or ExactYield, ParallelShifts, NonParallelShifts -->
      <Parameter name="MeanReversion">0.0</Parameter>
      <Parameter name="UpperLimit">0.0</Parameter>
      <Parameter name="LowerLimit">1.0</Parameter>
      <Parameter name="Precision">0.000001</Parameter>
    </EngineParameters>
  </Product>
  <!-- CMS Spread Brigo Mercurio Model -->
  <Product type="CMSSpread">
    <Model>BrigoMercurio</Model>
    <ModelParameters/>
    <Engine>Analytic</Engine>
    <EngineParameters>
      <Parameter name="IntegrationPoints">16</Parameter>
    </EngineParameters>
  </Product>
  <Product type="CommodityForward">
    <Model>DiscountedCashflows</Model>
    <ModelParameters/>
    <Engine>DiscountingCommodityForwardEngine</Engine>
    <EngineParameters/>
  </Product>
  <Product type="CommoditySwap">
    <Model>DiscountedCashflows</Model>
    <ModelParameters/>
    <Engine>CommoditySwapEngine</Engine>
    <EngineParameters/>
  </Product>
  <Product type="CommodityOption">
    <Model>BlackScholes</Model>
    <ModelParameters/>
    <Engine>AnalyticEuropeanEngine</Engine>
    <EngineParameters/>
  </Product>
  <Product type="CommodityAveragePriceOption">
    <Model>Black</Model>
    <ModelParameters/>
    <Engine>MonteCarlo</Engine>
    <EngineParameters>
      <Parameter name="beta">0</Parameter> 
      <Parameter name="samples">1000</Parameter>
      <Parameter name="seed">42</Parameter>
    </EngineParameters>
    <!--
    <Engine>AnalyticalApproximation</Engine>
    <EngineParameters>
      <Parameter name="beta">0</Parameter>
    </EngineParameters>
    -->
  </Product>
  <Product type="CommoditySwaption">
    <Model>Black</Model>
    <ModelParameters/>
    <Engine>AnalyticalApproximation</Engine>
    <EngineParameters>
      <Parameter name="beta">0</Parameter>
    </EngineParameters>
  </Product>
  <Product type="CPICapFloor">
    <Model>CPICapFloorModel</Model>
    <ModelParameters/>
    <Engine>CPIBlackCapFloorEngine</Engine>
    <EngineParameters/>
  </Product>
  <GlobalParameters>
    <Parameter name="ContinueOnCalibrationError">true</Parameter>
  </GlobalParameters>
</PricingEngines>
