<?xml version="1.0"?>
<ReferenceData>
  <ReferenceDatum id="SECURITY_1">
    <Type>Bond</Type>
    <BondReferenceData>
      <IssuerId>CPTY_C</IssuerId>
      <CreditCurveId></CreditCurveId>
      <ReferenceCurveId>EUR-EURIBOR-6M</ReferenceCurveId>
      <IncomeCurveId>EUR-EURIBOR-6M</IncomeCurveId>
      <SettlementDays>0</SettlementDays>
      <Calendar>TARGET</Calendar>
      <IssueDate>20230203</IssueDate>
      <LegData>
        <LegType>Fixed</LegType>
        <Payer>false</Payer>
        <Currency>EUR</Currency>
        <Notionals>
          <Notional>1.0</Notional>
        </Notionals>
        <Amortizations>
          <AmortizationData>
            <Type>FixedAmount</Type>
            <Value>0.1</Value>
            <StartDate>20240203</StartDate>
            <Frequency>1Y</Frequency>
            <Underflow>false</Underflow>
          </AmortizationData>
        </Amortizations>
        <DayCounter>ACT/ACT</DayCounter>
        <PaymentConvention>F</PaymentConvention>
        <FixedLegData>
          <Rates>
            <Rate>0.05</Rate>
          </Rates>
        </FixedLegData>
        <ScheduleData>
          <Rules>
            <StartDate>20230203</StartDate>
            <EndDate>20330203</EndDate>
            <Tenor>1Y</Tenor>
            <Calendar>TARGET</Calendar>
            <Convention>F</Convention>
            <TermConvention>F</TermConvention>
            <Rule>Forward</Rule>
            <EndOfMonth/>
            <FirstDate/>
            <LastDate/>
          </Rules>
        </ScheduleData>
      </LegData>
    </BondReferenceData>
  </ReferenceDatum>
  <ReferenceDatum id="SECURITY_1_cutted">
    <Type>Bond</Type>
    <BondReferenceData>
      <IssuerId>CPTY_C</IssuerId>
      <CreditCurveId></CreditCurveId>
      <ReferenceCurveId>EUR-EURIBOR-6M</ReferenceCurveId>
      <IncomeCurveId>EUR-EURIBOR-6M</IncomeCurveId>
      <SettlementDays>0</SettlementDays>
      <Calendar>TARGET</Calendar>
      <IssueDate>20230203</IssueDate>
      <LegData>
        <LegType>Fixed</LegType>
        <Payer>false</Payer>
        <Currency>EUR</Currency>
        <Notionals>
          <Notional>1.0</Notional>
        </Notionals>
        <Amortizations>
          <AmortizationData>
            <Type>FixedAmount</Type>
            <Value>0.12500</Value>
            <StartDate>20260203</StartDate>
            <Frequency>1Y</Frequency>
            <Underflow>false</Underflow>
          </AmortizationData>
        </Amortizations>
        <DayCounter>ACT/ACT</DayCounter>
        <PaymentConvention>F</PaymentConvention>
        <FixedLegData>
          <Rates>
            <Rate>0.05</Rate>
          </Rates>
        </FixedLegData>
        <ScheduleData>
          <Rules>
            <StartDate>20250203</StartDate>
            <EndDate>20330203</EndDate>
            <Tenor>1Y</Tenor>
            <Calendar>TARGET</Calendar>
            <Convention>F</Convention>
            <TermConvention>F</TermConvention>
            <Rule>Forward</Rule>
            <EndOfMonth/>
            <FirstDate/>
            <LastDate/>
          </Rules>
        </ScheduleData>
      </LegData>
    </BondReferenceData>
  </ReferenceDatum>
</ReferenceData>


