<?xml version="1.0"?>
<TodaysMarket>
  <Configuration id="inccy">
    <DiscountingCurvesId>inccy</DiscountingCurvesId>
  </Configuration>
  <Configuration id="default"/>
  <YieldCurves id="default">
    <YieldCurve name="EUR-IN-USD">Yield/EUR/EUR-IN-USD</YieldCurve>
  </YieldCurves>
  <DiscountingCurves id="default">
    <DiscountingCurve currency="EUR">Yield/EUR/EUR-IN-USD</DiscountingCurve>
    <DiscountingCurve currency="USD">Yield/USD/USD-SOFR</DiscountingCurve>
  </DiscountingCurves>
  <DiscountingCurves id="inccy">
    <DiscountingCurve currency="EUR">Yield/EUR/EUR-EONIA</DiscountingCurve>
    <DiscountingCurve currency="USD">Yield/USD/USD-SOFR</DiscountingCurve>
  </DiscountingCurves>
  <IndexForwardingCurves id="default">
    <Index name="EUR-EONIA">Yield/EUR/EUR-EONIA</Index>
    <Index name="EUR-ESTER">Yield/EUR/EUR-ESTER</Index>
    <Index name="EUR-EURIBOR-3M">Yield/EUR/EUR-EURIBOR-3M</Index>
    <Index name="EUR-EURIBOR-6M">Yield/EUR/EUR-EURIBOR-6M</Index>
    <Index name="USD-FedFunds">Yield/USD/USD-FedFunds</Index>
    <Index name="USD-LIBOR-3M">Yield/USD/USD-LIBOR-3M</Index>
    <Index name="USD-SOFR">Yield/USD/USD-SOFR</Index>
  </IndexForwardingCurves>
  <SwapIndexCurves id="default">
    <SwapIndex name="EUR-CMS-1Y">
      <Discounting>EUR-EONIA</Discounting>
    </SwapIndex>
    <SwapIndex name="EUR-CMS-30Y">
      <Discounting>EUR-EONIA</Discounting>
    </SwapIndex>
    <SwapIndex name="USD-CMS-1Y">
      <Discounting>USD-FedFunds</Discounting>
    </SwapIndex>
    <SwapIndex name="USD-CMS-30Y">
      <Discounting>USD-FedFunds</Discounting>
    </SwapIndex>
    <SwapIndex name="USD-CMS-SOFR-1Y">
      <Discounting>USD-SOFR</Discounting>
    </SwapIndex>
    <SwapIndex name="USD-CMS-SOFR-30Y">
      <Discounting>USD-SOFR</Discounting>
    </SwapIndex>
  </SwapIndexCurves>
  <FxSpots id="default">
    <FxSpot pair="USDEUR">FX/USD/EUR</FxSpot>
  </FxSpots>
  <FxVolatilities id="default">
    <FxVolatility pair="EURUSD">FXVolatility/EUR/USD/EURUSD</FxVolatility>
  </FxVolatilities>
  <SwaptionVolatilities id="default">
    <SwaptionVolatility key="EUR">SwaptionVolatility/EUR/EUR</SwaptionVolatility>
    <SwaptionVolatility key="USD">SwaptionVolatility/USD/USD</SwaptionVolatility>
  </SwaptionVolatilities>
  <DefaultCurves id="default">
    <DefaultCurve name="BANK">Default/USD/BANK_SR_USD</DefaultCurve>
    <DefaultCurve name="CPTY_A">Default/USD/CPTY_A_SR_USD</DefaultCurve>
    <DefaultCurve name="CPTY_C">Default/EUR/CPTY_C</DefaultCurve>
  </DefaultCurves>
  <Securities id="default">
    <Security name="SECURITY_1_FWDEXP_20251220">Security/SECURITY_1_FWDEXP_20251220</Security>
    <Security name="SECURITY_1_cutted">Security/SECURITY_1_cutted</Security>
  </Securities>
</TodaysMarket>
