<?xml version="1.0" ?>
<Conventions>
  <Zero>
    <Id>EUR-ZERO-TENOR-BASED</Id>
    <TenorBased>true</TenorBased>
    <DayCounter>A365</DayCounter>
    <Compounding>Continuous</Compounding>
    <CompoundingFrequency>Daily</CompoundingFrequency>
    <TenorCalendar>TARGET</TenorCalendar>
    <SpotLag>2</SpotLag>
    <SpotCalendar>TARGET</SpotCalendar>
    <RollConvention>Following</RollConvention>
    <EOM>false</EOM>
  </Zero>
  <Deposit>
    <Id>EUR-ON-DEPOSIT-ESTER</Id>
    <IndexBased>true</IndexBased>
    <Index>EUR-ESTER</Index> 
  </Deposit>
  <Deposit>
    <Id>USD-DEPOSIT</Id>
    <IndexBased>true</IndexBased>
    <Index>USD-LIBOR</Index>
  </Deposit>
  <Deposit>
    <Id>USD-ON-DEPOSIT</Id>
    <IndexBased>true</IndexBased>
    <Index>USD-FedFunds</Index>
  </Deposit>
  <Deposit>
    <Id>EUR-DEPOSIT</Id>
    <IndexBased>true</IndexBased>
    <Index>EUR-EURIBOR</Index>
  </Deposit>
  <OIS>
    <Id>EUR-ESTER-OIS</Id>
    <SpotLag>1</SpotLag>
    <Index>EUR-ESTER</Index>
    <FixedDayCounter>A360</FixedDayCounter>
    <PaymentLag>1</PaymentLag>
    <EOM>false</EOM>
    <FixedFrequency>Annual</FixedFrequency>
    <FixedConvention>MF</FixedConvention>
    <FixedPaymentConvention>MF</FixedPaymentConvention>
    <Rule>Backward</Rule>
  </OIS>
  <OIS>
    <Id>USD-FedFunds-OIS</Id>
    <SpotLag>2</SpotLag>
    <Index>USD-FedFunds</Index>
    <FixedDayCounter>A360</FixedDayCounter>
    <PaymentLag>2</PaymentLag>
    <EOM>false</EOM>
    <FixedFrequency>Annual</FixedFrequency>
    <FixedConvention>Following</FixedConvention>
    <FixedPaymentConvention>Following</FixedPaymentConvention>
    <Rule>Backward</Rule>
  </OIS>
  <AverageOIS>
    <Id>USD-AVERAGE-OIS</Id>
    <SpotLag>2</SpotLag>
    <FixedTenor>6M</FixedTenor>
    <FixedDayCounter>30/360</FixedDayCounter>
    <FixedCalendar>US</FixedCalendar>
    <FixedConvention>MF</FixedConvention>
    <FixedPaymentConvention>MF</FixedPaymentConvention>
    <Index>USD-FedFunds</Index>
    <OnTenor>3M</OnTenor>
    <RateCutoff>2</RateCutoff>
  </AverageOIS>
  <FX>
    <Id>EUR-USD-FX</Id>
    <SpotDays>2</SpotDays>
    <SourceCurrency>EUR</SourceCurrency>
    <TargetCurrency>USD</TargetCurrency>
    <PointsFactor>10000</PointsFactor>
    <AdvanceCalendar>TARGET,US</AdvanceCalendar>
    <SpotRelative>true</SpotRelative>
  </FX>
  <CrossCurrencyBasis>
    <Id>EUR-USD-XCCY-BASIS</Id>
    <SettlementDays>2</SettlementDays>
    <SettlementCalendar>TARGET,US,UK</SettlementCalendar>
    <RollConvention>MF</RollConvention>
    <FlatIndex>USD-LIBOR-3M</FlatIndex>
    <SpreadIndex>EUR-EURIBOR-3M</SpreadIndex>
    <IsResettable>true</IsResettable>
    <FlatIndexIsResettable>true</FlatIndexIsResettable>
  </CrossCurrencyBasis>
  <FRA>
    <Id>USD-3M-FRA</Id>
    <Index>USD-LIBOR-3M</Index>
  </FRA>
  <FRA>
    <Id>EUR-3M-FRA</Id>
    <Index>EUR-EURIBOR-3M</Index>
  </FRA>
  <FRA>
    <Id>EUR-6M-FRA</Id>
    <Index>EUR-EURIBOR-6M</Index>
  </FRA>
  <Swap>
    <Id>USD-LIBOR-3M-SWAP</Id>
    <FixedCalendar>US,UK</FixedCalendar>
    <FixedFrequency>Semiannual</FixedFrequency>
    <FixedConvention>MF</FixedConvention>
    <FixedDayCounter>30/360</FixedDayCounter>
    <Index>USD-LIBOR-3M</Index>
  </Swap>
  <Swap>
    <Id>EUR-EURIBOR-6M-SWAP</Id>
    <FixedCalendar>TARGET</FixedCalendar>
    <FixedFrequency>Annual</FixedFrequency>
    <FixedConvention>MF</FixedConvention>
    <FixedDayCounter>30/360</FixedDayCounter>
    <Index>EUR-EURIBOR-6M</Index>
  </Swap>
  <TenorBasisTwoSwap>
    <Id>EURIBOR-3M-6M-BASIS</Id>
    <Calendar>TARGET</Calendar>
    <LongFixedFrequency>Annual</LongFixedFrequency>
    <LongFixedConvention>MF</LongFixedConvention>
    <LongFixedDayCounter>30/360</LongFixedDayCounter>
    <LongIndex>EUR-EURIBOR-6M</LongIndex>
    <ShortFixedFrequency>Annual</ShortFixedFrequency>
    <ShortFixedConvention>MF</ShortFixedConvention>
    <ShortFixedDayCounter>30/360</ShortFixedDayCounter>
    <ShortIndex>EUR-EURIBOR-3M</ShortIndex>
    <LongMinusShort>true</LongMinusShort>
  </TenorBasisTwoSwap>
</Conventions>
