<TodaysMarket>
	<DiscountingCurves id="default">
		<DiscountingCurve currency="EUR">Yield/EUR/EUR-EONIA</DiscountingCurve>
		<DiscountingCurve currency="USD">Yield/USD/USD-IN-EUR</DiscountingCurve>
	</DiscountingCurves>
	<IndexForwardingCurves id="default">
		<Index name="EUR-EONIA">Yield/EUR/EUR-EONIA</Index>
		<Index name="EUR-ESTER">Yield/EUR/EUR-ESTER</Index>
		<Index name="EUR-EURIBOR-3M">Yield/EUR/EUR-EURIBOR-3M</Index>
		<Index name="USD-LIBOR-3M">Yield/USD/USD-LIBOR-3M</Index>
		<Index name="EUR-EURIBOR-6M">Yield/EUR/EUR-EURIBOR-6M</Index>
		<Index name="USD-FedFunds">Yield/USD/USD-FedFunds</Index>
	</IndexForwardingCurves>
	<FxSpots id="default">
		<FxSpot pair="EURUSD">FX/EUR/USD</FxSpot>
	</FxSpots>
	<EquityCurves id="default">
		<EquityCurve name="RIC:.STOXX50E">Equity/EUR/RIC:.STOXX50E</EquityCurve>
	</EquityCurves>
	<EquityVolatilities id="default">
		<EquityVolatility name="RIC:.STOXX50E">EquityVolatility/EUR/RIC:.STOXX50E</EquityVolatility>
	</EquityVolatilities>
</TodaysMarket>

