{ "@timestamp": "2024-02-06T18:38:25.535358", "key": "Running XVA Analytic", "progress": 0, "total": 1 }
{ "@timestamp": "2024-02-06T18:38:25.536358", "key": "XVA: Build Today's Market", "progress": 0, "total": 1 }
{ "@timestamp": "2024-02-06T18:38:25.929349", "key": "XVA: Build Today's Market", "progress": 1, "total": 1 }
{ "@timestamp": "2024-02-06T18:38:26.378341", "key": "XVA: Load Cubes", "progress": 0, "total": 1 }
{ "@timestamp": "2024-02-06T18:38:26.379342", "key": "XVA: Load Cubes", "progress": 1, "total": 1 }
{ "@timestamp": "2024-02-06T18:38:26.497341", "key": "XVA: Aggregation", "progress": 0, "total": 1 }
{ "@timestamp": "2024-02-06T18:38:27.121328", "key": "XVA: Aggregation", "progress": 1, "total": 1 }
{ "@timestamp": "2024-02-06T18:38:27.121328", "key": "XVA: Reports", "progress": 0, "total": 1 }
{ "@timestamp": "2024-02-06T18:38:27.154328", "key": "XVA: Reports", "progress": 1, "total": 1 }
{ "@timestamp": "2024-02-06T18:38:27.155329", "key": "Running XVA Analytic", "progress": 1, "total": 1 }
