<Conventions>
	<CDS>
		<Id>CDS-STANDARD-CONVENTIONS</Id>
		<SettlementDays>0</SettlementDays>
		<Calendar>WeekendsOnly</Calendar>
		<Frequency>Quarterly</Frequency>
		<PaymentConvention>Following</PaymentConvention>
		<Rule>CDS2015</Rule>
		<DayCounter>A360</DayCounter>
		<SettlesAccrual>true</SettlesAccrual>
		<PaysAtDefaultTime>true</PaysAtDefaultTime>
	</CDS>
	<FRA>
		<Id>DKK-3M-FRA</Id>
		<Index>DKK-CIBOR-3M</Index>
	</FRA>
	<FRA>
		<Id>DKK-6M-FRA</Id>
		<Index>DKK-CIBOR-6M</Index>
	</FRA>
	<TenorBasisSwap>
		<Id>DKK-CIBOR-3M-6M-BASIS</Id>
		<PayIndex>DKK-CIBOR-6M</PayIndex>
		<ReceiveIndex>DKK-CIBOR-3M</ReceiveIndex>
	</TenorBasisSwap>
	<Swap>
		<Id>DKK-CIBOR-3M-SWAP</Id>
		<FixedCalendar>DEN</FixedCalendar>
		<FixedFrequency>Annual</FixedFrequency>
		<FixedConvention>MF</FixedConvention>
		<FixedDayCounter>30/360</FixedDayCounter>
		<Index>DKK-CIBOR-3M</Index>
	</Swap>
	<Swap>
		<Id>DKK-CIBOR-6M-SWAP</Id>
		<FixedCalendar>DEN</FixedCalendar>
		<FixedFrequency>Annual</FixedFrequency>
		<FixedConvention>MF</FixedConvention>
		<FixedDayCounter>30/360</FixedDayCounter>
		<Index>DKK-CIBOR-6M</Index>
	</Swap>
	<Deposit>
		<Id>DKK-DEPOSIT</Id>
		<IndexBased>true</IndexBased>
		<Index>DKK-CIBOR</Index>
	</Deposit>
	<OIS>
		<Id>DKK-OIS</Id>
		<SpotLag>2</SpotLag>
		<Index>DKK-DKKOIS</Index>
		<FixedDayCounter>A360</FixedDayCounter>
		<PaymentLag>0</PaymentLag>
		<EOM>false</EOM>
		<FixedFrequency>Annual</FixedFrequency>
		<FixedConvention>Following</FixedConvention>
		<FixedPaymentConvention>Following</FixedPaymentConvention>
		<Rule>Backward</Rule>
	</OIS>
	<Deposit>
		<Id>DKK-ON-DEPOSIT</Id>
		<IndexBased>true</IndexBased>
		<Index>DKK-DKKOIS</Index>
	</Deposit>
	<Swap>
		<Id>DKK-SWAP</Id>
		<FixedCalendar>DEN</FixedCalendar>
		<FixedFrequency>Annual</FixedFrequency>
		<FixedConvention>MF</FixedConvention>
		<FixedDayCounter>30/360</FixedDayCounter>
		<Index>DKK-CIBOR-6M</Index>
	</Swap>
	<InflationSwap>
		<Id>EUHICPXT_INFLATIONSWAP</Id>
		<FixCalendar>TARGET</FixCalendar>
		<FixConvention>MF</FixConvention>
		<DayCounter>30/360</DayCounter>
		<Index>EUHICPXT</Index>
		<Interpolated>false</Interpolated>
		<ObservationLag>3M</ObservationLag>
		<AdjustInflationObservationDates>false</AdjustInflationObservationDates>
		<InflationCalendar>TARGET</InflationCalendar>
		<InflationConvention>MF</InflationConvention>
	</InflationSwap>
	<FRA>
		<Id>EUR-3M-FRA</Id>
		<Index>EUR-EURIBOR-3M</Index>
	</FRA>
	<FRA>
		<Id>EUR-6M-FRA</Id>
		<Index>EUR-EURIBOR-6M</Index>
	</FRA>
	<Deposit>
		<Id>EUR-DEPOSIT</Id>
		<IndexBased>true</IndexBased>
		<Index>EUR-EURIBOR</Index>
	</Deposit>
	<CrossCurrencyBasis>
		<Id>EUR-DKK-XCCY-BASIS</Id>
		<SettlementDays>2</SettlementDays>
		<SettlementCalendar>TARGET,DKK</SettlementCalendar>
		<RollConvention>MF</RollConvention>
		<FlatIndex>EUR-EURIBOR-3M</FlatIndex>
		<SpreadIndex>DKK-CIBOR-3M</SpreadIndex>
		<IsResettable>true</IsResettable>
		<FlatIndexIsResettable>true</FlatIndexIsResettable>
	</CrossCurrencyBasis>
	<Swap>
		<Id>EUR-EURIBOR-3M-SWAP</Id>
		<FixedCalendar>TARGET</FixedCalendar>
		<FixedFrequency>Annual</FixedFrequency>
		<FixedConvention>MF</FixedConvention>
		<FixedDayCounter>30/360</FixedDayCounter>
		<Index>EUR-EURIBOR-3M</Index>
	</Swap>
	<Swap>
		<Id>EUR-EURIBOR-6M-SWAP</Id>
		<FixedCalendar>TARGET</FixedCalendar>
		<FixedFrequency>Annual</FixedFrequency>
		<FixedConvention>MF</FixedConvention>
		<FixedDayCounter>30/360</FixedDayCounter>
		<Index>EUR-EURIBOR-6M</Index>
	</Swap>
	<CrossCurrencyBasis>
		<Id>EUR-JPY-XCCY-BASIS</Id>
		<SettlementDays>2</SettlementDays>
		<SettlementCalendar>TARGET,JPY</SettlementCalendar>
		<RollConvention>MF</RollConvention>
		<FlatIndex>EUR-EURIBOR-3M</FlatIndex>
		<SpreadIndex>JPY-LIBOR-3M</SpreadIndex>
		<IsResettable>true</IsResettable>
		<FlatIndexIsResettable>true</FlatIndexIsResettable>
	</CrossCurrencyBasis>
	<CrossCurrencyBasis>
		<Id>EUR-NOK-XCCY-BASIS</Id>
		<SettlementDays>2</SettlementDays>
		<SettlementCalendar>TARGET,NOK</SettlementCalendar>
		<RollConvention>MF</RollConvention>
		<FlatIndex>EUR-EURIBOR-3M</FlatIndex>
		<SpreadIndex>NOK-NIBOR-3M</SpreadIndex>
		<IsResettable>true</IsResettable>
		<FlatIndexIsResettable>true</FlatIndexIsResettable>
	</CrossCurrencyBasis>
	<OIS>
		<Id>EUR-OIS</Id>
		<SpotLag>2</SpotLag>
		<Index>EUR-EONIA</Index>
		<FixedDayCounter>A360</FixedDayCounter>
		<PaymentLag>1</PaymentLag>
		<EOM>false</EOM>
		<FixedFrequency>Annual</FixedFrequency>
		<FixedConvention>Following</FixedConvention>
		<FixedPaymentConvention>Following</FixedPaymentConvention>
		<Rule>Backward</Rule>
	</OIS>
	<Deposit>
		<Id>EUR-ON-DEPOSIT</Id>
		<IndexBased>true</IndexBased>
		<Index>EUR-EONIA</Index>
	</Deposit>
	<CrossCurrencyBasis>
		<Id>EUR-SEK-XCCY-BASIS</Id>
		<SettlementDays>2</SettlementDays>
		<SettlementCalendar>TARGET,SEK</SettlementCalendar>
		<RollConvention>MF</RollConvention>
		<FlatIndex>EUR-EURIBOR-3M</FlatIndex>
		<SpreadIndex>SEK-STIBOR-3M</SpreadIndex>
		<IsResettable>true</IsResettable>
		<FlatIndexIsResettable>true</FlatIndexIsResettable>
	</CrossCurrencyBasis>
	<Swap>
		<Id>EUR-SWAP</Id>
		<FixedCalendar>TARGET</FixedCalendar>
		<FixedFrequency>Annual</FixedFrequency>
		<FixedConvention>MF</FixedConvention>
		<FixedDayCounter>30/360</FixedDayCounter>
		<Index>EUR-EURIBOR-6M</Index>
	</Swap>
	<CrossCurrencyBasis>
		<Id>EUR-TWD-XCCY-BASIS</Id>
		<SettlementDays>2</SettlementDays>
		<SettlementCalendar>TARGET,TWD</SettlementCalendar>
		<RollConvention>MF</RollConvention>
		<FlatIndex>EUR-EURIBOR-3M</FlatIndex>
		<SpreadIndex>TWD-TAIBOR-3M</SpreadIndex>
		<IsResettable>true</IsResettable>
		<FlatIndexIsResettable>true</FlatIndexIsResettable>
	</CrossCurrencyBasis>
	<FX>
		<Id>EUR-USD-FX</Id>
		<SpotDays>2</SpotDays>
		<SourceCurrency>EUR</SourceCurrency>
		<TargetCurrency>USD</TargetCurrency>
		<PointsFactor>10000</PointsFactor>
		<AdvanceCalendar>TARGET,US</AdvanceCalendar>
		<SpotRelative>true</SpotRelative>
	</FX>
	<CrossCurrencyBasis>
		<Id>EUR-USD-XCCY-BASIS</Id>
		<SettlementDays>2</SettlementDays>
		<SettlementCalendar>TARGET,US,UK</SettlementCalendar>
		<RollConvention>MF</RollConvention>
		<FlatIndex>USD-LIBOR-3M</FlatIndex>
		<SpreadIndex>EUR-EURIBOR-3M</SpreadIndex>
		<IsResettable>true</IsResettable>
		<FlatIndexIsResettable>true</FlatIndexIsResettable>
	</CrossCurrencyBasis>
	<Zero>
		<Id>EUR-ZERO-TENOR-BASED</Id>
		<TenorBased>true</TenorBased>
		<DayCounter>A365</DayCounter>
		<CompoundingFrequency>Daily</CompoundingFrequency>
		<Compounding>Continuous</Compounding>
		<TenorCalendar>TARGET</TenorCalendar>
		<SpotLag>2</SpotLag>
		<SpotCalendar>TARGET</SpotCalendar>
		<RollConvention>Following</RollConvention>
		<EOM>false</EOM>
	</Zero>
	<TenorBasisTwoSwap>
		<Id>EURIBOR-3M-6M-BASIS</Id>
		<Calendar>TARGET</Calendar>
		<LongFixedFrequency>Annual</LongFixedFrequency>
		<LongFixedConvention>MF</LongFixedConvention>
		<LongFixedDayCounter>30/360</LongFixedDayCounter>
		<LongIndex>EUR-EURIBOR-6M</LongIndex>
		<ShortFixedFrequency>Annual</ShortFixedFrequency>
		<ShortFixedConvention>MF</ShortFixedConvention>
		<ShortFixedDayCounter>30/360</ShortFixedDayCounter>
		<ShortIndex>EUR-EURIBOR-3M</ShortIndex>
		<LongMinusShort>true</LongMinusShort>
	</TenorBasisTwoSwap>
	<FRA>
		<Id>JPY-3M-FRA</Id>
		<Index>JPY-LIBOR-3M</Index>
	</FRA>
	<FRA>
		<Id>JPY-6M-FRA</Id>
		<Index>JPY-LIBOR-6M</Index>
	</FRA>
	<Deposit>
		<Id>JPY-DEPOSIT</Id>
		<IndexBased>true</IndexBased>
		<Index>JPY-LIBOR</Index>
	</Deposit>
	<TenorBasisSwap>
		<Id>JPY-LIBOR-3M-6M-BASIS</Id>
		<PayIndex>JPY-LIBOR-6M</PayIndex>
		<ReceiveIndex>JPY-LIBOR-3M</ReceiveIndex>
	</TenorBasisSwap>
	<Swap>
		<Id>JPY-LIBOR-3M-SWAP</Id>
		<FixedCalendar>JP,UK</FixedCalendar>
		<FixedFrequency>Semiannual</FixedFrequency>
		<FixedConvention>MF</FixedConvention>
		<FixedDayCounter>A365</FixedDayCounter>
		<Index>JPY-LIBOR-3M</Index>
	</Swap>
	<Swap>
		<Id>JPY-LIBOR-6M-SWAP</Id>
		<FixedCalendar>JP,UK</FixedCalendar>
		<FixedFrequency>Semiannual</FixedFrequency>
		<FixedConvention>MF</FixedConvention>
		<FixedDayCounter>A365</FixedDayCounter>
		<Index>JPY-LIBOR-6M</Index>
	</Swap>
	<OIS>
		<Id>JPY-OIS</Id>
		<SpotLag>2</SpotLag>
		<Index>JPY-TONAR</Index>
		<FixedDayCounter>A360</FixedDayCounter>
		<PaymentLag>1</PaymentLag>
		<EOM>false</EOM>
		<FixedFrequency>Annual</FixedFrequency>
		<FixedConvention>Following</FixedConvention>
		<FixedPaymentConvention>Following</FixedPaymentConvention>
		<Rule>Backward</Rule>
	</OIS>
	<Deposit>
		<Id>JPY-ON-DEPOSIT</Id>
		<IndexBased>true</IndexBased>
		<Index>JPY-TONAR</Index>
	</Deposit>
	<Swap>
		<Id>JPY-SWAP</Id>
		<FixedCalendar>JP,UK</FixedCalendar>
		<FixedFrequency>Semiannual</FixedFrequency>
		<FixedConvention>MF</FixedConvention>
		<FixedDayCounter>A365</FixedDayCounter>
		<Index>JPY-LIBOR-6M</Index>
	</Swap>
	<FRA>
		<Id>NOK-3M-FRA</Id>
		<Index>NOK-NIBOR-3M</Index>
	</FRA>
	<FRA>
		<Id>NOK-6M-FRA</Id>
		<Index>NOK-NIBOR-6M</Index>
	</FRA>
	<Deposit>
		<Id>NOK-DEPOSIT</Id>
		<IndexBased>true</IndexBased>
		<Index>NOK-NIBOR</Index>
	</Deposit>
	<TenorBasisSwap>
		<Id>NOK-NIBOR-3M-6M-BASIS</Id>
		<PayIndex>NOK-NIBOR-6M</PayIndex>
		<ReceiveIndex>NOK-NIBOR-3M</ReceiveIndex>
	</TenorBasisSwap>
	<Swap>
		<Id>NOK-NIBOR-3M-SWAP</Id>
		<FixedCalendar>NOK</FixedCalendar>
		<FixedFrequency>Annual</FixedFrequency>
		<FixedConvention>MF</FixedConvention>
		<FixedDayCounter>30/360</FixedDayCounter>
		<Index>NOK-NIBOR-3M</Index>
	</Swap>
	<Swap>
		<Id>NOK-NIBOR-6M-SWAP</Id>
		<FixedCalendar>NOK</FixedCalendar>
		<FixedFrequency>Annual</FixedFrequency>
		<FixedConvention>MF</FixedConvention>
		<FixedDayCounter>30/360</FixedDayCounter>
		<Index>NOK-NIBOR-6M</Index>
	</Swap>
	<OIS>
		<Id>NOK-OIS</Id>
		<SpotLag>2</SpotLag>
		<Index>NOK-NOWA</Index>
		<FixedDayCounter>A360</FixedDayCounter>
		<PaymentLag>1</PaymentLag>
		<EOM>false</EOM>
		<FixedFrequency>Annual</FixedFrequency>
		<FixedConvention>Following</FixedConvention>
		<FixedPaymentConvention>Following</FixedPaymentConvention>
		<Rule>Backward</Rule>
	</OIS>
	<Deposit>
		<Id>NOK-ON-DEPOSIT</Id>
		<IndexBased>true</IndexBased>
		<Index>NOK-NOWA</Index>
	</Deposit>
	<Swap>
		<Id>NOK-SWAP</Id>
		<FixedCalendar>NOK</FixedCalendar>
		<FixedFrequency>Annual</FixedFrequency>
		<FixedConvention>MF</FixedConvention>
		<FixedDayCounter>30/360</FixedDayCounter>
		<Index>NOK-NIBOR-6M</Index>
	</Swap>
	<FRA>
		<Id>SEK-3M-FRA</Id>
		<Index>SEK-STIBOR-3M</Index>
	</FRA>
	<Deposit>
		<Id>SEK-DEPOSIT</Id>
		<IndexBased>true</IndexBased>
		<Index>SEK-STIBOR</Index>
	</Deposit>
	<OIS>
		<Id>SEK-OIS</Id>
		<SpotLag>2</SpotLag>
		<Index>SEK-SIOR</Index>
		<FixedDayCounter>A360</FixedDayCounter>
		<PaymentLag>0</PaymentLag>
		<EOM>false</EOM>
		<FixedFrequency>Annual</FixedFrequency>
		<FixedConvention>Following</FixedConvention>
		<FixedPaymentConvention>Following</FixedPaymentConvention>
		<Rule>Backward</Rule>
	</OIS>
	<Deposit>
		<Id>SEK-ON-DEPOSIT</Id>
		<IndexBased>true</IndexBased>
		<Index>SEK-SIOR</Index>
	</Deposit>
	<Swap>
		<Id>SEK-STIBOR-3M-SWAP</Id>
		<FixedCalendar>SS</FixedCalendar>
		<FixedFrequency>Annual</FixedFrequency>
		<FixedConvention>MF</FixedConvention>
		<FixedDayCounter>30/360</FixedDayCounter>
		<Index>SEK-STIBOR-3M</Index>
	</Swap>
	<Swap>
		<Id>SEK-SWAP</Id>
		<FixedCalendar>SS</FixedCalendar>
		<FixedFrequency>Annual</FixedFrequency>
		<FixedConvention>MF</FixedConvention>
		<FixedDayCounter>30/360</FixedDayCounter>
		<Index>SEK-STIBOR-3M</Index>
	</Swap>
	<Deposit>
		<Id>TWD-DEPOSIT</Id>
		<IndexBased>true</IndexBased>
		<Index>TWD-TAIBOR</Index>
	</Deposit>
	<Swap>
		<Id>TWD-SWAP</Id>
		<FixedCalendar>TWD</FixedCalendar>
		<FixedFrequency>Quarterly</FixedFrequency>
		<FixedConvention>MF</FixedConvention>
		<FixedDayCounter>A365</FixedDayCounter>
		<Index>TWD-TAIBOR-3M</Index>
	</Swap>
	<Swap>
		<Id>TWD-TAIBOR-3M-SWAP</Id>
		<FixedCalendar>TWD</FixedCalendar>
		<FixedFrequency>Quarterly</FixedFrequency>
		<FixedConvention>MF</FixedConvention>
		<FixedDayCounter>A365</FixedDayCounter>
		<Index>TWD-TAIBOR-3M</Index>
	</Swap>
	<FRA>
		<Id>USD-3M-FRA</Id>
		<Index>USD-LIBOR-3M</Index>
	</FRA>
	<FRA>
		<Id>USD-6M-FRA</Id>
		<Index>USD-LIBOR-6M</Index>
	</FRA>
	<AverageOIS>
		<Id>USD-AVERAGE-OIS</Id>
		<SpotLag>2</SpotLag>
		<FixedTenor>6M</FixedTenor>
		<FixedDayCounter>30/360</FixedDayCounter>
		<FixedCalendar>US</FixedCalendar>
		<FixedConvention>MF</FixedConvention>
		<FixedPaymentConvention>MF</FixedPaymentConvention>
		<Index>USD-FedFunds</Index>
		<OnTenor>3M</OnTenor>
		<RateCutoff>2</RateCutoff>
	</AverageOIS>
	<SwapIndex>
		<Id>USD-CMS-1Y</Id>
		<Conventions>USD-LIBOR-3M-SWAP</Conventions>
		<FixingCalendar>US</FixingCalendar>
	</SwapIndex>
	<SwapIndex>
		<Id>USD-CMS-30Y</Id>
		<Conventions>USD-LIBOR-3M-SWAP</Conventions>
		<FixingCalendar>US</FixingCalendar>
	</SwapIndex>
	<Deposit>
		<Id>USD-DEPOSIT</Id>
		<IndexBased>true</IndexBased>
		<Index>USD-LIBOR</Index>
	</Deposit>
	<FX>
		<Id>USD-DKK-FX</Id>
		<SpotDays>2</SpotDays>
		<SourceCurrency>USD</SourceCurrency>
		<TargetCurrency>DKK</TargetCurrency>
		<PointsFactor>10000</PointsFactor>
		<AdvanceCalendar>US,DKK</AdvanceCalendar>
		<SpotRelative>true</SpotRelative>
	</FX>
	<CrossCurrencyBasis>
		<Id>USD-DKK-XCCY-BASIS</Id>
		<SettlementDays>2</SettlementDays>
		<SettlementCalendar>DKK,US,UK</SettlementCalendar>
		<RollConvention>MF</RollConvention>
		<FlatIndex>USD-LIBOR-3M</FlatIndex>
		<SpreadIndex>DKK-CIBOR-3M</SpreadIndex>
		<IsResettable>true</IsResettable>
		<FlatIndexIsResettable>true</FlatIndexIsResettable>
	</CrossCurrencyBasis>
	<FX>
		<Id>USD-JPY-FX</Id>
		<SpotDays>2</SpotDays>
		<SourceCurrency>USD</SourceCurrency>
		<TargetCurrency>JPY</TargetCurrency>
		<PointsFactor>100</PointsFactor>
		<AdvanceCalendar>US,JP</AdvanceCalendar>
		<SpotRelative>true</SpotRelative>
	</FX>
	<CrossCurrencyBasis>
		<Id>USD-JPY-XCCY-BASIS</Id>
		<SettlementDays>2</SettlementDays>
		<SettlementCalendar>JP,US,UK</SettlementCalendar>
		<RollConvention>MF</RollConvention>
		<FlatIndex>USD-LIBOR-3M</FlatIndex>
		<SpreadIndex>JPY-LIBOR-3M</SpreadIndex>
		<IsResettable>true</IsResettable>
		<FlatIndexIsResettable>true</FlatIndexIsResettable>
	</CrossCurrencyBasis>
	<TenorBasisSwap>
		<Id>USD-LIBOR-3M-6M-BASIS</Id>
		<PayIndex>USD-LIBOR-6M</PayIndex>
		<ReceiveIndex>USD-LIBOR-3M</ReceiveIndex>
		<ReceiveFrequency>6M</ReceiveFrequency>
		<SpreadOnRec>true</SpreadOnRec>
		<IncludeSpread>false</IncludeSpread>
		<SubPeriodsCouponType>Compounding</SubPeriodsCouponType>
	</TenorBasisSwap>
	<Swap>
		<Id>USD-LIBOR-3M-SWAP</Id>
		<FixedCalendar>US,UK</FixedCalendar>
		<FixedFrequency>Semiannual</FixedFrequency>
		<FixedConvention>MF</FixedConvention>
		<FixedDayCounter>30/360</FixedDayCounter>
		<Index>USD-LIBOR-3M</Index>
	</Swap>
	<FX>
		<Id>USD-NOK-FX</Id>
		<SpotDays>2</SpotDays>
		<SourceCurrency>USD</SourceCurrency>
		<TargetCurrency>NOK</TargetCurrency>
		<PointsFactor>10000</PointsFactor>
		<AdvanceCalendar>US,NOK</AdvanceCalendar>
		<SpotRelative>true</SpotRelative>
	</FX>
	<CrossCurrencyBasis>
		<Id>USD-NOK-XCCY-BASIS</Id>
		<SettlementDays>2</SettlementDays>
		<SettlementCalendar>NOK,US,UK</SettlementCalendar>
		<RollConvention>MF</RollConvention>
		<FlatIndex>USD-LIBOR-3M</FlatIndex>
		<SpreadIndex>NOK-NIBOR-3M</SpreadIndex>
		<IsResettable>true</IsResettable>
		<FlatIndexIsResettable>true</FlatIndexIsResettable>
	</CrossCurrencyBasis>
	<OIS>
		<Id>USD-OIS</Id>
		<SpotLag>2</SpotLag>
		<Index>USD-FedFunds</Index>
		<FixedDayCounter>A360</FixedDayCounter>
		<PaymentLag>2</PaymentLag>
		<EOM>false</EOM>
		<FixedFrequency>Annual</FixedFrequency>
		<FixedConvention>Following</FixedConvention>
		<FixedPaymentConvention>Following</FixedPaymentConvention>
		<Rule>Backward</Rule>
	</OIS>
	<Deposit>
		<Id>USD-ON-DEPOSIT</Id>
		<IndexBased>true</IndexBased>
		<Index>USD-FedFunds</Index>
	</Deposit>
	<FX>
		<Id>USD-SEK-FX</Id>
		<SpotDays>2</SpotDays>
		<SourceCurrency>USD</SourceCurrency>
		<TargetCurrency>SEK</TargetCurrency>
		<PointsFactor>10000</PointsFactor>
		<AdvanceCalendar>US,SEK</AdvanceCalendar>
		<SpotRelative>true</SpotRelative>
	</FX>
	<CrossCurrencyBasis>
		<Id>USD-SEK-XCCY-BASIS</Id>
		<SettlementDays>2</SettlementDays>
		<SettlementCalendar>SEK,US,UK</SettlementCalendar>
		<RollConvention>MF</RollConvention>
		<FlatIndex>USD-LIBOR-3M</FlatIndex>
		<SpreadIndex>SEK-STIBOR-3M</SpreadIndex>
		<IsResettable>true</IsResettable>
		<FlatIndexIsResettable>true</FlatIndexIsResettable>
	</CrossCurrencyBasis>
	<Swap>
		<Id>USD-SWAP</Id>
		<FixedCalendar>US,UK</FixedCalendar>
		<FixedFrequency>Semiannual</FixedFrequency>
		<FixedConvention>MF</FixedConvention>
		<FixedDayCounter>30/360</FixedDayCounter>
		<Index>USD-LIBOR-3M</Index>
	</Swap>
	<FX>
		<Id>USD-TWD-FX</Id>
		<SpotDays>2</SpotDays>
		<SourceCurrency>USD</SourceCurrency>
		<TargetCurrency>TWD</TargetCurrency>
		<PointsFactor>1</PointsFactor>
		<AdvanceCalendar>USD,TWD</AdvanceCalendar>
		<SpotRelative>true</SpotRelative>
	</FX>
	<CrossCurrencyFixFloat>
		<Id>USD-TWD-XCCY-FIX-FLOAT-CONVENTIONS</Id>
		<SettlementDays>2</SettlementDays>
		<SettlementCalendar>TWD,US,UK</SettlementCalendar>
		<SettlementConvention>F</SettlementConvention>
		<FixedCurrency>TWD</FixedCurrency>
		<FixedFrequency>Semiannual</FixedFrequency>
		<FixedConvention>F</FixedConvention>
		<FixedDayCounter>ACT/365</FixedDayCounter>
		<Index>USD-LIBOR-6M</Index>
	</CrossCurrencyFixFloat>
	<CrossCurrencyBasis>
		<Id>USD-TWD-XCCY-BASIS</Id>
		<SettlementDays>2</SettlementDays>
		<SettlementCalendar>TWD,US,UK</SettlementCalendar>
		<RollConvention>MF</RollConvention>
		<FlatIndex>USD-LIBOR-3M</FlatIndex>
		<SpreadIndex>TWD-TAIBOR-3M</SpreadIndex>
		<IsResettable>true</IsResettable>
		<FlatIndexIsResettable>true</FlatIndexIsResettable>
	</CrossCurrencyBasis>
	<FxOption>
		<Id>EUR-USD-FXOPTION</Id>
		<FXConventionID>EUR-USD-FX</FXConventionID>
		<AtmType>AtmDeltaNeutral</AtmType>
		<LongTermAtmType>AtmDeltaNeutral</LongTermAtmType>
		<DeltaType>Spot</DeltaType>
		<LongTermDeltaType>Fwd</LongTermDeltaType>
		<SwitchTenor>2Y</SwitchTenor>
		<RiskReversalInFavorOf>Call</RiskReversalInFavorOf>
		<ButterflyStyle>Broker</ButterflyStyle>
	</FxOption>
	<FxOption>
		<Id>NOK-SEK-FXOPTION</Id>
		<FXConventionID>NOK-SEK-FX</FXConventionID>
		<AtmType>AtmDeltaNeutral</AtmType>
		<LongTermAtmType>AtmDeltaNeutral</LongTermAtmType>
		<DeltaType>PaSpot</DeltaType>
		<LongTermDeltaType>PaFwd</LongTermDeltaType>
		<SwitchTenor>2Y</SwitchTenor>
		<RiskReversalInFavorOf>Call</RiskReversalInFavorOf>
		<ButterflyStyle>Broker</ButterflyStyle>
	</FxOption>
	<FxOption>
		<Id>USD-JPY-FXOPTION</Id>
		<FXConventionID>USD-JPY-FX</FXConventionID>
		<AtmType>AtmDeltaNeutral</AtmType>
		<LongTermAtmType>AtmDeltaNeutral</LongTermAtmType>
		<DeltaType>PaSpot</DeltaType>
		<LongTermDeltaType>PaFwd</LongTermDeltaType>
		<SwitchTenor>2Y</SwitchTenor>
		<RiskReversalInFavorOf>Call</RiskReversalInFavorOf>
		<ButterflyStyle>Broker</ButterflyStyle>
	</FxOption><FX>
		<Id>NOK-SEK-FX</Id>
		<SpotDays>2</SpotDays>
		<SourceCurrency>NOK</SourceCurrency>
		<TargetCurrency>SEK</TargetCurrency>
		<PointsFactor>10000</PointsFactor>
		<AdvanceCalendar>NOK,SEK,USD</AdvanceCalendar>
		<SpotRelative>true</SpotRelative>
	</FX>
</Conventions>

