<?xml version='1.0' encoding='UTF-8'?>
<Portfolio>
  <Trade id="XCCY_Swap_EUR_USD">
    <TradeType>Swap</TradeType>
    <Envelope>
      <CounterParty>CPTY_A</CounterParty>
      <NettingSetId>PricerStaticDate</NettingSetId>
      <PortfolioIds>
        <PortfolioId>PF1</PortfolioId>
      </PortfolioIds>
      <AdditionalFields/>
    </Envelope>
    <SwapData>
      <LegData>
        <LegType>Floating</LegType>
        <Payer>true</Payer>
        <Currency>EUR</Currency>
        <Notionals>
          <Notional>30000000</Notional>
          <Exchanges>
            <NotionalInitialExchange>true</NotionalInitialExchange>
            <NotionalFinalExchange>true</NotionalFinalExchange>
          </Exchanges>
        </Notionals>
        <DayCounter>A360</DayCounter>
        <PaymentConvention>ModifiedFollowing</PaymentConvention>
        <FloatingLegData>
          <Index>EUR-EURIBOR-6M</Index>
          <FixingDays>0</FixingDays>
          <Spreads>
            <Spread>0.0</Spread>
          </Spreads>
        </FloatingLegData>
        <ScheduleData>
          <Rules>
            <StartDate>2012-09-05</StartDate>
            <EndDate>2025-09-05</EndDate>
            <Tenor>6M</Tenor>
            <Calendar>TARGET</Calendar>
            <Convention>ModifiedFollowing</Convention>
            <TermConvention>ModifiedFollowing</TermConvention>
            <Rule>Forward</Rule>
            <EndOfMonth/>
            <FirstDate/>
            <LastDate/>
          </Rules>
        </ScheduleData>
      </LegData>
      <LegData>
        <LegType>Floating</LegType>
        <Payer>false</Payer>
        <Currency>USD</Currency>
        <Notionals>
          <Notional>33900000</Notional>
          <Exchanges>
            <NotionalInitialExchange>true</NotionalInitialExchange>
            <NotionalFinalExchange>true</NotionalFinalExchange>
          </Exchanges>
        </Notionals>
        <DayCounter>A360</DayCounter>
        <PaymentConvention>ModifiedFollowing</PaymentConvention>
        <FloatingLegData>
          <Index>USD-LIBOR-3M</Index>
          <FixingDays>0</FixingDays>
          <Spreads>
            <Spread>0.0</Spread>
          </Spreads>
        </FloatingLegData>
        <ScheduleData>
          <Rules>
            <StartDate>2012-09-05</StartDate>
            <EndDate>2025-09-05</EndDate>
            <Tenor>3M</Tenor>
            <Calendar>UK</Calendar>
            <Convention>ModifiedFollowing</Convention>
            <TermConvention>ModifiedFollowing</TermConvention>
            <Rule>Forward</Rule>
            <EndOfMonth/>
            <FirstDate/>
            <LastDate/>
          </Rules>
        </ScheduleData>
      </LegData>
    </SwapData>
  </Trade>
  <Trade id="FXFWD_EURUSD_10Y">
    <TradeType>FxForward</TradeType>
    <Envelope>
      <CounterParty>CPTY_A</CounterParty>
      <NettingSetId>PricerStaticDate</NettingSetId>
      <PortfolioIds>
        <PortfolioId>PF1</PortfolioId>
      </PortfolioIds>
      <AdditionalFields/>
    </Envelope>
    <FxForwardData>
      <ValueDate>2029-03-01</ValueDate>
      <BoughtCurrency>EUR</BoughtCurrency>
      <BoughtAmount>1000000</BoughtAmount>
      <SoldCurrency>USD</SoldCurrency>
      <SoldAmount>1100000</SoldAmount>
      <Settlement>Cash</Settlement>
    </FxForwardData>
  </Trade>
</Portfolio>
