<Simulation>
	<Market>
		<BaseCurrency>EUR</BaseCurrency>
		<Currencies>
			<Currency>EUR</Currency>
			<Currency>USD</Currency>
		</Currencies>
		<YieldCurves>
			<Configuration curve="">
				<Tenors>2W, 1M, 3M, 6M, 1Y, 2Y, 3Y, 5Y, 10Y, 15Y, 20Y, 30Y</Tenors>
				<Interpolation>LogLinear</Interpolation>
				<Extrapolation>FlatZero</Extrapolation>
			</Configuration>
		</YieldCurves>
		<FxRates>
			<CurrencyPairs>
				<CurrencyPair>USDEUR</CurrencyPair>
			</CurrencyPairs>
		</FxRates>
		<Indices>
			<Index>EUR-EONIA</Index>
			<Index>EUR-EURIBOR-3M</Index>
			<Index>EUR-EURIBOR-6M</Index>
			<Index>USD-FedFunds</Index>
			<Index>USD-LIBOR-3M</Index>
		</Indices>
		<CreditStates>
			<NumberOfFactors>0</NumberOfFactors>
		</CreditStates>
		<AggregationScenarioDataCreditStates>
			<NumberOfFactors>0</NumberOfFactors>
		</AggregationScenarioDataCreditStates>
	</Market>
</Simulation>

