#TradeId,NettingSetId,CVA,DVA,FBA,FCA,FBAexOwnSP,FCAexOwnSP,FBAexAllSP,FCAexAllSP,COLVA,MVA,OurKVACCR,TheirKVACCR,OurKVACVA,TheirKVACVA,CollateralFloor,AllocatedCVA,AllocatedDVA,AllocationMethod,BaselEPE,BaselEEPE
,CPTY_A,15804.91,20938.23,10126.09,-2545.37,10488.96,-2634.38,10712.13,-2689.17,-691.06,0.00,0.00,0.00,0.00,0.00,-55721.30,15804.91,20938.23,Marginal,751631.13,1201477.63
Swap_1,CPTY_A,42082.10,103713.62,50187.01,-6746.54,51935.68,-7014.26,53007.97,-7178.76,#N/A,#N/A,#N/A,#N/A,#N/A,#N/A,#N/A,3614.05,17848.03,Marginal,861474.30,866777.59
Swap_2,CPTY_A,14233.35,9864.15,4819.04,-2340.79,4899.73,-2372.32,4948.15,-2391.22,#N/A,#N/A,#N/A,#N/A,#N/A,#N/A,#N/A,2198.67,1177.78,Marginal,1457674.53,1490108.54
Swap_3,CPTY_A,47900.92,48363.20,23296.83,-7712.91,24314.55,-7984.12,24941.48,-8150.62,#N/A,#N/A,#N/A,#N/A,#N/A,#N/A,#N/A,7207.65,4473.80,Marginal,1817754.76,1848555.61
