<?xml version="1.0" encoding="utf-8"?>
<CurveConfiguration>
  <YieldCurves>
	<YieldCurve> <!-- EUR1D -->
      <CurveId>EUR1D</CurveId>
      <CurveDescription>EUR discount curve bootstrapped from EONIA swap rates</CurveDescription>
      <Currency>EUR</Currency>
      <DiscountCurve>EUR1D</DiscountCurve>
      <Segments>
        <Simple>
          <Type>Deposit</Type>
          <Quotes>
            <Quote>MM/RATE/EUR/0D/1D</Quote>
          </Quotes>
          <Conventions>EUR-EONIA-CONVENTIONS</Conventions>
        </Simple>
        <Simple>
          <Type>OIS</Type>
          <Quotes>
            <Quote>IR_SWAP/RATE/EUR/2D/1D/1W</Quote>
            <Quote>IR_SWAP/RATE/EUR/2D/1D/2W</Quote>
            <Quote>IR_SWAP/RATE/EUR/2D/1D/1M</Quote>
            <Quote>IR_SWAP/RATE/EUR/2D/1D/2M</Quote>
            <Quote>IR_SWAP/RATE/EUR/2D/1D/3M</Quote>
            <Quote>IR_SWAP/RATE/EUR/2D/1D/4M</Quote>
            <Quote>IR_SWAP/RATE/EUR/2D/1D/5M</Quote>
            <Quote>IR_SWAP/RATE/EUR/2D/1D/6M</Quote>
            <Quote>IR_SWAP/RATE/EUR/2D/1D/7M</Quote>
            <Quote>IR_SWAP/RATE/EUR/2D/1D/8M</Quote>
            <Quote>IR_SWAP/RATE/EUR/2D/1D/9M</Quote>
            <Quote>IR_SWAP/RATE/EUR/2D/1D/10M</Quote>
            <Quote>IR_SWAP/RATE/EUR/2D/1D/11M</Quote>
            <Quote>IR_SWAP/RATE/EUR/2D/1D/1Y</Quote>
            <Quote>IR_SWAP/RATE/EUR/2D/1D/1Y3M</Quote>
            <Quote>IR_SWAP/RATE/EUR/2D/1D/1Y6M</Quote>
            <Quote>IR_SWAP/RATE/EUR/2D/1D/1Y9M</Quote>
            <Quote>IR_SWAP/RATE/EUR/2D/1D/2Y</Quote>
            <Quote>IR_SWAP/RATE/EUR/2D/1D/3Y</Quote>
            <Quote>IR_SWAP/RATE/EUR/2D/1D/4Y</Quote>
            <Quote>IR_SWAP/RATE/EUR/2D/1D/5Y</Quote>
            <Quote>IR_SWAP/RATE/EUR/2D/1D/6Y</Quote>
            <Quote>IR_SWAP/RATE/EUR/2D/1D/7Y</Quote>
            <Quote>IR_SWAP/RATE/EUR/2D/1D/8Y</Quote>
            <Quote>IR_SWAP/RATE/EUR/2D/1D/9Y</Quote>
            <Quote>IR_SWAP/RATE/EUR/2D/1D/10Y</Quote>
            <Quote>IR_SWAP/RATE/EUR/2D/1D/12Y</Quote>
            <Quote>IR_SWAP/RATE/EUR/2D/1D/15Y</Quote>
            <Quote>IR_SWAP/RATE/EUR/2D/1D/20Y</Quote>
            <Quote>IR_SWAP/RATE/EUR/2D/1D/25Y</Quote>
            <Quote>IR_SWAP/RATE/EUR/2D/1D/30Y</Quote>
            <!--<Quote>IR_SWAP/RATE/EUR/2D/1D/50Y</Quote>-->
          </Quotes>
          <Conventions>EUR-OIS-CONVENTIONS</Conventions>
        </Simple>
      </Segments>
      <InterpolationVariable>Discount</InterpolationVariable>
      <InterpolationMethod>LogLinear</InterpolationMethod>
      <YieldCurveDayCounter>A365</YieldCurveDayCounter>
      <Tolerance>0.000000000001</Tolerance>
    </YieldCurve>
	<YieldCurve> <!-- EUR6M -->
      <CurveId>EUR6M</CurveId>
      <CurveDescription/>
      <Currency>EUR</Currency>
      <DiscountCurve>EUR1D</DiscountCurve>
      <Segments>
        <Simple>
          <Type>Deposit</Type>
          <Quotes>
            <Quote>MM/RATE/EUR/2D/6M</Quote>
          </Quotes>
          <Conventions>EUR-EURIBOR-CONVENTIONS</Conventions>
          <ProjectionCurve>EUR6M</ProjectionCurve>
        </Simple>
        <Simple>
          <Type>Swap</Type>
          <Quotes>
            <Quote>IR_SWAP/RATE/EUR/2D/6M/2Y</Quote>
            <Quote>IR_SWAP/RATE/EUR/2D/6M/3Y</Quote>
            <Quote>IR_SWAP/RATE/EUR/2D/6M/4Y</Quote>
            <Quote>IR_SWAP/RATE/EUR/2D/6M/5Y</Quote>
            <Quote>IR_SWAP/RATE/EUR/2D/6M/7Y</Quote>
            <Quote>IR_SWAP/RATE/EUR/2D/6M/10Y</Quote>
            <Quote>IR_SWAP/RATE/EUR/2D/6M/12Y</Quote>
            <Quote>IR_SWAP/RATE/EUR/2D/6M/15Y</Quote>
            <Quote>IR_SWAP/RATE/EUR/2D/6M/20Y</Quote>
            <Quote>IR_SWAP/RATE/EUR/2D/6M/25Y</Quote>
            <Quote>IR_SWAP/RATE/EUR/2D/6M/30Y</Quote>
            <Quote>IR_SWAP/RATE/EUR/2D/6M/40Y</Quote>
            <Quote>IR_SWAP/RATE/EUR/2D/6M/50Y</Quote>
          </Quotes>
          <Conventions>EUR-6M-SWAP-CONVENTIONS</Conventions>
          <ProjectionCurve>EUR6M</ProjectionCurve>
        </Simple>
      </Segments>
    </YieldCurve>
  </YieldCurves>
</CurveConfiguration>
