<?xml version="1.0"?>
<ORE>
  <Setup>
    <Parameter name="asofDate">2016-02-05</Parameter>
    <Parameter name="inputPath">Input</Parameter>
    <Parameter name="outputPath">Output</Parameter>
    <Parameter name="logFile">log.txt</Parameter>
    <Parameter name="logMask">31</Parameter>
    <Parameter name="marketDataFile">market.txt</Parameter>
    <Parameter name="fixingDataFile">fixings.txt</Parameter>
    <Parameter name="implyTodaysFixings">N</Parameter>
    <Parameter name="curveConfigFile">curveconfig.xml</Parameter>
    <Parameter name="conventionsFile">conventions.xml</Parameter>
    <Parameter name="marketConfigFile">todaysmarket.xml</Parameter>
    <Parameter name="pricingEnginesFile">pricingengine.xml</Parameter>
    <Parameter name="portfolioFile">portfolio.xml</Parameter>
    <Parameter name="observationModel">None</Parameter>
    <Parameter name="continueOnError">false</Parameter>
    <Parameter name="calendarAdjustment">calendaradjustment.xml</Parameter>
    <Parameter name="currencyConfiguration">currencies.xml</Parameter>
    <Parameter name="nThreads">1</Parameter>
  </Setup>
  <Markets>
    <Parameter name="lgmcalibration">libor</Parameter>
    <Parameter name="fxcalibration">libor</Parameter>
    <Parameter name="eqcalibration">libor</Parameter>
    <Parameter name="pricing">libor</Parameter>
    <Parameter name="simulation">libor</Parameter>
  </Markets>
  <Analytics>
    <Analytic type="npv">
      <Parameter name="active">Y</Parameter>
      <Parameter name="baseCurrency">EUR</Parameter>
      <Parameter name="outputFileName">npv.csv</Parameter>
    </Analytic>
    <Analytic type="simulation">
      <Parameter name="active">Y</Parameter>
      <Parameter name="amc">Y</Parameter>
      <Parameter name="amcTradeTypes">Swap,Swaption,FxOption</Parameter>
      <Parameter name="simulationConfigFile">simulation.xml</Parameter>
      <Parameter name="pricingEnginesFile">pricingengine.xml</Parameter>
      <Parameter name="amcPricingEnginesFile">pricingengine_amc.xml</Parameter>
      <Parameter name="baseCurrency">EUR</Parameter>
      <Parameter name="storeScenarios">N</Parameter>
      <!--
          <Parameter name="cubeFile">cube.csv.gz</Parameter>
          <Parameter name="aggregationScenarioDataFileName">scenariodata.csv.gz</Parameter>
          <Parameter name="aggregationScenarioDataDump">scenariodata.csv</Parameter>
      -->
    </Analytic>
    <Analytic type="xva">
      <Parameter name="active">Y</Parameter>
      <Parameter name="csaFile">netting.xml</Parameter>
      <!--
          <Parameter name="cubeFile">cube.csv.gz</Parameter>
          <Parameter name="scenarioFile">scenariodata.csv.gz</Parameter>
      -->
      <Parameter name="baseCurrency">EUR</Parameter>
      <Parameter name="exposureProfiles">Y</Parameter>
      <Parameter name="exposureProfilesByTrade">Y</Parameter>
      <Parameter name="quantile">0.95</Parameter>
      <Parameter name="calculationType">NoLag</Parameter>
      <Parameter name="allocationMethod">None</Parameter>
    </Analytic>
  </Analytics>
</ORE>
