<?xml version="1.0"?>
<Portfolio>
  <Trade id="BermSwp_01">
    <TradeType>Swaption</TradeType>
    <Envelope>
      <CounterParty>CPTY_A</CounterParty>
      <NettingSetId>CPTY_A</NettingSetId>
      <AdditionalFields/>
    </Envelope>
    <SwaptionData>
      <OptionData>
        <LongShort>Long</LongShort>
        <OptionType>Call</OptionType>
        <Style>Bermudan</Style>
        <Settlement>Physical</Settlement>
        <PayOffAtExpiry>false</PayOffAtExpiry>
        <ExerciseDates>
          <ExerciseDate>2021-02-25</ExerciseDate>
          <ExerciseDate>2022-02-25</ExerciseDate>
          <ExerciseDate>2023-02-25</ExerciseDate>
          <ExerciseDate>2024-02-25</ExerciseDate>
          <ExerciseDate>2025-02-25</ExerciseDate>
          <ExerciseDate>2026-02-25</ExerciseDate>
          <ExerciseDate>2027-02-25</ExerciseDate>
          <ExerciseDate>2028-02-25</ExerciseDate>
          <ExerciseDate>2029-02-25</ExerciseDate>
          <ExerciseDate>2030-02-25</ExerciseDate>
          <ExerciseDate>2031-02-25</ExerciseDate>
          <ExerciseDate>2032-02-25</ExerciseDate>
          <ExerciseDate>2033-02-25</ExerciseDate>
          <ExerciseDate>2034-02-25</ExerciseDate>
          <ExerciseDate>2035-02-25</ExerciseDate>
        </ExerciseDates>
      </OptionData>
      <LegData>
        <LegType>Floating</LegType>
        <Payer>false</Payer>
        <Currency>EUR</Currency>
        <Notionals>
          <Notional>1000000</Notional>
        </Notionals>
        <DayCounter>A360</DayCounter>
        <PaymentConvention>ModifiedFollowing</PaymentConvention>
        <FloatingLegData>
          <Index>EUR-EURIBOR-6M</Index>
          <Spreads>
            <Spread>0.0</Spread>
          </Spreads>
          <FixingDays>2</FixingDays>
          <IsInArrears>false</IsInArrears>
        </FloatingLegData>
        <ScheduleData>
          <Rules>
            <StartDate>2021-03-01</StartDate>
            <EndDate>2036-03-01</EndDate>
            <Tenor>6M</Tenor>
            <Calendar>TARGET</Calendar>
            <Convention>Following</Convention>
            <TermConvention>Following</TermConvention>
            <Rule>Forward</Rule>
            <EndOfMonth/>
            <FirstDate/>
            <LastDate/>
          </Rules>
        </ScheduleData>
      </LegData>
      <LegData>
        <LegType>Fixed</LegType>
        <Payer>true</Payer>
        <Currency>EUR</Currency>
        <Notionals>
          <Notional>1000000</Notional>
        </Notionals>
        <DayCounter>ACT/ACT</DayCounter>
        <PaymentConvention>Following</PaymentConvention>
        <FixedLegData>
          <Rates>
            <Rate>0.02</Rate>
          </Rates>
        </FixedLegData>
        <ScheduleData>
          <Rules>
            <StartDate>2021-03-01</StartDate>
            <EndDate>2036-03-01</EndDate>
            <Tenor>1Y</Tenor>
            <Calendar>TARGET</Calendar>
            <Convention>Following</Convention>
            <TermConvention>Following</TermConvention>
            <Rule>Forward</Rule>
            <EndOfMonth/>
            <FirstDate/>
            <LastDate/>
          </Rules>
        </ScheduleData>
      </LegData>
    </SwaptionData>
  </Trade>
  <Trade id="BermSwp_02">
    <TradeType>Swaption</TradeType>
    <Envelope>
      <CounterParty>CPTY_A</CounterParty>
      <NettingSetId>CPTY_A</NettingSetId>
      <AdditionalFields/>
    </Envelope>
    <SwaptionData>
      <OptionData>
        <LongShort>Long</LongShort>
        <OptionType>Call</OptionType>
        <Style>Bermudan</Style>
        <Settlement>Physical</Settlement>
        <PayOffAtExpiry>false</PayOffAtExpiry>
        <ExerciseDates>
          <ExerciseDate>2021-02-25</ExerciseDate>
          <ExerciseDate>2022-02-25</ExerciseDate>
          <ExerciseDate>2023-02-25</ExerciseDate>
          <ExerciseDate>2024-02-25</ExerciseDate>
          <ExerciseDate>2025-02-25</ExerciseDate>
          <ExerciseDate>2026-02-25</ExerciseDate>
          <ExerciseDate>2027-02-25</ExerciseDate>
          <ExerciseDate>2028-02-25</ExerciseDate>
          <ExerciseDate>2029-02-25</ExerciseDate>
          <ExerciseDate>2030-02-25</ExerciseDate>
          <ExerciseDate>2031-02-25</ExerciseDate>
          <ExerciseDate>2032-02-25</ExerciseDate>
          <ExerciseDate>2033-02-25</ExerciseDate>
          <ExerciseDate>2034-02-25</ExerciseDate>
          <ExerciseDate>2035-02-25</ExerciseDate>
        </ExerciseDates>
      </OptionData>
      <LegData>
        <LegType>Floating</LegType>
        <Payer>false</Payer>
        <Currency>EUR</Currency>
        <Notionals>
          <Notional>1000000</Notional>
        </Notionals>
        <DayCounter>A360</DayCounter>
        <PaymentConvention>ModifiedFollowing</PaymentConvention>
        <FloatingLegData>
          <Index>EUR-EURIBOR-6M</Index>
          <Spreads>
            <Spread>0.0</Spread>
          </Spreads>
          <FixingDays>2</FixingDays>
          <IsInArrears>false</IsInArrears>
        </FloatingLegData>
        <ScheduleData>
          <Rules>
            <StartDate>2021-03-01</StartDate>
            <EndDate>2036-03-01</EndDate>
            <Tenor>6M</Tenor>
            <Calendar>TARGET</Calendar>
            <Convention>Following</Convention>
            <TermConvention>Following</TermConvention>
            <Rule>Forward</Rule>
            <EndOfMonth/>
            <FirstDate/>
            <LastDate/>
          </Rules>
        </ScheduleData>
      </LegData>
      <LegData>
        <LegType>Fixed</LegType>
        <Payer>true</Payer>
        <Currency>EUR</Currency>
        <Notionals>
          <Notional>1000000</Notional>
        </Notionals>
        <DayCounter>ACT/ACT</DayCounter>
        <PaymentConvention>Following</PaymentConvention>
        <FixedLegData>
          <Rates>
            <Rate>0.02</Rate>
          </Rates>
        </FixedLegData>
        <ScheduleData>
          <Rules>
            <StartDate>2021-03-01</StartDate>
            <EndDate>2036-03-01</EndDate>
            <Tenor>1Y</Tenor>
            <Calendar>TARGET</Calendar>
            <Convention>Following</Convention>
            <TermConvention>Following</TermConvention>
            <Rule>Forward</Rule>
            <EndOfMonth/>
            <FirstDate/>
            <LastDate/>
          </Rules>
        </ScheduleData>
      </LegData>
    </SwaptionData>
  </Trade>
  <Trade id="BermSwp_03">
    <TradeType>Swaption</TradeType>
    <Envelope>
      <CounterParty>CPTY_A</CounterParty>
      <NettingSetId>CPTY_A</NettingSetId>
      <AdditionalFields/>
    </Envelope>
    <SwaptionData>
      <OptionData>
        <LongShort>Long</LongShort>
        <OptionType>Call</OptionType>
        <Style>Bermudan</Style>
        <Settlement>Physical</Settlement>
        <PayOffAtExpiry>false</PayOffAtExpiry>
        <ExerciseDates>
          <ExerciseDate>2021-02-25</ExerciseDate>
          <ExerciseDate>2022-02-25</ExerciseDate>
          <ExerciseDate>2023-02-25</ExerciseDate>
          <ExerciseDate>2024-02-25</ExerciseDate>
          <ExerciseDate>2025-02-25</ExerciseDate>
          <ExerciseDate>2026-02-25</ExerciseDate>
          <ExerciseDate>2027-02-25</ExerciseDate>
          <ExerciseDate>2028-02-25</ExerciseDate>
          <ExerciseDate>2029-02-25</ExerciseDate>
          <ExerciseDate>2030-02-25</ExerciseDate>
          <ExerciseDate>2031-02-25</ExerciseDate>
          <ExerciseDate>2032-02-25</ExerciseDate>
          <ExerciseDate>2033-02-25</ExerciseDate>
          <ExerciseDate>2034-02-25</ExerciseDate>
          <ExerciseDate>2035-02-25</ExerciseDate>
        </ExerciseDates>
      </OptionData>
      <LegData>
        <LegType>Floating</LegType>
        <Payer>false</Payer>
        <Currency>EUR</Currency>
        <Notionals>
          <Notional>1000000</Notional>
        </Notionals>
        <DayCounter>A360</DayCounter>
        <PaymentConvention>ModifiedFollowing</PaymentConvention>
        <FloatingLegData>
          <Index>EUR-EURIBOR-6M</Index>
          <Spreads>
            <Spread>0.0</Spread>
          </Spreads>
          <FixingDays>2</FixingDays>
          <IsInArrears>false</IsInArrears>
        </FloatingLegData>
        <ScheduleData>
          <Rules>
            <StartDate>2021-03-01</StartDate>
            <EndDate>2036-03-01</EndDate>
            <Tenor>6M</Tenor>
            <Calendar>TARGET</Calendar>
            <Convention>Following</Convention>
            <TermConvention>Following</TermConvention>
            <Rule>Forward</Rule>
            <EndOfMonth/>
            <FirstDate/>
            <LastDate/>
          </Rules>
        </ScheduleData>
      </LegData>
      <LegData>
        <LegType>Fixed</LegType>
        <Payer>true</Payer>
        <Currency>EUR</Currency>
        <Notionals>
          <Notional>1000000</Notional>
        </Notionals>
        <DayCounter>ACT/ACT</DayCounter>
        <PaymentConvention>Following</PaymentConvention>
        <FixedLegData>
          <Rates>
            <Rate>0.02</Rate>
          </Rates>
        </FixedLegData>
        <ScheduleData>
          <Rules>
            <StartDate>2021-03-01</StartDate>
            <EndDate>2036-03-01</EndDate>
            <Tenor>1Y</Tenor>
            <Calendar>TARGET</Calendar>
            <Convention>Following</Convention>
            <TermConvention>Following</TermConvention>
            <Rule>Forward</Rule>
            <EndOfMonth/>
            <FirstDate/>
            <LastDate/>
          </Rules>
        </ScheduleData>
      </LegData>
    </SwaptionData>
  </Trade>
  <Trade id="BermSwp_04">
    <TradeType>Swaption</TradeType>
    <Envelope>
      <CounterParty>CPTY_A</CounterParty>
      <NettingSetId>CPTY_A</NettingSetId>
      <AdditionalFields/>
    </Envelope>
    <SwaptionData>
      <OptionData>
        <LongShort>Long</LongShort>
        <OptionType>Call</OptionType>
        <Style>Bermudan</Style>
        <Settlement>Physical</Settlement>
        <PayOffAtExpiry>false</PayOffAtExpiry>
        <ExerciseDates>
          <ExerciseDate>2021-02-25</ExerciseDate>
          <ExerciseDate>2022-02-25</ExerciseDate>
          <ExerciseDate>2023-02-25</ExerciseDate>
          <ExerciseDate>2024-02-25</ExerciseDate>
          <ExerciseDate>2025-02-25</ExerciseDate>
          <ExerciseDate>2026-02-25</ExerciseDate>
          <ExerciseDate>2027-02-25</ExerciseDate>
          <ExerciseDate>2028-02-25</ExerciseDate>
          <ExerciseDate>2029-02-25</ExerciseDate>
          <ExerciseDate>2030-02-25</ExerciseDate>
          <ExerciseDate>2031-02-25</ExerciseDate>
          <ExerciseDate>2032-02-25</ExerciseDate>
          <ExerciseDate>2033-02-25</ExerciseDate>
          <ExerciseDate>2034-02-25</ExerciseDate>
          <ExerciseDate>2035-02-25</ExerciseDate>
        </ExerciseDates>
      </OptionData>
      <LegData>
        <LegType>Floating</LegType>
        <Payer>false</Payer>
        <Currency>EUR</Currency>
        <Notionals>
          <Notional>1000000</Notional>
        </Notionals>
        <DayCounter>A360</DayCounter>
        <PaymentConvention>ModifiedFollowing</PaymentConvention>
        <FloatingLegData>
          <Index>EUR-EURIBOR-6M</Index>
          <Spreads>
            <Spread>0.0</Spread>
          </Spreads>
          <FixingDays>2</FixingDays>
          <IsInArrears>false</IsInArrears>
        </FloatingLegData>
        <ScheduleData>
          <Rules>
            <StartDate>2021-03-01</StartDate>
            <EndDate>2036-03-01</EndDate>
            <Tenor>6M</Tenor>
            <Calendar>TARGET</Calendar>
            <Convention>Following</Convention>
            <TermConvention>Following</TermConvention>
            <Rule>Forward</Rule>
            <EndOfMonth/>
            <FirstDate/>
            <LastDate/>
          </Rules>
        </ScheduleData>
      </LegData>
      <LegData>
        <LegType>Fixed</LegType>
        <Payer>true</Payer>
        <Currency>EUR</Currency>
        <Notionals>
          <Notional>1000000</Notional>
        </Notionals>
        <DayCounter>ACT/ACT</DayCounter>
        <PaymentConvention>Following</PaymentConvention>
        <FixedLegData>
          <Rates>
            <Rate>0.02</Rate>
          </Rates>
        </FixedLegData>
        <ScheduleData>
          <Rules>
            <StartDate>2021-03-01</StartDate>
            <EndDate>2036-03-01</EndDate>
            <Tenor>1Y</Tenor>
            <Calendar>TARGET</Calendar>
            <Convention>Following</Convention>
            <TermConvention>Following</TermConvention>
            <Rule>Forward</Rule>
            <EndOfMonth/>
            <FirstDate/>
            <LastDate/>
          </Rules>
        </ScheduleData>
      </LegData>
    </SwaptionData>
  </Trade>
  <Trade id="BermSwp_05">
    <TradeType>Swaption</TradeType>
    <Envelope>
      <CounterParty>CPTY_A</CounterParty>
      <NettingSetId>CPTY_A</NettingSetId>
      <AdditionalFields/>
    </Envelope>
    <SwaptionData>
      <OptionData>
        <LongShort>Long</LongShort>
        <OptionType>Call</OptionType>
        <Style>Bermudan</Style>
        <Settlement>Physical</Settlement>
        <PayOffAtExpiry>false</PayOffAtExpiry>
        <ExerciseDates>
          <ExerciseDate>2021-02-25</ExerciseDate>
          <ExerciseDate>2022-02-25</ExerciseDate>
          <ExerciseDate>2023-02-25</ExerciseDate>
          <ExerciseDate>2024-02-25</ExerciseDate>
          <ExerciseDate>2025-02-25</ExerciseDate>
          <ExerciseDate>2026-02-25</ExerciseDate>
          <ExerciseDate>2027-02-25</ExerciseDate>
          <ExerciseDate>2028-02-25</ExerciseDate>
          <ExerciseDate>2029-02-25</ExerciseDate>
          <ExerciseDate>2030-02-25</ExerciseDate>
          <ExerciseDate>2031-02-25</ExerciseDate>
          <ExerciseDate>2032-02-25</ExerciseDate>
          <ExerciseDate>2033-02-25</ExerciseDate>
          <ExerciseDate>2034-02-25</ExerciseDate>
          <ExerciseDate>2035-02-25</ExerciseDate>
        </ExerciseDates>
      </OptionData>
      <LegData>
        <LegType>Floating</LegType>
        <Payer>false</Payer>
        <Currency>EUR</Currency>
        <Notionals>
          <Notional>1000000</Notional>
        </Notionals>
        <DayCounter>A360</DayCounter>
        <PaymentConvention>ModifiedFollowing</PaymentConvention>
        <FloatingLegData>
          <Index>EUR-EURIBOR-6M</Index>
          <Spreads>
            <Spread>0.0</Spread>
          </Spreads>
          <FixingDays>2</FixingDays>
          <IsInArrears>false</IsInArrears>
        </FloatingLegData>
        <ScheduleData>
          <Rules>
            <StartDate>2021-03-01</StartDate>
            <EndDate>2036-03-01</EndDate>
            <Tenor>6M</Tenor>
            <Calendar>TARGET</Calendar>
            <Convention>Following</Convention>
            <TermConvention>Following</TermConvention>
            <Rule>Forward</Rule>
            <EndOfMonth/>
            <FirstDate/>
            <LastDate/>
          </Rules>
        </ScheduleData>
      </LegData>
      <LegData>
        <LegType>Fixed</LegType>
        <Payer>true</Payer>
        <Currency>EUR</Currency>
        <Notionals>
          <Notional>1000000</Notional>
        </Notionals>
        <DayCounter>ACT/ACT</DayCounter>
        <PaymentConvention>Following</PaymentConvention>
        <FixedLegData>
          <Rates>
            <Rate>0.02</Rate>
          </Rates>
        </FixedLegData>
        <ScheduleData>
          <Rules>
            <StartDate>2021-03-01</StartDate>
            <EndDate>2036-03-01</EndDate>
            <Tenor>1Y</Tenor>
            <Calendar>TARGET</Calendar>
            <Convention>Following</Convention>
            <TermConvention>Following</TermConvention>
            <Rule>Forward</Rule>
            <EndOfMonth/>
            <FirstDate/>
            <LastDate/>
          </Rules>
        </ScheduleData>
      </LegData>
    </SwaptionData>
  </Trade>
  <Trade id="BermSwp_06">
    <TradeType>Swaption</TradeType>
    <Envelope>
      <CounterParty>CPTY_A</CounterParty>
      <NettingSetId>CPTY_A</NettingSetId>
      <AdditionalFields/>
    </Envelope>
    <SwaptionData>
      <OptionData>
        <LongShort>Long</LongShort>
        <OptionType>Call</OptionType>
        <Style>Bermudan</Style>
        <Settlement>Physical</Settlement>
        <PayOffAtExpiry>false</PayOffAtExpiry>
        <ExerciseDates>
          <ExerciseDate>2021-02-25</ExerciseDate>
          <ExerciseDate>2022-02-25</ExerciseDate>
          <ExerciseDate>2023-02-25</ExerciseDate>
          <ExerciseDate>2024-02-25</ExerciseDate>
          <ExerciseDate>2025-02-25</ExerciseDate>
          <ExerciseDate>2026-02-25</ExerciseDate>
          <ExerciseDate>2027-02-25</ExerciseDate>
          <ExerciseDate>2028-02-25</ExerciseDate>
          <ExerciseDate>2029-02-25</ExerciseDate>
          <ExerciseDate>2030-02-25</ExerciseDate>
          <ExerciseDate>2031-02-25</ExerciseDate>
          <ExerciseDate>2032-02-25</ExerciseDate>
          <ExerciseDate>2033-02-25</ExerciseDate>
          <ExerciseDate>2034-02-25</ExerciseDate>
          <ExerciseDate>2035-02-25</ExerciseDate>
        </ExerciseDates>
      </OptionData>
      <LegData>
        <LegType>Floating</LegType>
        <Payer>false</Payer>
        <Currency>EUR</Currency>
        <Notionals>
          <Notional>1000000</Notional>
        </Notionals>
        <DayCounter>A360</DayCounter>
        <PaymentConvention>ModifiedFollowing</PaymentConvention>
        <FloatingLegData>
          <Index>EUR-EURIBOR-6M</Index>
          <Spreads>
            <Spread>0.0</Spread>
          </Spreads>
          <FixingDays>2</FixingDays>
          <IsInArrears>false</IsInArrears>
        </FloatingLegData>
        <ScheduleData>
          <Rules>
            <StartDate>2021-03-01</StartDate>
            <EndDate>2036-03-01</EndDate>
            <Tenor>6M</Tenor>
            <Calendar>TARGET</Calendar>
            <Convention>Following</Convention>
            <TermConvention>Following</TermConvention>
            <Rule>Forward</Rule>
            <EndOfMonth/>
            <FirstDate/>
            <LastDate/>
          </Rules>
        </ScheduleData>
      </LegData>
      <LegData>
        <LegType>Fixed</LegType>
        <Payer>true</Payer>
        <Currency>EUR</Currency>
        <Notionals>
          <Notional>1000000</Notional>
        </Notionals>
        <DayCounter>ACT/ACT</DayCounter>
        <PaymentConvention>Following</PaymentConvention>
        <FixedLegData>
          <Rates>
            <Rate>0.02</Rate>
          </Rates>
        </FixedLegData>
        <ScheduleData>
          <Rules>
            <StartDate>2021-03-01</StartDate>
            <EndDate>2036-03-01</EndDate>
            <Tenor>1Y</Tenor>
            <Calendar>TARGET</Calendar>
            <Convention>Following</Convention>
            <TermConvention>Following</TermConvention>
            <Rule>Forward</Rule>
            <EndOfMonth/>
            <FirstDate/>
            <LastDate/>
          </Rules>
        </ScheduleData>
      </LegData>
    </SwaptionData>
  </Trade>
  <Trade id="BermSwp_07">
    <TradeType>Swaption</TradeType>
    <Envelope>
      <CounterParty>CPTY_A</CounterParty>
      <NettingSetId>CPTY_A</NettingSetId>
      <AdditionalFields/>
    </Envelope>
    <SwaptionData>
      <OptionData>
        <LongShort>Long</LongShort>
        <OptionType>Call</OptionType>
        <Style>Bermudan</Style>
        <Settlement>Physical</Settlement>
        <PayOffAtExpiry>false</PayOffAtExpiry>
        <ExerciseDates>
          <ExerciseDate>2021-02-25</ExerciseDate>
          <ExerciseDate>2022-02-25</ExerciseDate>
          <ExerciseDate>2023-02-25</ExerciseDate>
          <ExerciseDate>2024-02-25</ExerciseDate>
          <ExerciseDate>2025-02-25</ExerciseDate>
          <ExerciseDate>2026-02-25</ExerciseDate>
          <ExerciseDate>2027-02-25</ExerciseDate>
          <ExerciseDate>2028-02-25</ExerciseDate>
          <ExerciseDate>2029-02-25</ExerciseDate>
          <ExerciseDate>2030-02-25</ExerciseDate>
          <ExerciseDate>2031-02-25</ExerciseDate>
          <ExerciseDate>2032-02-25</ExerciseDate>
          <ExerciseDate>2033-02-25</ExerciseDate>
          <ExerciseDate>2034-02-25</ExerciseDate>
          <ExerciseDate>2035-02-25</ExerciseDate>
        </ExerciseDates>
      </OptionData>
      <LegData>
        <LegType>Floating</LegType>
        <Payer>false</Payer>
        <Currency>EUR</Currency>
        <Notionals>
          <Notional>1000000</Notional>
        </Notionals>
        <DayCounter>A360</DayCounter>
        <PaymentConvention>ModifiedFollowing</PaymentConvention>
        <FloatingLegData>
          <Index>EUR-EURIBOR-6M</Index>
          <Spreads>
            <Spread>0.0</Spread>
          </Spreads>
          <FixingDays>2</FixingDays>
          <IsInArrears>false</IsInArrears>
        </FloatingLegData>
        <ScheduleData>
          <Rules>
            <StartDate>2021-03-01</StartDate>
            <EndDate>2036-03-01</EndDate>
            <Tenor>6M</Tenor>
            <Calendar>TARGET</Calendar>
            <Convention>Following</Convention>
            <TermConvention>Following</TermConvention>
            <Rule>Forward</Rule>
            <EndOfMonth/>
            <FirstDate/>
            <LastDate/>
          </Rules>
        </ScheduleData>
      </LegData>
      <LegData>
        <LegType>Fixed</LegType>
        <Payer>true</Payer>
        <Currency>EUR</Currency>
        <Notionals>
          <Notional>1000000</Notional>
        </Notionals>
        <DayCounter>ACT/ACT</DayCounter>
        <PaymentConvention>Following</PaymentConvention>
        <FixedLegData>
          <Rates>
            <Rate>0.02</Rate>
          </Rates>
        </FixedLegData>
        <ScheduleData>
          <Rules>
            <StartDate>2021-03-01</StartDate>
            <EndDate>2036-03-01</EndDate>
            <Tenor>1Y</Tenor>
            <Calendar>TARGET</Calendar>
            <Convention>Following</Convention>
            <TermConvention>Following</TermConvention>
            <Rule>Forward</Rule>
            <EndOfMonth/>
            <FirstDate/>
            <LastDate/>
          </Rules>
        </ScheduleData>
      </LegData>
    </SwaptionData>
  </Trade>
  <Trade id="BermSwp_08">
    <TradeType>Swaption</TradeType>
    <Envelope>
      <CounterParty>CPTY_A</CounterParty>
      <NettingSetId>CPTY_A</NettingSetId>
      <AdditionalFields/>
    </Envelope>
    <SwaptionData>
      <OptionData>
        <LongShort>Long</LongShort>
        <OptionType>Call</OptionType>
        <Style>Bermudan</Style>
        <Settlement>Physical</Settlement>
        <PayOffAtExpiry>false</PayOffAtExpiry>
        <ExerciseDates>
          <ExerciseDate>2021-02-25</ExerciseDate>
          <ExerciseDate>2022-02-25</ExerciseDate>
          <ExerciseDate>2023-02-25</ExerciseDate>
          <ExerciseDate>2024-02-25</ExerciseDate>
          <ExerciseDate>2025-02-25</ExerciseDate>
          <ExerciseDate>2026-02-25</ExerciseDate>
          <ExerciseDate>2027-02-25</ExerciseDate>
          <ExerciseDate>2028-02-25</ExerciseDate>
          <ExerciseDate>2029-02-25</ExerciseDate>
          <ExerciseDate>2030-02-25</ExerciseDate>
          <ExerciseDate>2031-02-25</ExerciseDate>
          <ExerciseDate>2032-02-25</ExerciseDate>
          <ExerciseDate>2033-02-25</ExerciseDate>
          <ExerciseDate>2034-02-25</ExerciseDate>
          <ExerciseDate>2035-02-25</ExerciseDate>
        </ExerciseDates>
      </OptionData>
      <LegData>
        <LegType>Floating</LegType>
        <Payer>false</Payer>
        <Currency>EUR</Currency>
        <Notionals>
          <Notional>1000000</Notional>
        </Notionals>
        <DayCounter>A360</DayCounter>
        <PaymentConvention>ModifiedFollowing</PaymentConvention>
        <FloatingLegData>
          <Index>EUR-EURIBOR-6M</Index>
          <Spreads>
            <Spread>0.0</Spread>
          </Spreads>
          <FixingDays>2</FixingDays>
          <IsInArrears>false</IsInArrears>
        </FloatingLegData>
        <ScheduleData>
          <Rules>
            <StartDate>2021-03-01</StartDate>
            <EndDate>2036-03-01</EndDate>
            <Tenor>6M</Tenor>
            <Calendar>TARGET</Calendar>
            <Convention>Following</Convention>
            <TermConvention>Following</TermConvention>
            <Rule>Forward</Rule>
            <EndOfMonth/>
            <FirstDate/>
            <LastDate/>
          </Rules>
        </ScheduleData>
      </LegData>
      <LegData>
        <LegType>Fixed</LegType>
        <Payer>true</Payer>
        <Currency>EUR</Currency>
        <Notionals>
          <Notional>1000000</Notional>
        </Notionals>
        <DayCounter>ACT/ACT</DayCounter>
        <PaymentConvention>Following</PaymentConvention>
        <FixedLegData>
          <Rates>
            <Rate>0.02</Rate>
          </Rates>
        </FixedLegData>
        <ScheduleData>
          <Rules>
            <StartDate>2021-03-01</StartDate>
            <EndDate>2036-03-01</EndDate>
            <Tenor>1Y</Tenor>
            <Calendar>TARGET</Calendar>
            <Convention>Following</Convention>
            <TermConvention>Following</TermConvention>
            <Rule>Forward</Rule>
            <EndOfMonth/>
            <FirstDate/>
            <LastDate/>
          </Rules>
        </ScheduleData>
      </LegData>
    </SwaptionData>
  </Trade>
  <Trade id="BermSwp_09">
    <TradeType>Swaption</TradeType>
    <Envelope>
      <CounterParty>CPTY_A</CounterParty>
      <NettingSetId>CPTY_A</NettingSetId>
      <AdditionalFields/>
    </Envelope>
    <SwaptionData>
      <OptionData>
        <LongShort>Long</LongShort>
        <OptionType>Call</OptionType>
        <Style>Bermudan</Style>
        <Settlement>Physical</Settlement>
        <PayOffAtExpiry>false</PayOffAtExpiry>
        <ExerciseDates>
          <ExerciseDate>2021-02-25</ExerciseDate>
          <ExerciseDate>2022-02-25</ExerciseDate>
          <ExerciseDate>2023-02-25</ExerciseDate>
          <ExerciseDate>2024-02-25</ExerciseDate>
          <ExerciseDate>2025-02-25</ExerciseDate>
          <ExerciseDate>2026-02-25</ExerciseDate>
          <ExerciseDate>2027-02-25</ExerciseDate>
          <ExerciseDate>2028-02-25</ExerciseDate>
          <ExerciseDate>2029-02-25</ExerciseDate>
          <ExerciseDate>2030-02-25</ExerciseDate>
          <ExerciseDate>2031-02-25</ExerciseDate>
          <ExerciseDate>2032-02-25</ExerciseDate>
          <ExerciseDate>2033-02-25</ExerciseDate>
          <ExerciseDate>2034-02-25</ExerciseDate>
          <ExerciseDate>2035-02-25</ExerciseDate>
        </ExerciseDates>
      </OptionData>
      <LegData>
        <LegType>Floating</LegType>
        <Payer>false</Payer>
        <Currency>EUR</Currency>
        <Notionals>
          <Notional>1000000</Notional>
        </Notionals>
        <DayCounter>A360</DayCounter>
        <PaymentConvention>ModifiedFollowing</PaymentConvention>
        <FloatingLegData>
          <Index>EUR-EURIBOR-6M</Index>
          <Spreads>
            <Spread>0.0</Spread>
          </Spreads>
          <FixingDays>2</FixingDays>
          <IsInArrears>false</IsInArrears>
        </FloatingLegData>
        <ScheduleData>
          <Rules>
            <StartDate>2021-03-01</StartDate>
            <EndDate>2036-03-01</EndDate>
            <Tenor>6M</Tenor>
            <Calendar>TARGET</Calendar>
            <Convention>Following</Convention>
            <TermConvention>Following</TermConvention>
            <Rule>Forward</Rule>
            <EndOfMonth/>
            <FirstDate/>
            <LastDate/>
          </Rules>
        </ScheduleData>
      </LegData>
      <LegData>
        <LegType>Fixed</LegType>
        <Payer>true</Payer>
        <Currency>EUR</Currency>
        <Notionals>
          <Notional>1000000</Notional>
        </Notionals>
        <DayCounter>ACT/ACT</DayCounter>
        <PaymentConvention>Following</PaymentConvention>
        <FixedLegData>
          <Rates>
            <Rate>0.02</Rate>
          </Rates>
        </FixedLegData>
        <ScheduleData>
          <Rules>
            <StartDate>2021-03-01</StartDate>
            <EndDate>2036-03-01</EndDate>
            <Tenor>1Y</Tenor>
            <Calendar>TARGET</Calendar>
            <Convention>Following</Convention>
            <TermConvention>Following</TermConvention>
            <Rule>Forward</Rule>
            <EndOfMonth/>
            <FirstDate/>
            <LastDate/>
          </Rules>
        </ScheduleData>
      </LegData>
    </SwaptionData>
  </Trade>
  <Trade id="BermSwp_10">
    <TradeType>Swaption</TradeType>
    <Envelope>
      <CounterParty>CPTY_A</CounterParty>
      <NettingSetId>CPTY_A</NettingSetId>
      <AdditionalFields/>
    </Envelope>
    <SwaptionData>
      <OptionData>
        <LongShort>Long</LongShort>
        <OptionType>Call</OptionType>
        <Style>Bermudan</Style>
        <Settlement>Physical</Settlement>
        <PayOffAtExpiry>false</PayOffAtExpiry>
        <ExerciseDates>
          <ExerciseDate>2021-02-25</ExerciseDate>
          <ExerciseDate>2022-02-25</ExerciseDate>
          <ExerciseDate>2023-02-25</ExerciseDate>
          <ExerciseDate>2024-02-25</ExerciseDate>
          <ExerciseDate>2025-02-25</ExerciseDate>
          <ExerciseDate>2026-02-25</ExerciseDate>
          <ExerciseDate>2027-02-25</ExerciseDate>
          <ExerciseDate>2028-02-25</ExerciseDate>
          <ExerciseDate>2029-02-25</ExerciseDate>
          <ExerciseDate>2030-02-25</ExerciseDate>
          <ExerciseDate>2031-02-25</ExerciseDate>
          <ExerciseDate>2032-02-25</ExerciseDate>
          <ExerciseDate>2033-02-25</ExerciseDate>
          <ExerciseDate>2034-02-25</ExerciseDate>
          <ExerciseDate>2035-02-25</ExerciseDate>
        </ExerciseDates>
      </OptionData>
      <LegData>
        <LegType>Floating</LegType>
        <Payer>false</Payer>
        <Currency>EUR</Currency>
        <Notionals>
          <Notional>1000000</Notional>
        </Notionals>
        <DayCounter>A360</DayCounter>
        <PaymentConvention>ModifiedFollowing</PaymentConvention>
        <FloatingLegData>
          <Index>EUR-EURIBOR-6M</Index>
          <Spreads>
            <Spread>0.0</Spread>
          </Spreads>
          <FixingDays>2</FixingDays>
          <IsInArrears>false</IsInArrears>
        </FloatingLegData>
        <ScheduleData>
          <Rules>
            <StartDate>2021-03-01</StartDate>
            <EndDate>2036-03-01</EndDate>
            <Tenor>6M</Tenor>
            <Calendar>TARGET</Calendar>
            <Convention>Following</Convention>
            <TermConvention>Following</TermConvention>
            <Rule>Forward</Rule>
            <EndOfMonth/>
            <FirstDate/>
            <LastDate/>
          </Rules>
        </ScheduleData>
      </LegData>
      <LegData>
        <LegType>Fixed</LegType>
        <Payer>true</Payer>
        <Currency>EUR</Currency>
        <Notionals>
          <Notional>1000000</Notional>
        </Notionals>
        <DayCounter>ACT/ACT</DayCounter>
        <PaymentConvention>Following</PaymentConvention>
        <FixedLegData>
          <Rates>
            <Rate>0.02</Rate>
          </Rates>
        </FixedLegData>
        <ScheduleData>
          <Rules>
            <StartDate>2021-03-01</StartDate>
            <EndDate>2036-03-01</EndDate>
            <Tenor>1Y</Tenor>
            <Calendar>TARGET</Calendar>
            <Convention>Following</Convention>
            <TermConvention>Following</TermConvention>
            <Rule>Forward</Rule>
            <EndOfMonth/>
            <FirstDate/>
            <LastDate/>
          </Rules>
        </ScheduleData>
      </LegData>
    </SwaptionData>
  </Trade>
  <Trade id="BermSwp_11">
    <TradeType>Swaption</TradeType>
    <Envelope>
      <CounterParty>CPTY_A</CounterParty>
      <NettingSetId>CPTY_A</NettingSetId>
      <AdditionalFields/>
    </Envelope>
    <SwaptionData>
      <OptionData>
        <LongShort>Long</LongShort>
        <OptionType>Call</OptionType>
        <Style>Bermudan</Style>
        <Settlement>Physical</Settlement>
        <PayOffAtExpiry>false</PayOffAtExpiry>
        <ExerciseDates>
          <ExerciseDate>2021-02-25</ExerciseDate>
          <ExerciseDate>2022-02-25</ExerciseDate>
          <ExerciseDate>2023-02-25</ExerciseDate>
          <ExerciseDate>2024-02-25</ExerciseDate>
          <ExerciseDate>2025-02-25</ExerciseDate>
          <ExerciseDate>2026-02-25</ExerciseDate>
          <ExerciseDate>2027-02-25</ExerciseDate>
          <ExerciseDate>2028-02-25</ExerciseDate>
          <ExerciseDate>2029-02-25</ExerciseDate>
          <ExerciseDate>2030-02-25</ExerciseDate>
          <ExerciseDate>2031-02-25</ExerciseDate>
          <ExerciseDate>2032-02-25</ExerciseDate>
          <ExerciseDate>2033-02-25</ExerciseDate>
          <ExerciseDate>2034-02-25</ExerciseDate>
          <ExerciseDate>2035-02-25</ExerciseDate>
        </ExerciseDates>
      </OptionData>
      <LegData>
        <LegType>Floating</LegType>
        <Payer>false</Payer>
        <Currency>EUR</Currency>
        <Notionals>
          <Notional>1000000</Notional>
        </Notionals>
        <DayCounter>A360</DayCounter>
        <PaymentConvention>ModifiedFollowing</PaymentConvention>
        <FloatingLegData>
          <Index>EUR-EURIBOR-6M</Index>
          <Spreads>
            <Spread>0.0</Spread>
          </Spreads>
          <FixingDays>2</FixingDays>
          <IsInArrears>false</IsInArrears>
        </FloatingLegData>
        <ScheduleData>
          <Rules>
            <StartDate>2021-03-01</StartDate>
            <EndDate>2036-03-01</EndDate>
            <Tenor>6M</Tenor>
            <Calendar>TARGET</Calendar>
            <Convention>Following</Convention>
            <TermConvention>Following</TermConvention>
            <Rule>Forward</Rule>
            <EndOfMonth/>
            <FirstDate/>
            <LastDate/>
          </Rules>
        </ScheduleData>
      </LegData>
      <LegData>
        <LegType>Fixed</LegType>
        <Payer>true</Payer>
        <Currency>EUR</Currency>
        <Notionals>
          <Notional>1000000</Notional>
        </Notionals>
        <DayCounter>ACT/ACT</DayCounter>
        <PaymentConvention>Following</PaymentConvention>
        <FixedLegData>
          <Rates>
            <Rate>0.02</Rate>
          </Rates>
        </FixedLegData>
        <ScheduleData>
          <Rules>
            <StartDate>2021-03-01</StartDate>
            <EndDate>2036-03-01</EndDate>
            <Tenor>1Y</Tenor>
            <Calendar>TARGET</Calendar>
            <Convention>Following</Convention>
            <TermConvention>Following</TermConvention>
            <Rule>Forward</Rule>
            <EndOfMonth/>
            <FirstDate/>
            <LastDate/>
          </Rules>
        </ScheduleData>
      </LegData>
    </SwaptionData>
  </Trade>
  <Trade id="BermSwp_12">
    <TradeType>Swaption</TradeType>
    <Envelope>
      <CounterParty>CPTY_A</CounterParty>
      <NettingSetId>CPTY_A</NettingSetId>
      <AdditionalFields/>
    </Envelope>
    <SwaptionData>
      <OptionData>
        <LongShort>Long</LongShort>
        <OptionType>Call</OptionType>
        <Style>Bermudan</Style>
        <Settlement>Physical</Settlement>
        <PayOffAtExpiry>false</PayOffAtExpiry>
        <ExerciseDates>
          <ExerciseDate>2021-02-25</ExerciseDate>
          <ExerciseDate>2022-02-25</ExerciseDate>
          <ExerciseDate>2023-02-25</ExerciseDate>
          <ExerciseDate>2024-02-25</ExerciseDate>
          <ExerciseDate>2025-02-25</ExerciseDate>
          <ExerciseDate>2026-02-25</ExerciseDate>
          <ExerciseDate>2027-02-25</ExerciseDate>
          <ExerciseDate>2028-02-25</ExerciseDate>
          <ExerciseDate>2029-02-25</ExerciseDate>
          <ExerciseDate>2030-02-25</ExerciseDate>
          <ExerciseDate>2031-02-25</ExerciseDate>
          <ExerciseDate>2032-02-25</ExerciseDate>
          <ExerciseDate>2033-02-25</ExerciseDate>
          <ExerciseDate>2034-02-25</ExerciseDate>
          <ExerciseDate>2035-02-25</ExerciseDate>
        </ExerciseDates>
      </OptionData>
      <LegData>
        <LegType>Floating</LegType>
        <Payer>false</Payer>
        <Currency>EUR</Currency>
        <Notionals>
          <Notional>1000000</Notional>
        </Notionals>
        <DayCounter>A360</DayCounter>
        <PaymentConvention>ModifiedFollowing</PaymentConvention>
        <FloatingLegData>
          <Index>EUR-EURIBOR-6M</Index>
          <Spreads>
            <Spread>0.0</Spread>
          </Spreads>
          <FixingDays>2</FixingDays>
          <IsInArrears>false</IsInArrears>
        </FloatingLegData>
        <ScheduleData>
          <Rules>
            <StartDate>2021-03-01</StartDate>
            <EndDate>2036-03-01</EndDate>
            <Tenor>6M</Tenor>
            <Calendar>TARGET</Calendar>
            <Convention>Following</Convention>
            <TermConvention>Following</TermConvention>
            <Rule>Forward</Rule>
            <EndOfMonth/>
            <FirstDate/>
            <LastDate/>
          </Rules>
        </ScheduleData>
      </LegData>
      <LegData>
        <LegType>Fixed</LegType>
        <Payer>true</Payer>
        <Currency>EUR</Currency>
        <Notionals>
          <Notional>1000000</Notional>
        </Notionals>
        <DayCounter>ACT/ACT</DayCounter>
        <PaymentConvention>Following</PaymentConvention>
        <FixedLegData>
          <Rates>
            <Rate>0.02</Rate>
          </Rates>
        </FixedLegData>
        <ScheduleData>
          <Rules>
            <StartDate>2021-03-01</StartDate>
            <EndDate>2036-03-01</EndDate>
            <Tenor>1Y</Tenor>
            <Calendar>TARGET</Calendar>
            <Convention>Following</Convention>
            <TermConvention>Following</TermConvention>
            <Rule>Forward</Rule>
            <EndOfMonth/>
            <FirstDate/>
            <LastDate/>
          </Rules>
        </ScheduleData>
      </LegData>
    </SwaptionData>
  </Trade>
  <!--
  <Trade id="BermSwp_13">
    <TradeType>Swaption</TradeType>
    <Envelope>
      <CounterParty>CPTY_A</CounterParty>
      <NettingSetId>CPTY_A</NettingSetId>
      <AdditionalFields/>
    </Envelope>
    <SwaptionData>
      <OptionData>
        <LongShort>Long</LongShort>
        <OptionType>Call</OptionType>
        <Style>Bermudan</Style>
        <Settlement>Physical</Settlement>
        <PayOffAtExpiry>false</PayOffAtExpiry>
        <ExerciseDates>
          <ExerciseDate>2021-02-25</ExerciseDate>
          <ExerciseDate>2022-02-25</ExerciseDate>
          <ExerciseDate>2023-02-25</ExerciseDate>
          <ExerciseDate>2024-02-25</ExerciseDate>
          <ExerciseDate>2025-02-25</ExerciseDate>
          <ExerciseDate>2026-02-25</ExerciseDate>
          <ExerciseDate>2027-02-25</ExerciseDate>
          <ExerciseDate>2028-02-25</ExerciseDate>
          <ExerciseDate>2029-02-25</ExerciseDate>
          <ExerciseDate>2030-02-25</ExerciseDate>
          <ExerciseDate>2031-02-25</ExerciseDate>
          <ExerciseDate>2032-02-25</ExerciseDate>
          <ExerciseDate>2033-02-25</ExerciseDate>
          <ExerciseDate>2034-02-25</ExerciseDate>
          <ExerciseDate>2035-02-25</ExerciseDate>
        </ExerciseDates>
      </OptionData>
      <LegData>
        <LegType>Floating</LegType>
        <Payer>false</Payer>
        <Currency>EUR</Currency>
        <Notionals>
          <Notional>1000000</Notional>
        </Notionals>
        <DayCounter>A360</DayCounter>
        <PaymentConvention>ModifiedFollowing</PaymentConvention>
        <FloatingLegData>
          <Index>EUR-EURIBOR-6M</Index>
          <Spreads>
            <Spread>0.0</Spread>
          </Spreads>
          <FixingDays>2</FixingDays>
          <IsInArrears>false</IsInArrears>
        </FloatingLegData>
        <ScheduleData>
          <Rules>
            <StartDate>2021-03-01</StartDate>
            <EndDate>2036-03-01</EndDate>
            <Tenor>6M</Tenor>
            <Calendar>TARGET</Calendar>
            <Convention>Following</Convention>
            <TermConvention>Following</TermConvention>
            <Rule>Forward</Rule>
            <EndOfMonth/>
            <FirstDate/>
            <LastDate/>
          </Rules>
        </ScheduleData>
      </LegData>
      <LegData>
        <LegType>Fixed</LegType>
        <Payer>true</Payer>
        <Currency>EUR</Currency>
        <Notionals>
          <Notional>1000000</Notional>
        </Notionals>
        <DayCounter>ACT/ACT</DayCounter>
        <PaymentConvention>Following</PaymentConvention>
        <FixedLegData>
          <Rates>
            <Rate>0.02</Rate>
          </Rates>
        </FixedLegData>
        <ScheduleData>
          <Rules>
            <StartDate>2021-03-01</StartDate>
            <EndDate>2036-03-01</EndDate>
            <Tenor>1Y</Tenor>
            <Calendar>TARGET</Calendar>
            <Convention>Following</Convention>
            <TermConvention>Following</TermConvention>
            <Rule>Forward</Rule>
            <EndOfMonth/>
            <FirstDate/>
            <LastDate/>
          </Rules>
        </ScheduleData>
      </LegData>
    </SwaptionData>
  </Trade>
  <Trade id="BermSwp_14">
    <TradeType>Swaption</TradeType>
    <Envelope>
      <CounterParty>CPTY_A</CounterParty>
      <NettingSetId>CPTY_A</NettingSetId>
      <AdditionalFields/>
    </Envelope>
    <SwaptionData>
      <OptionData>
        <LongShort>Long</LongShort>
        <OptionType>Call</OptionType>
        <Style>Bermudan</Style>
        <Settlement>Physical</Settlement>
        <PayOffAtExpiry>false</PayOffAtExpiry>
        <ExerciseDates>
          <ExerciseDate>2021-02-25</ExerciseDate>
          <ExerciseDate>2022-02-25</ExerciseDate>
          <ExerciseDate>2023-02-25</ExerciseDate>
          <ExerciseDate>2024-02-25</ExerciseDate>
          <ExerciseDate>2025-02-25</ExerciseDate>
          <ExerciseDate>2026-02-25</ExerciseDate>
          <ExerciseDate>2027-02-25</ExerciseDate>
          <ExerciseDate>2028-02-25</ExerciseDate>
          <ExerciseDate>2029-02-25</ExerciseDate>
          <ExerciseDate>2030-02-25</ExerciseDate>
          <ExerciseDate>2031-02-25</ExerciseDate>
          <ExerciseDate>2032-02-25</ExerciseDate>
          <ExerciseDate>2033-02-25</ExerciseDate>
          <ExerciseDate>2034-02-25</ExerciseDate>
          <ExerciseDate>2035-02-25</ExerciseDate>
        </ExerciseDates>
      </OptionData>
      <LegData>
        <LegType>Floating</LegType>
        <Payer>false</Payer>
        <Currency>EUR</Currency>
        <Notionals>
          <Notional>1000000</Notional>
        </Notionals>
        <DayCounter>A360</DayCounter>
        <PaymentConvention>ModifiedFollowing</PaymentConvention>
        <FloatingLegData>
          <Index>EUR-EURIBOR-6M</Index>
          <Spreads>
            <Spread>0.0</Spread>
          </Spreads>
          <FixingDays>2</FixingDays>
          <IsInArrears>false</IsInArrears>
        </FloatingLegData>
        <ScheduleData>
          <Rules>
            <StartDate>2021-03-01</StartDate>
            <EndDate>2036-03-01</EndDate>
            <Tenor>6M</Tenor>
            <Calendar>TARGET</Calendar>
            <Convention>Following</Convention>
            <TermConvention>Following</TermConvention>
            <Rule>Forward</Rule>
            <EndOfMonth/>
            <FirstDate/>
            <LastDate/>
          </Rules>
        </ScheduleData>
      </LegData>
      <LegData>
        <LegType>Fixed</LegType>
        <Payer>true</Payer>
        <Currency>EUR</Currency>
        <Notionals>
          <Notional>1000000</Notional>
        </Notionals>
        <DayCounter>ACT/ACT</DayCounter>
        <PaymentConvention>Following</PaymentConvention>
        <FixedLegData>
          <Rates>
            <Rate>0.02</Rate>
          </Rates>
        </FixedLegData>
        <ScheduleData>
          <Rules>
            <StartDate>2021-03-01</StartDate>
            <EndDate>2036-03-01</EndDate>
            <Tenor>1Y</Tenor>
            <Calendar>TARGET</Calendar>
            <Convention>Following</Convention>
            <TermConvention>Following</TermConvention>
            <Rule>Forward</Rule>
            <EndOfMonth/>
            <FirstDate/>
            <LastDate/>
          </Rules>
        </ScheduleData>
      </LegData>
    </SwaptionData>
  </Trade>
  <Trade id="BermSwp_15">
    <TradeType>Swaption</TradeType>
    <Envelope>
      <CounterParty>CPTY_A</CounterParty>
      <NettingSetId>CPTY_A</NettingSetId>
      <AdditionalFields/>
    </Envelope>
    <SwaptionData>
      <OptionData>
        <LongShort>Long</LongShort>
        <OptionType>Call</OptionType>
        <Style>Bermudan</Style>
        <Settlement>Physical</Settlement>
        <PayOffAtExpiry>false</PayOffAtExpiry>
        <ExerciseDates>
          <ExerciseDate>2021-02-25</ExerciseDate>
          <ExerciseDate>2022-02-25</ExerciseDate>
          <ExerciseDate>2023-02-25</ExerciseDate>
          <ExerciseDate>2024-02-25</ExerciseDate>
          <ExerciseDate>2025-02-25</ExerciseDate>
          <ExerciseDate>2026-02-25</ExerciseDate>
          <ExerciseDate>2027-02-25</ExerciseDate>
          <ExerciseDate>2028-02-25</ExerciseDate>
          <ExerciseDate>2029-02-25</ExerciseDate>
          <ExerciseDate>2030-02-25</ExerciseDate>
          <ExerciseDate>2031-02-25</ExerciseDate>
          <ExerciseDate>2032-02-25</ExerciseDate>
          <ExerciseDate>2033-02-25</ExerciseDate>
          <ExerciseDate>2034-02-25</ExerciseDate>
          <ExerciseDate>2035-02-25</ExerciseDate>
        </ExerciseDates>
      </OptionData>
      <LegData>
        <LegType>Floating</LegType>
        <Payer>false</Payer>
        <Currency>EUR</Currency>
        <Notionals>
          <Notional>1000000</Notional>
        </Notionals>
        <DayCounter>A360</DayCounter>
        <PaymentConvention>ModifiedFollowing</PaymentConvention>
        <FloatingLegData>
          <Index>EUR-EURIBOR-6M</Index>
          <Spreads>
            <Spread>0.0</Spread>
          </Spreads>
          <FixingDays>2</FixingDays>
          <IsInArrears>false</IsInArrears>
        </FloatingLegData>
        <ScheduleData>
          <Rules>
            <StartDate>2021-03-01</StartDate>
            <EndDate>2036-03-01</EndDate>
            <Tenor>6M</Tenor>
            <Calendar>TARGET</Calendar>
            <Convention>Following</Convention>
            <TermConvention>Following</TermConvention>
            <Rule>Forward</Rule>
            <EndOfMonth/>
            <FirstDate/>
            <LastDate/>
          </Rules>
        </ScheduleData>
      </LegData>
      <LegData>
        <LegType>Fixed</LegType>
        <Payer>true</Payer>
        <Currency>EUR</Currency>
        <Notionals>
          <Notional>1000000</Notional>
        </Notionals>
        <DayCounter>ACT/ACT</DayCounter>
        <PaymentConvention>Following</PaymentConvention>
        <FixedLegData>
          <Rates>
            <Rate>0.02</Rate>
          </Rates>
        </FixedLegData>
        <ScheduleData>
          <Rules>
            <StartDate>2021-03-01</StartDate>
            <EndDate>2036-03-01</EndDate>
            <Tenor>1Y</Tenor>
            <Calendar>TARGET</Calendar>
            <Convention>Following</Convention>
            <TermConvention>Following</TermConvention>
            <Rule>Forward</Rule>
            <EndOfMonth/>
            <FirstDate/>
            <LastDate/>
          </Rules>
        </ScheduleData>
      </LegData>
    </SwaptionData>
  </Trade>
  <Trade id="BermSwp_16">
    <TradeType>Swaption</TradeType>
    <Envelope>
      <CounterParty>CPTY_A</CounterParty>
      <NettingSetId>CPTY_A</NettingSetId>
      <AdditionalFields/>
    </Envelope>
    <SwaptionData>
      <OptionData>
        <LongShort>Long</LongShort>
        <OptionType>Call</OptionType>
        <Style>Bermudan</Style>
        <Settlement>Physical</Settlement>
        <PayOffAtExpiry>false</PayOffAtExpiry>
        <ExerciseDates>
          <ExerciseDate>2021-02-25</ExerciseDate>
          <ExerciseDate>2022-02-25</ExerciseDate>
          <ExerciseDate>2023-02-25</ExerciseDate>
          <ExerciseDate>2024-02-25</ExerciseDate>
          <ExerciseDate>2025-02-25</ExerciseDate>
          <ExerciseDate>2026-02-25</ExerciseDate>
          <ExerciseDate>2027-02-25</ExerciseDate>
          <ExerciseDate>2028-02-25</ExerciseDate>
          <ExerciseDate>2029-02-25</ExerciseDate>
          <ExerciseDate>2030-02-25</ExerciseDate>
          <ExerciseDate>2031-02-25</ExerciseDate>
          <ExerciseDate>2032-02-25</ExerciseDate>
          <ExerciseDate>2033-02-25</ExerciseDate>
          <ExerciseDate>2034-02-25</ExerciseDate>
          <ExerciseDate>2035-02-25</ExerciseDate>
        </ExerciseDates>
      </OptionData>
      <LegData>
        <LegType>Floating</LegType>
        <Payer>false</Payer>
        <Currency>EUR</Currency>
        <Notionals>
          <Notional>1000000</Notional>
        </Notionals>
        <DayCounter>A360</DayCounter>
        <PaymentConvention>ModifiedFollowing</PaymentConvention>
        <FloatingLegData>
          <Index>EUR-EURIBOR-6M</Index>
          <Spreads>
            <Spread>0.0</Spread>
          </Spreads>
          <FixingDays>2</FixingDays>
          <IsInArrears>false</IsInArrears>
        </FloatingLegData>
        <ScheduleData>
          <Rules>
            <StartDate>2021-03-01</StartDate>
            <EndDate>2036-03-01</EndDate>
            <Tenor>6M</Tenor>
            <Calendar>TARGET</Calendar>
            <Convention>Following</Convention>
            <TermConvention>Following</TermConvention>
            <Rule>Forward</Rule>
            <EndOfMonth/>
            <FirstDate/>
            <LastDate/>
          </Rules>
        </ScheduleData>
      </LegData>
      <LegData>
        <LegType>Fixed</LegType>
        <Payer>true</Payer>
        <Currency>EUR</Currency>
        <Notionals>
          <Notional>1000000</Notional>
        </Notionals>
        <DayCounter>ACT/ACT</DayCounter>
        <PaymentConvention>Following</PaymentConvention>
        <FixedLegData>
          <Rates>
            <Rate>0.02</Rate>
          </Rates>
        </FixedLegData>
        <ScheduleData>
          <Rules>
            <StartDate>2021-03-01</StartDate>
            <EndDate>2036-03-01</EndDate>
            <Tenor>1Y</Tenor>
            <Calendar>TARGET</Calendar>
            <Convention>Following</Convention>
            <TermConvention>Following</TermConvention>
            <Rule>Forward</Rule>
            <EndOfMonth/>
            <FirstDate/>
            <LastDate/>
          </Rules>
        </ScheduleData>
      </LegData>
    </SwaptionData>
  </Trade>
  <Trade id="BermSwp_17">
    <TradeType>Swaption</TradeType>
    <Envelope>
      <CounterParty>CPTY_A</CounterParty>
      <NettingSetId>CPTY_A</NettingSetId>
      <AdditionalFields/>
    </Envelope>
    <SwaptionData>
      <OptionData>
        <LongShort>Long</LongShort>
        <OptionType>Call</OptionType>
        <Style>Bermudan</Style>
        <Settlement>Physical</Settlement>
        <PayOffAtExpiry>false</PayOffAtExpiry>
        <ExerciseDates>
          <ExerciseDate>2021-02-25</ExerciseDate>
          <ExerciseDate>2022-02-25</ExerciseDate>
          <ExerciseDate>2023-02-25</ExerciseDate>
          <ExerciseDate>2024-02-25</ExerciseDate>
          <ExerciseDate>2025-02-25</ExerciseDate>
          <ExerciseDate>2026-02-25</ExerciseDate>
          <ExerciseDate>2027-02-25</ExerciseDate>
          <ExerciseDate>2028-02-25</ExerciseDate>
          <ExerciseDate>2029-02-25</ExerciseDate>
          <ExerciseDate>2030-02-25</ExerciseDate>
          <ExerciseDate>2031-02-25</ExerciseDate>
          <ExerciseDate>2032-02-25</ExerciseDate>
          <ExerciseDate>2033-02-25</ExerciseDate>
          <ExerciseDate>2034-02-25</ExerciseDate>
          <ExerciseDate>2035-02-25</ExerciseDate>
        </ExerciseDates>
      </OptionData>
      <LegData>
        <LegType>Floating</LegType>
        <Payer>false</Payer>
        <Currency>EUR</Currency>
        <Notionals>
          <Notional>1000000</Notional>
        </Notionals>
        <DayCounter>A360</DayCounter>
        <PaymentConvention>ModifiedFollowing</PaymentConvention>
        <FloatingLegData>
          <Index>EUR-EURIBOR-6M</Index>
          <Spreads>
            <Spread>0.0</Spread>
          </Spreads>
          <FixingDays>2</FixingDays>
          <IsInArrears>false</IsInArrears>
        </FloatingLegData>
        <ScheduleData>
          <Rules>
            <StartDate>2021-03-01</StartDate>
            <EndDate>2036-03-01</EndDate>
            <Tenor>6M</Tenor>
            <Calendar>TARGET</Calendar>
            <Convention>Following</Convention>
            <TermConvention>Following</TermConvention>
            <Rule>Forward</Rule>
            <EndOfMonth/>
            <FirstDate/>
            <LastDate/>
          </Rules>
        </ScheduleData>
      </LegData>
      <LegData>
        <LegType>Fixed</LegType>
        <Payer>true</Payer>
        <Currency>EUR</Currency>
        <Notionals>
          <Notional>1000000</Notional>
        </Notionals>
        <DayCounter>ACT/ACT</DayCounter>
        <PaymentConvention>Following</PaymentConvention>
        <FixedLegData>
          <Rates>
            <Rate>0.02</Rate>
          </Rates>
        </FixedLegData>
        <ScheduleData>
          <Rules>
            <StartDate>2021-03-01</StartDate>
            <EndDate>2036-03-01</EndDate>
            <Tenor>1Y</Tenor>
            <Calendar>TARGET</Calendar>
            <Convention>Following</Convention>
            <TermConvention>Following</TermConvention>
            <Rule>Forward</Rule>
            <EndOfMonth/>
            <FirstDate/>
            <LastDate/>
          </Rules>
        </ScheduleData>
      </LegData>
    </SwaptionData>
  </Trade>
  <Trade id="BermSwp_18">
    <TradeType>Swaption</TradeType>
    <Envelope>
      <CounterParty>CPTY_A</CounterParty>
      <NettingSetId>CPTY_A</NettingSetId>
      <AdditionalFields/>
    </Envelope>
    <SwaptionData>
      <OptionData>
        <LongShort>Long</LongShort>
        <OptionType>Call</OptionType>
        <Style>Bermudan</Style>
        <Settlement>Physical</Settlement>
        <PayOffAtExpiry>false</PayOffAtExpiry>
        <ExerciseDates>
          <ExerciseDate>2021-02-25</ExerciseDate>
          <ExerciseDate>2022-02-25</ExerciseDate>
          <ExerciseDate>2023-02-25</ExerciseDate>
          <ExerciseDate>2024-02-25</ExerciseDate>
          <ExerciseDate>2025-02-25</ExerciseDate>
          <ExerciseDate>2026-02-25</ExerciseDate>
          <ExerciseDate>2027-02-25</ExerciseDate>
          <ExerciseDate>2028-02-25</ExerciseDate>
          <ExerciseDate>2029-02-25</ExerciseDate>
          <ExerciseDate>2030-02-25</ExerciseDate>
          <ExerciseDate>2031-02-25</ExerciseDate>
          <ExerciseDate>2032-02-25</ExerciseDate>
          <ExerciseDate>2033-02-25</ExerciseDate>
          <ExerciseDate>2034-02-25</ExerciseDate>
          <ExerciseDate>2035-02-25</ExerciseDate>
        </ExerciseDates>
      </OptionData>
      <LegData>
        <LegType>Floating</LegType>
        <Payer>false</Payer>
        <Currency>EUR</Currency>
        <Notionals>
          <Notional>1000000</Notional>
        </Notionals>
        <DayCounter>A360</DayCounter>
        <PaymentConvention>ModifiedFollowing</PaymentConvention>
        <FloatingLegData>
          <Index>EUR-EURIBOR-6M</Index>
          <Spreads>
            <Spread>0.0</Spread>
          </Spreads>
          <FixingDays>2</FixingDays>
          <IsInArrears>false</IsInArrears>
        </FloatingLegData>
        <ScheduleData>
          <Rules>
            <StartDate>2021-03-01</StartDate>
            <EndDate>2036-03-01</EndDate>
            <Tenor>6M</Tenor>
            <Calendar>TARGET</Calendar>
            <Convention>Following</Convention>
            <TermConvention>Following</TermConvention>
            <Rule>Forward</Rule>
            <EndOfMonth/>
            <FirstDate/>
            <LastDate/>
          </Rules>
        </ScheduleData>
      </LegData>
      <LegData>
        <LegType>Fixed</LegType>
        <Payer>true</Payer>
        <Currency>EUR</Currency>
        <Notionals>
          <Notional>1000000</Notional>
        </Notionals>
        <DayCounter>ACT/ACT</DayCounter>
        <PaymentConvention>Following</PaymentConvention>
        <FixedLegData>
          <Rates>
            <Rate>0.02</Rate>
          </Rates>
        </FixedLegData>
        <ScheduleData>
          <Rules>
            <StartDate>2021-03-01</StartDate>
            <EndDate>2036-03-01</EndDate>
            <Tenor>1Y</Tenor>
            <Calendar>TARGET</Calendar>
            <Convention>Following</Convention>
            <TermConvention>Following</TermConvention>
            <Rule>Forward</Rule>
            <EndOfMonth/>
            <FirstDate/>
            <LastDate/>
          </Rules>
        </ScheduleData>
      </LegData>
    </SwaptionData>
  </Trade>
  <Trade id="BermSwp_19">
    <TradeType>Swaption</TradeType>
    <Envelope>
      <CounterParty>CPTY_A</CounterParty>
      <NettingSetId>CPTY_A</NettingSetId>
      <AdditionalFields/>
    </Envelope>
    <SwaptionData>
      <OptionData>
        <LongShort>Long</LongShort>
        <OptionType>Call</OptionType>
        <Style>Bermudan</Style>
        <Settlement>Physical</Settlement>
        <PayOffAtExpiry>false</PayOffAtExpiry>
        <ExerciseDates>
          <ExerciseDate>2021-02-25</ExerciseDate>
          <ExerciseDate>2022-02-25</ExerciseDate>
          <ExerciseDate>2023-02-25</ExerciseDate>
          <ExerciseDate>2024-02-25</ExerciseDate>
          <ExerciseDate>2025-02-25</ExerciseDate>
          <ExerciseDate>2026-02-25</ExerciseDate>
          <ExerciseDate>2027-02-25</ExerciseDate>
          <ExerciseDate>2028-02-25</ExerciseDate>
          <ExerciseDate>2029-02-25</ExerciseDate>
          <ExerciseDate>2030-02-25</ExerciseDate>
          <ExerciseDate>2031-02-25</ExerciseDate>
          <ExerciseDate>2032-02-25</ExerciseDate>
          <ExerciseDate>2033-02-25</ExerciseDate>
          <ExerciseDate>2034-02-25</ExerciseDate>
          <ExerciseDate>2035-02-25</ExerciseDate>
        </ExerciseDates>
      </OptionData>
      <LegData>
        <LegType>Floating</LegType>
        <Payer>false</Payer>
        <Currency>EUR</Currency>
        <Notionals>
          <Notional>1000000</Notional>
        </Notionals>
        <DayCounter>A360</DayCounter>
        <PaymentConvention>ModifiedFollowing</PaymentConvention>
        <FloatingLegData>
          <Index>EUR-EURIBOR-6M</Index>
          <Spreads>
            <Spread>0.0</Spread>
          </Spreads>
          <FixingDays>2</FixingDays>
          <IsInArrears>false</IsInArrears>
        </FloatingLegData>
        <ScheduleData>
          <Rules>
            <StartDate>2021-03-01</StartDate>
            <EndDate>2036-03-01</EndDate>
            <Tenor>6M</Tenor>
            <Calendar>TARGET</Calendar>
            <Convention>Following</Convention>
            <TermConvention>Following</TermConvention>
            <Rule>Forward</Rule>
            <EndOfMonth/>
            <FirstDate/>
            <LastDate/>
          </Rules>
        </ScheduleData>
      </LegData>
      <LegData>
        <LegType>Fixed</LegType>
        <Payer>true</Payer>
        <Currency>EUR</Currency>
        <Notionals>
          <Notional>1000000</Notional>
        </Notionals>
        <DayCounter>ACT/ACT</DayCounter>
        <PaymentConvention>Following</PaymentConvention>
        <FixedLegData>
          <Rates>
            <Rate>0.02</Rate>
          </Rates>
        </FixedLegData>
        <ScheduleData>
          <Rules>
            <StartDate>2021-03-01</StartDate>
            <EndDate>2036-03-01</EndDate>
            <Tenor>1Y</Tenor>
            <Calendar>TARGET</Calendar>
            <Convention>Following</Convention>
            <TermConvention>Following</TermConvention>
            <Rule>Forward</Rule>
            <EndOfMonth/>
            <FirstDate/>
            <LastDate/>
          </Rules>
        </ScheduleData>
      </LegData>
    </SwaptionData>
  </Trade>
  <Trade id="BermSwp_20">
    <TradeType>Swaption</TradeType>
    <Envelope>
      <CounterParty>CPTY_A</CounterParty>
      <NettingSetId>CPTY_A</NettingSetId>
      <AdditionalFields/>
    </Envelope>
    <SwaptionData>
      <OptionData>
        <LongShort>Long</LongShort>
        <OptionType>Call</OptionType>
        <Style>Bermudan</Style>
        <Settlement>Physical</Settlement>
        <PayOffAtExpiry>false</PayOffAtExpiry>
        <ExerciseDates>
          <ExerciseDate>2021-02-25</ExerciseDate>
          <ExerciseDate>2022-02-25</ExerciseDate>
          <ExerciseDate>2023-02-25</ExerciseDate>
          <ExerciseDate>2024-02-25</ExerciseDate>
          <ExerciseDate>2025-02-25</ExerciseDate>
          <ExerciseDate>2026-02-25</ExerciseDate>
          <ExerciseDate>2027-02-25</ExerciseDate>
          <ExerciseDate>2028-02-25</ExerciseDate>
          <ExerciseDate>2029-02-25</ExerciseDate>
          <ExerciseDate>2030-02-25</ExerciseDate>
          <ExerciseDate>2031-02-25</ExerciseDate>
          <ExerciseDate>2032-02-25</ExerciseDate>
          <ExerciseDate>2033-02-25</ExerciseDate>
          <ExerciseDate>2034-02-25</ExerciseDate>
          <ExerciseDate>2035-02-25</ExerciseDate>
        </ExerciseDates>
      </OptionData>
      <LegData>
        <LegType>Floating</LegType>
        <Payer>false</Payer>
        <Currency>EUR</Currency>
        <Notionals>
          <Notional>1000000</Notional>
        </Notionals>
        <DayCounter>A360</DayCounter>
        <PaymentConvention>ModifiedFollowing</PaymentConvention>
        <FloatingLegData>
          <Index>EUR-EURIBOR-6M</Index>
          <Spreads>
            <Spread>0.0</Spread>
          </Spreads>
          <FixingDays>2</FixingDays>
          <IsInArrears>false</IsInArrears>
        </FloatingLegData>
        <ScheduleData>
          <Rules>
            <StartDate>2021-03-01</StartDate>
            <EndDate>2036-03-01</EndDate>
            <Tenor>6M</Tenor>
            <Calendar>TARGET</Calendar>
            <Convention>Following</Convention>
            <TermConvention>Following</TermConvention>
            <Rule>Forward</Rule>
            <EndOfMonth/>
            <FirstDate/>
            <LastDate/>
          </Rules>
        </ScheduleData>
      </LegData>
      <LegData>
        <LegType>Fixed</LegType>
        <Payer>true</Payer>
        <Currency>EUR</Currency>
        <Notionals>
          <Notional>1000000</Notional>
        </Notionals>
        <DayCounter>ACT/ACT</DayCounter>
        <PaymentConvention>Following</PaymentConvention>
        <FixedLegData>
          <Rates>
            <Rate>0.02</Rate>
          </Rates>
        </FixedLegData>
        <ScheduleData>
          <Rules>
            <StartDate>2021-03-01</StartDate>
            <EndDate>2036-03-01</EndDate>
            <Tenor>1Y</Tenor>
            <Calendar>TARGET</Calendar>
            <Convention>Following</Convention>
            <TermConvention>Following</TermConvention>
            <Rule>Forward</Rule>
            <EndOfMonth/>
            <FirstDate/>
            <LastDate/>
          </Rules>
        </ScheduleData>
      </LegData>
    </SwaptionData>
  </Trade>
  <Trade id="BermSwp_21">
    <TradeType>Swaption</TradeType>
    <Envelope>
      <CounterParty>CPTY_A</CounterParty>
      <NettingSetId>CPTY_A</NettingSetId>
      <AdditionalFields/>
    </Envelope>
    <SwaptionData>
      <OptionData>
        <LongShort>Long</LongShort>
        <OptionType>Call</OptionType>
        <Style>Bermudan</Style>
        <Settlement>Physical</Settlement>
        <PayOffAtExpiry>false</PayOffAtExpiry>
        <ExerciseDates>
          <ExerciseDate>2021-02-25</ExerciseDate>
          <ExerciseDate>2022-02-25</ExerciseDate>
          <ExerciseDate>2023-02-25</ExerciseDate>
          <ExerciseDate>2024-02-25</ExerciseDate>
          <ExerciseDate>2025-02-25</ExerciseDate>
          <ExerciseDate>2026-02-25</ExerciseDate>
          <ExerciseDate>2027-02-25</ExerciseDate>
          <ExerciseDate>2028-02-25</ExerciseDate>
          <ExerciseDate>2029-02-25</ExerciseDate>
          <ExerciseDate>2030-02-25</ExerciseDate>
          <ExerciseDate>2031-02-25</ExerciseDate>
          <ExerciseDate>2032-02-25</ExerciseDate>
          <ExerciseDate>2033-02-25</ExerciseDate>
          <ExerciseDate>2034-02-25</ExerciseDate>
          <ExerciseDate>2035-02-25</ExerciseDate>
        </ExerciseDates>
      </OptionData>
      <LegData>
        <LegType>Floating</LegType>
        <Payer>false</Payer>
        <Currency>EUR</Currency>
        <Notionals>
          <Notional>1000000</Notional>
        </Notionals>
        <DayCounter>A360</DayCounter>
        <PaymentConvention>ModifiedFollowing</PaymentConvention>
        <FloatingLegData>
          <Index>EUR-EURIBOR-6M</Index>
          <Spreads>
            <Spread>0.0</Spread>
          </Spreads>
          <FixingDays>2</FixingDays>
          <IsInArrears>false</IsInArrears>
        </FloatingLegData>
        <ScheduleData>
          <Rules>
            <StartDate>2021-03-01</StartDate>
            <EndDate>2036-03-01</EndDate>
            <Tenor>6M</Tenor>
            <Calendar>TARGET</Calendar>
            <Convention>Following</Convention>
            <TermConvention>Following</TermConvention>
            <Rule>Forward</Rule>
            <EndOfMonth/>
            <FirstDate/>
            <LastDate/>
          </Rules>
        </ScheduleData>
      </LegData>
      <LegData>
        <LegType>Fixed</LegType>
        <Payer>true</Payer>
        <Currency>EUR</Currency>
        <Notionals>
          <Notional>1000000</Notional>
        </Notionals>
        <DayCounter>ACT/ACT</DayCounter>
        <PaymentConvention>Following</PaymentConvention>
        <FixedLegData>
          <Rates>
            <Rate>0.02</Rate>
          </Rates>
        </FixedLegData>
        <ScheduleData>
          <Rules>
            <StartDate>2021-03-01</StartDate>
            <EndDate>2036-03-01</EndDate>
            <Tenor>1Y</Tenor>
            <Calendar>TARGET</Calendar>
            <Convention>Following</Convention>
            <TermConvention>Following</TermConvention>
            <Rule>Forward</Rule>
            <EndOfMonth/>
            <FirstDate/>
            <LastDate/>
          </Rules>
        </ScheduleData>
      </LegData>
    </SwaptionData>
  </Trade>
  <Trade id="BermSwp_22">
    <TradeType>Swaption</TradeType>
    <Envelope>
      <CounterParty>CPTY_A</CounterParty>
      <NettingSetId>CPTY_A</NettingSetId>
      <AdditionalFields/>
    </Envelope>
    <SwaptionData>
      <OptionData>
        <LongShort>Long</LongShort>
        <OptionType>Call</OptionType>
        <Style>Bermudan</Style>
        <Settlement>Physical</Settlement>
        <PayOffAtExpiry>false</PayOffAtExpiry>
        <ExerciseDates>
          <ExerciseDate>2021-02-25</ExerciseDate>
          <ExerciseDate>2022-02-25</ExerciseDate>
          <ExerciseDate>2023-02-25</ExerciseDate>
          <ExerciseDate>2024-02-25</ExerciseDate>
          <ExerciseDate>2025-02-25</ExerciseDate>
          <ExerciseDate>2026-02-25</ExerciseDate>
          <ExerciseDate>2027-02-25</ExerciseDate>
          <ExerciseDate>2028-02-25</ExerciseDate>
          <ExerciseDate>2029-02-25</ExerciseDate>
          <ExerciseDate>2030-02-25</ExerciseDate>
          <ExerciseDate>2031-02-25</ExerciseDate>
          <ExerciseDate>2032-02-25</ExerciseDate>
          <ExerciseDate>2033-02-25</ExerciseDate>
          <ExerciseDate>2034-02-25</ExerciseDate>
          <ExerciseDate>2035-02-25</ExerciseDate>
        </ExerciseDates>
      </OptionData>
      <LegData>
        <LegType>Floating</LegType>
        <Payer>false</Payer>
        <Currency>EUR</Currency>
        <Notionals>
          <Notional>1000000</Notional>
        </Notionals>
        <DayCounter>A360</DayCounter>
        <PaymentConvention>ModifiedFollowing</PaymentConvention>
        <FloatingLegData>
          <Index>EUR-EURIBOR-6M</Index>
          <Spreads>
            <Spread>0.0</Spread>
          </Spreads>
          <FixingDays>2</FixingDays>
          <IsInArrears>false</IsInArrears>
        </FloatingLegData>
        <ScheduleData>
          <Rules>
            <StartDate>2021-03-01</StartDate>
            <EndDate>2036-03-01</EndDate>
            <Tenor>6M</Tenor>
            <Calendar>TARGET</Calendar>
            <Convention>Following</Convention>
            <TermConvention>Following</TermConvention>
            <Rule>Forward</Rule>
            <EndOfMonth/>
            <FirstDate/>
            <LastDate/>
          </Rules>
        </ScheduleData>
      </LegData>
      <LegData>
        <LegType>Fixed</LegType>
        <Payer>true</Payer>
        <Currency>EUR</Currency>
        <Notionals>
          <Notional>1000000</Notional>
        </Notionals>
        <DayCounter>ACT/ACT</DayCounter>
        <PaymentConvention>Following</PaymentConvention>
        <FixedLegData>
          <Rates>
            <Rate>0.02</Rate>
          </Rates>
        </FixedLegData>
        <ScheduleData>
          <Rules>
            <StartDate>2021-03-01</StartDate>
            <EndDate>2036-03-01</EndDate>
            <Tenor>1Y</Tenor>
            <Calendar>TARGET</Calendar>
            <Convention>Following</Convention>
            <TermConvention>Following</TermConvention>
            <Rule>Forward</Rule>
            <EndOfMonth/>
            <FirstDate/>
            <LastDate/>
          </Rules>
        </ScheduleData>
      </LegData>
    </SwaptionData>
  </Trade>
  <Trade id="BermSwp_23">
    <TradeType>Swaption</TradeType>
    <Envelope>
      <CounterParty>CPTY_A</CounterParty>
      <NettingSetId>CPTY_A</NettingSetId>
      <AdditionalFields/>
    </Envelope>
    <SwaptionData>
      <OptionData>
        <LongShort>Long</LongShort>
        <OptionType>Call</OptionType>
        <Style>Bermudan</Style>
        <Settlement>Physical</Settlement>
        <PayOffAtExpiry>false</PayOffAtExpiry>
        <ExerciseDates>
          <ExerciseDate>2021-02-25</ExerciseDate>
          <ExerciseDate>2022-02-25</ExerciseDate>
          <ExerciseDate>2023-02-25</ExerciseDate>
          <ExerciseDate>2024-02-25</ExerciseDate>
          <ExerciseDate>2025-02-25</ExerciseDate>
          <ExerciseDate>2026-02-25</ExerciseDate>
          <ExerciseDate>2027-02-25</ExerciseDate>
          <ExerciseDate>2028-02-25</ExerciseDate>
          <ExerciseDate>2029-02-25</ExerciseDate>
          <ExerciseDate>2030-02-25</ExerciseDate>
          <ExerciseDate>2031-02-25</ExerciseDate>
          <ExerciseDate>2032-02-25</ExerciseDate>
          <ExerciseDate>2033-02-25</ExerciseDate>
          <ExerciseDate>2034-02-25</ExerciseDate>
          <ExerciseDate>2035-02-25</ExerciseDate>
        </ExerciseDates>
      </OptionData>
      <LegData>
        <LegType>Floating</LegType>
        <Payer>false</Payer>
        <Currency>EUR</Currency>
        <Notionals>
          <Notional>1000000</Notional>
        </Notionals>
        <DayCounter>A360</DayCounter>
        <PaymentConvention>ModifiedFollowing</PaymentConvention>
        <FloatingLegData>
          <Index>EUR-EURIBOR-6M</Index>
          <Spreads>
            <Spread>0.0</Spread>
          </Spreads>
          <FixingDays>2</FixingDays>
          <IsInArrears>false</IsInArrears>
        </FloatingLegData>
        <ScheduleData>
          <Rules>
            <StartDate>2021-03-01</StartDate>
            <EndDate>2036-03-01</EndDate>
            <Tenor>6M</Tenor>
            <Calendar>TARGET</Calendar>
            <Convention>Following</Convention>
            <TermConvention>Following</TermConvention>
            <Rule>Forward</Rule>
            <EndOfMonth/>
            <FirstDate/>
            <LastDate/>
          </Rules>
        </ScheduleData>
      </LegData>
      <LegData>
        <LegType>Fixed</LegType>
        <Payer>true</Payer>
        <Currency>EUR</Currency>
        <Notionals>
          <Notional>1000000</Notional>
        </Notionals>
        <DayCounter>ACT/ACT</DayCounter>
        <PaymentConvention>Following</PaymentConvention>
        <FixedLegData>
          <Rates>
            <Rate>0.02</Rate>
          </Rates>
        </FixedLegData>
        <ScheduleData>
          <Rules>
            <StartDate>2021-03-01</StartDate>
            <EndDate>2036-03-01</EndDate>
            <Tenor>1Y</Tenor>
            <Calendar>TARGET</Calendar>
            <Convention>Following</Convention>
            <TermConvention>Following</TermConvention>
            <Rule>Forward</Rule>
            <EndOfMonth/>
            <FirstDate/>
            <LastDate/>
          </Rules>
        </ScheduleData>
      </LegData>
    </SwaptionData>
  </Trade>
  <Trade id="BermSwp_24">
    <TradeType>Swaption</TradeType>
    <Envelope>
      <CounterParty>CPTY_A</CounterParty>
      <NettingSetId>CPTY_A</NettingSetId>
      <AdditionalFields/>
    </Envelope>
    <SwaptionData>
      <OptionData>
        <LongShort>Long</LongShort>
        <OptionType>Call</OptionType>
        <Style>Bermudan</Style>
        <Settlement>Physical</Settlement>
        <PayOffAtExpiry>false</PayOffAtExpiry>
        <ExerciseDates>
          <ExerciseDate>2021-02-25</ExerciseDate>
          <ExerciseDate>2022-02-25</ExerciseDate>
          <ExerciseDate>2023-02-25</ExerciseDate>
          <ExerciseDate>2024-02-25</ExerciseDate>
          <ExerciseDate>2025-02-25</ExerciseDate>
          <ExerciseDate>2026-02-25</ExerciseDate>
          <ExerciseDate>2027-02-25</ExerciseDate>
          <ExerciseDate>2028-02-25</ExerciseDate>
          <ExerciseDate>2029-02-25</ExerciseDate>
          <ExerciseDate>2030-02-25</ExerciseDate>
          <ExerciseDate>2031-02-25</ExerciseDate>
          <ExerciseDate>2032-02-25</ExerciseDate>
          <ExerciseDate>2033-02-25</ExerciseDate>
          <ExerciseDate>2034-02-25</ExerciseDate>
          <ExerciseDate>2035-02-25</ExerciseDate>
        </ExerciseDates>
      </OptionData>
      <LegData>
        <LegType>Floating</LegType>
        <Payer>false</Payer>
        <Currency>EUR</Currency>
        <Notionals>
          <Notional>1000000</Notional>
        </Notionals>
        <DayCounter>A360</DayCounter>
        <PaymentConvention>ModifiedFollowing</PaymentConvention>
        <FloatingLegData>
          <Index>EUR-EURIBOR-6M</Index>
          <Spreads>
            <Spread>0.0</Spread>
          </Spreads>
          <FixingDays>2</FixingDays>
          <IsInArrears>false</IsInArrears>
        </FloatingLegData>
        <ScheduleData>
          <Rules>
            <StartDate>2021-03-01</StartDate>
            <EndDate>2036-03-01</EndDate>
            <Tenor>6M</Tenor>
            <Calendar>TARGET</Calendar>
            <Convention>Following</Convention>
            <TermConvention>Following</TermConvention>
            <Rule>Forward</Rule>
            <EndOfMonth/>
            <FirstDate/>
            <LastDate/>
          </Rules>
        </ScheduleData>
      </LegData>
      <LegData>
        <LegType>Fixed</LegType>
        <Payer>true</Payer>
        <Currency>EUR</Currency>
        <Notionals>
          <Notional>1000000</Notional>
        </Notionals>
        <DayCounter>ACT/ACT</DayCounter>
        <PaymentConvention>Following</PaymentConvention>
        <FixedLegData>
          <Rates>
            <Rate>0.02</Rate>
          </Rates>
        </FixedLegData>
        <ScheduleData>
          <Rules>
            <StartDate>2021-03-01</StartDate>
            <EndDate>2036-03-01</EndDate>
            <Tenor>1Y</Tenor>
            <Calendar>TARGET</Calendar>
            <Convention>Following</Convention>
            <TermConvention>Following</TermConvention>
            <Rule>Forward</Rule>
            <EndOfMonth/>
            <FirstDate/>
            <LastDate/>
          </Rules>
        </ScheduleData>
      </LegData>
    </SwaptionData>
  </Trade>
  <Trade id="BermSwp_25">
    <TradeType>Swaption</TradeType>
    <Envelope>
      <CounterParty>CPTY_A</CounterParty>
      <NettingSetId>CPTY_A</NettingSetId>
      <AdditionalFields/>
    </Envelope>
    <SwaptionData>
      <OptionData>
        <LongShort>Long</LongShort>
        <OptionType>Call</OptionType>
        <Style>Bermudan</Style>
        <Settlement>Physical</Settlement>
        <PayOffAtExpiry>false</PayOffAtExpiry>
        <ExerciseDates>
          <ExerciseDate>2021-02-25</ExerciseDate>
          <ExerciseDate>2022-02-25</ExerciseDate>
          <ExerciseDate>2023-02-25</ExerciseDate>
          <ExerciseDate>2024-02-25</ExerciseDate>
          <ExerciseDate>2025-02-25</ExerciseDate>
          <ExerciseDate>2026-02-25</ExerciseDate>
          <ExerciseDate>2027-02-25</ExerciseDate>
          <ExerciseDate>2028-02-25</ExerciseDate>
          <ExerciseDate>2029-02-25</ExerciseDate>
          <ExerciseDate>2030-02-25</ExerciseDate>
          <ExerciseDate>2031-02-25</ExerciseDate>
          <ExerciseDate>2032-02-25</ExerciseDate>
          <ExerciseDate>2033-02-25</ExerciseDate>
          <ExerciseDate>2034-02-25</ExerciseDate>
          <ExerciseDate>2035-02-25</ExerciseDate>
        </ExerciseDates>
      </OptionData>
      <LegData>
        <LegType>Floating</LegType>
        <Payer>false</Payer>
        <Currency>EUR</Currency>
        <Notionals>
          <Notional>1000000</Notional>
        </Notionals>
        <DayCounter>A360</DayCounter>
        <PaymentConvention>ModifiedFollowing</PaymentConvention>
        <FloatingLegData>
          <Index>EUR-EURIBOR-6M</Index>
          <Spreads>
            <Spread>0.0</Spread>
          </Spreads>
          <FixingDays>2</FixingDays>
          <IsInArrears>false</IsInArrears>
        </FloatingLegData>
        <ScheduleData>
          <Rules>
            <StartDate>2021-03-01</StartDate>
            <EndDate>2036-03-01</EndDate>
            <Tenor>6M</Tenor>
            <Calendar>TARGET</Calendar>
            <Convention>Following</Convention>
            <TermConvention>Following</TermConvention>
            <Rule>Forward</Rule>
            <EndOfMonth/>
            <FirstDate/>
            <LastDate/>
          </Rules>
        </ScheduleData>
      </LegData>
      <LegData>
        <LegType>Fixed</LegType>
        <Payer>true</Payer>
        <Currency>EUR</Currency>
        <Notionals>
          <Notional>1000000</Notional>
        </Notionals>
        <DayCounter>ACT/ACT</DayCounter>
        <PaymentConvention>Following</PaymentConvention>
        <FixedLegData>
          <Rates>
            <Rate>0.02</Rate>
          </Rates>
        </FixedLegData>
        <ScheduleData>
          <Rules>
            <StartDate>2021-03-01</StartDate>
            <EndDate>2036-03-01</EndDate>
            <Tenor>1Y</Tenor>
            <Calendar>TARGET</Calendar>
            <Convention>Following</Convention>
            <TermConvention>Following</TermConvention>
            <Rule>Forward</Rule>
            <EndOfMonth/>
            <FirstDate/>
            <LastDate/>
          </Rules>
        </ScheduleData>
      </LegData>
    </SwaptionData>
  </Trade>
  <Trade id="BermSwp_26">
    <TradeType>Swaption</TradeType>
    <Envelope>
      <CounterParty>CPTY_A</CounterParty>
      <NettingSetId>CPTY_A</NettingSetId>
      <AdditionalFields/>
    </Envelope>
    <SwaptionData>
      <OptionData>
        <LongShort>Long</LongShort>
        <OptionType>Call</OptionType>
        <Style>Bermudan</Style>
        <Settlement>Physical</Settlement>
        <PayOffAtExpiry>false</PayOffAtExpiry>
        <ExerciseDates>
          <ExerciseDate>2021-02-25</ExerciseDate>
          <ExerciseDate>2022-02-25</ExerciseDate>
          <ExerciseDate>2023-02-25</ExerciseDate>
          <ExerciseDate>2024-02-25</ExerciseDate>
          <ExerciseDate>2025-02-25</ExerciseDate>
          <ExerciseDate>2026-02-25</ExerciseDate>
          <ExerciseDate>2027-02-25</ExerciseDate>
          <ExerciseDate>2028-02-25</ExerciseDate>
          <ExerciseDate>2029-02-25</ExerciseDate>
          <ExerciseDate>2030-02-25</ExerciseDate>
          <ExerciseDate>2031-02-25</ExerciseDate>
          <ExerciseDate>2032-02-25</ExerciseDate>
          <ExerciseDate>2033-02-25</ExerciseDate>
          <ExerciseDate>2034-02-25</ExerciseDate>
          <ExerciseDate>2035-02-25</ExerciseDate>
        </ExerciseDates>
      </OptionData>
      <LegData>
        <LegType>Floating</LegType>
        <Payer>false</Payer>
        <Currency>EUR</Currency>
        <Notionals>
          <Notional>1000000</Notional>
        </Notionals>
        <DayCounter>A360</DayCounter>
        <PaymentConvention>ModifiedFollowing</PaymentConvention>
        <FloatingLegData>
          <Index>EUR-EURIBOR-6M</Index>
          <Spreads>
            <Spread>0.0</Spread>
          </Spreads>
          <FixingDays>2</FixingDays>
          <IsInArrears>false</IsInArrears>
        </FloatingLegData>
        <ScheduleData>
          <Rules>
            <StartDate>2021-03-01</StartDate>
            <EndDate>2036-03-01</EndDate>
            <Tenor>6M</Tenor>
            <Calendar>TARGET</Calendar>
            <Convention>Following</Convention>
            <TermConvention>Following</TermConvention>
            <Rule>Forward</Rule>
            <EndOfMonth/>
            <FirstDate/>
            <LastDate/>
          </Rules>
        </ScheduleData>
      </LegData>
      <LegData>
        <LegType>Fixed</LegType>
        <Payer>true</Payer>
        <Currency>EUR</Currency>
        <Notionals>
          <Notional>1000000</Notional>
        </Notionals>
        <DayCounter>ACT/ACT</DayCounter>
        <PaymentConvention>Following</PaymentConvention>
        <FixedLegData>
          <Rates>
            <Rate>0.02</Rate>
          </Rates>
        </FixedLegData>
        <ScheduleData>
          <Rules>
            <StartDate>2021-03-01</StartDate>
            <EndDate>2036-03-01</EndDate>
            <Tenor>1Y</Tenor>
            <Calendar>TARGET</Calendar>
            <Convention>Following</Convention>
            <TermConvention>Following</TermConvention>
            <Rule>Forward</Rule>
            <EndOfMonth/>
            <FirstDate/>
            <LastDate/>
          </Rules>
        </ScheduleData>
      </LegData>
    </SwaptionData>
  </Trade>
  <Trade id="BermSwp_27">
    <TradeType>Swaption</TradeType>
    <Envelope>
      <CounterParty>CPTY_A</CounterParty>
      <NettingSetId>CPTY_A</NettingSetId>
      <AdditionalFields/>
    </Envelope>
    <SwaptionData>
      <OptionData>
        <LongShort>Long</LongShort>
        <OptionType>Call</OptionType>
        <Style>Bermudan</Style>
        <Settlement>Physical</Settlement>
        <PayOffAtExpiry>false</PayOffAtExpiry>
        <ExerciseDates>
          <ExerciseDate>2021-02-25</ExerciseDate>
          <ExerciseDate>2022-02-25</ExerciseDate>
          <ExerciseDate>2023-02-25</ExerciseDate>
          <ExerciseDate>2024-02-25</ExerciseDate>
          <ExerciseDate>2025-02-25</ExerciseDate>
          <ExerciseDate>2026-02-25</ExerciseDate>
          <ExerciseDate>2027-02-25</ExerciseDate>
          <ExerciseDate>2028-02-25</ExerciseDate>
          <ExerciseDate>2029-02-25</ExerciseDate>
          <ExerciseDate>2030-02-25</ExerciseDate>
          <ExerciseDate>2031-02-25</ExerciseDate>
          <ExerciseDate>2032-02-25</ExerciseDate>
          <ExerciseDate>2033-02-25</ExerciseDate>
          <ExerciseDate>2034-02-25</ExerciseDate>
          <ExerciseDate>2035-02-25</ExerciseDate>
        </ExerciseDates>
      </OptionData>
      <LegData>
        <LegType>Floating</LegType>
        <Payer>false</Payer>
        <Currency>EUR</Currency>
        <Notionals>
          <Notional>1000000</Notional>
        </Notionals>
        <DayCounter>A360</DayCounter>
        <PaymentConvention>ModifiedFollowing</PaymentConvention>
        <FloatingLegData>
          <Index>EUR-EURIBOR-6M</Index>
          <Spreads>
            <Spread>0.0</Spread>
          </Spreads>
          <FixingDays>2</FixingDays>
          <IsInArrears>false</IsInArrears>
        </FloatingLegData>
        <ScheduleData>
          <Rules>
            <StartDate>2021-03-01</StartDate>
            <EndDate>2036-03-01</EndDate>
            <Tenor>6M</Tenor>
            <Calendar>TARGET</Calendar>
            <Convention>Following</Convention>
            <TermConvention>Following</TermConvention>
            <Rule>Forward</Rule>
            <EndOfMonth/>
            <FirstDate/>
            <LastDate/>
          </Rules>
        </ScheduleData>
      </LegData>
      <LegData>
        <LegType>Fixed</LegType>
        <Payer>true</Payer>
        <Currency>EUR</Currency>
        <Notionals>
          <Notional>1000000</Notional>
        </Notionals>
        <DayCounter>ACT/ACT</DayCounter>
        <PaymentConvention>Following</PaymentConvention>
        <FixedLegData>
          <Rates>
            <Rate>0.02</Rate>
          </Rates>
        </FixedLegData>
        <ScheduleData>
          <Rules>
            <StartDate>2021-03-01</StartDate>
            <EndDate>2036-03-01</EndDate>
            <Tenor>1Y</Tenor>
            <Calendar>TARGET</Calendar>
            <Convention>Following</Convention>
            <TermConvention>Following</TermConvention>
            <Rule>Forward</Rule>
            <EndOfMonth/>
            <FirstDate/>
            <LastDate/>
          </Rules>
        </ScheduleData>
      </LegData>
    </SwaptionData>
  </Trade>
  <Trade id="BermSwp_28">
    <TradeType>Swaption</TradeType>
    <Envelope>
      <CounterParty>CPTY_A</CounterParty>
      <NettingSetId>CPTY_A</NettingSetId>
      <AdditionalFields/>
    </Envelope>
    <SwaptionData>
      <OptionData>
        <LongShort>Long</LongShort>
        <OptionType>Call</OptionType>
        <Style>Bermudan</Style>
        <Settlement>Physical</Settlement>
        <PayOffAtExpiry>false</PayOffAtExpiry>
        <ExerciseDates>
          <ExerciseDate>2021-02-25</ExerciseDate>
          <ExerciseDate>2022-02-25</ExerciseDate>
          <ExerciseDate>2023-02-25</ExerciseDate>
          <ExerciseDate>2024-02-25</ExerciseDate>
          <ExerciseDate>2025-02-25</ExerciseDate>
          <ExerciseDate>2026-02-25</ExerciseDate>
          <ExerciseDate>2027-02-25</ExerciseDate>
          <ExerciseDate>2028-02-25</ExerciseDate>
          <ExerciseDate>2029-02-25</ExerciseDate>
          <ExerciseDate>2030-02-25</ExerciseDate>
          <ExerciseDate>2031-02-25</ExerciseDate>
          <ExerciseDate>2032-02-25</ExerciseDate>
          <ExerciseDate>2033-02-25</ExerciseDate>
          <ExerciseDate>2034-02-25</ExerciseDate>
          <ExerciseDate>2035-02-25</ExerciseDate>
        </ExerciseDates>
      </OptionData>
      <LegData>
        <LegType>Floating</LegType>
        <Payer>false</Payer>
        <Currency>EUR</Currency>
        <Notionals>
          <Notional>1000000</Notional>
        </Notionals>
        <DayCounter>A360</DayCounter>
        <PaymentConvention>ModifiedFollowing</PaymentConvention>
        <FloatingLegData>
          <Index>EUR-EURIBOR-6M</Index>
          <Spreads>
            <Spread>0.0</Spread>
          </Spreads>
          <FixingDays>2</FixingDays>
          <IsInArrears>false</IsInArrears>
        </FloatingLegData>
        <ScheduleData>
          <Rules>
            <StartDate>2021-03-01</StartDate>
            <EndDate>2036-03-01</EndDate>
            <Tenor>6M</Tenor>
            <Calendar>TARGET</Calendar>
            <Convention>Following</Convention>
            <TermConvention>Following</TermConvention>
            <Rule>Forward</Rule>
            <EndOfMonth/>
            <FirstDate/>
            <LastDate/>
          </Rules>
        </ScheduleData>
      </LegData>
      <LegData>
        <LegType>Fixed</LegType>
        <Payer>true</Payer>
        <Currency>EUR</Currency>
        <Notionals>
          <Notional>1000000</Notional>
        </Notionals>
        <DayCounter>ACT/ACT</DayCounter>
        <PaymentConvention>Following</PaymentConvention>
        <FixedLegData>
          <Rates>
            <Rate>0.02</Rate>
          </Rates>
        </FixedLegData>
        <ScheduleData>
          <Rules>
            <StartDate>2021-03-01</StartDate>
            <EndDate>2036-03-01</EndDate>
            <Tenor>1Y</Tenor>
            <Calendar>TARGET</Calendar>
            <Convention>Following</Convention>
            <TermConvention>Following</TermConvention>
            <Rule>Forward</Rule>
            <EndOfMonth/>
            <FirstDate/>
            <LastDate/>
          </Rules>
        </ScheduleData>
      </LegData>
    </SwaptionData>
  </Trade>
  <Trade id="BermSwp_29">
    <TradeType>Swaption</TradeType>
    <Envelope>
      <CounterParty>CPTY_A</CounterParty>
      <NettingSetId>CPTY_A</NettingSetId>
      <AdditionalFields/>
    </Envelope>
    <SwaptionData>
      <OptionData>
        <LongShort>Long</LongShort>
        <OptionType>Call</OptionType>
        <Style>Bermudan</Style>
        <Settlement>Physical</Settlement>
        <PayOffAtExpiry>false</PayOffAtExpiry>
        <ExerciseDates>
          <ExerciseDate>2021-02-25</ExerciseDate>
          <ExerciseDate>2022-02-25</ExerciseDate>
          <ExerciseDate>2023-02-25</ExerciseDate>
          <ExerciseDate>2024-02-25</ExerciseDate>
          <ExerciseDate>2025-02-25</ExerciseDate>
          <ExerciseDate>2026-02-25</ExerciseDate>
          <ExerciseDate>2027-02-25</ExerciseDate>
          <ExerciseDate>2028-02-25</ExerciseDate>
          <ExerciseDate>2029-02-25</ExerciseDate>
          <ExerciseDate>2030-02-25</ExerciseDate>
          <ExerciseDate>2031-02-25</ExerciseDate>
          <ExerciseDate>2032-02-25</ExerciseDate>
          <ExerciseDate>2033-02-25</ExerciseDate>
          <ExerciseDate>2034-02-25</ExerciseDate>
          <ExerciseDate>2035-02-25</ExerciseDate>
        </ExerciseDates>
      </OptionData>
      <LegData>
        <LegType>Floating</LegType>
        <Payer>false</Payer>
        <Currency>EUR</Currency>
        <Notionals>
          <Notional>1000000</Notional>
        </Notionals>
        <DayCounter>A360</DayCounter>
        <PaymentConvention>ModifiedFollowing</PaymentConvention>
        <FloatingLegData>
          <Index>EUR-EURIBOR-6M</Index>
          <Spreads>
            <Spread>0.0</Spread>
          </Spreads>
          <FixingDays>2</FixingDays>
          <IsInArrears>false</IsInArrears>
        </FloatingLegData>
        <ScheduleData>
          <Rules>
            <StartDate>2021-03-01</StartDate>
            <EndDate>2036-03-01</EndDate>
            <Tenor>6M</Tenor>
            <Calendar>TARGET</Calendar>
            <Convention>Following</Convention>
            <TermConvention>Following</TermConvention>
            <Rule>Forward</Rule>
            <EndOfMonth/>
            <FirstDate/>
            <LastDate/>
          </Rules>
        </ScheduleData>
      </LegData>
      <LegData>
        <LegType>Fixed</LegType>
        <Payer>true</Payer>
        <Currency>EUR</Currency>
        <Notionals>
          <Notional>1000000</Notional>
        </Notionals>
        <DayCounter>ACT/ACT</DayCounter>
        <PaymentConvention>Following</PaymentConvention>
        <FixedLegData>
          <Rates>
            <Rate>0.02</Rate>
          </Rates>
        </FixedLegData>
        <ScheduleData>
          <Rules>
            <StartDate>2021-03-01</StartDate>
            <EndDate>2036-03-01</EndDate>
            <Tenor>1Y</Tenor>
            <Calendar>TARGET</Calendar>
            <Convention>Following</Convention>
            <TermConvention>Following</TermConvention>
            <Rule>Forward</Rule>
            <EndOfMonth/>
            <FirstDate/>
            <LastDate/>
          </Rules>
        </ScheduleData>
      </LegData>
    </SwaptionData>
  </Trade>
  <Trade id="BermSwp_30">
    <TradeType>Swaption</TradeType>
    <Envelope>
      <CounterParty>CPTY_A</CounterParty>
      <NettingSetId>CPTY_A</NettingSetId>
      <AdditionalFields/>
    </Envelope>
    <SwaptionData>
      <OptionData>
        <LongShort>Long</LongShort>
        <OptionType>Call</OptionType>
        <Style>Bermudan</Style>
        <Settlement>Physical</Settlement>
        <PayOffAtExpiry>false</PayOffAtExpiry>
        <ExerciseDates>
          <ExerciseDate>2021-02-25</ExerciseDate>
          <ExerciseDate>2022-02-25</ExerciseDate>
          <ExerciseDate>2023-02-25</ExerciseDate>
          <ExerciseDate>2024-02-25</ExerciseDate>
          <ExerciseDate>2025-02-25</ExerciseDate>
          <ExerciseDate>2026-02-25</ExerciseDate>
          <ExerciseDate>2027-02-25</ExerciseDate>
          <ExerciseDate>2028-02-25</ExerciseDate>
          <ExerciseDate>2029-02-25</ExerciseDate>
          <ExerciseDate>2030-02-25</ExerciseDate>
          <ExerciseDate>2031-02-25</ExerciseDate>
          <ExerciseDate>2032-02-25</ExerciseDate>
          <ExerciseDate>2033-02-25</ExerciseDate>
          <ExerciseDate>2034-02-25</ExerciseDate>
          <ExerciseDate>2035-02-25</ExerciseDate>
        </ExerciseDates>
      </OptionData>
      <LegData>
        <LegType>Floating</LegType>
        <Payer>false</Payer>
        <Currency>EUR</Currency>
        <Notionals>
          <Notional>1000000</Notional>
        </Notionals>
        <DayCounter>A360</DayCounter>
        <PaymentConvention>ModifiedFollowing</PaymentConvention>
        <FloatingLegData>
          <Index>EUR-EURIBOR-6M</Index>
          <Spreads>
            <Spread>0.0</Spread>
          </Spreads>
          <FixingDays>2</FixingDays>
          <IsInArrears>false</IsInArrears>
        </FloatingLegData>
        <ScheduleData>
          <Rules>
            <StartDate>2021-03-01</StartDate>
            <EndDate>2036-03-01</EndDate>
            <Tenor>6M</Tenor>
            <Calendar>TARGET</Calendar>
            <Convention>Following</Convention>
            <TermConvention>Following</TermConvention>
            <Rule>Forward</Rule>
            <EndOfMonth/>
            <FirstDate/>
            <LastDate/>
          </Rules>
        </ScheduleData>
      </LegData>
      <LegData>
        <LegType>Fixed</LegType>
        <Payer>true</Payer>
        <Currency>EUR</Currency>
        <Notionals>
          <Notional>1000000</Notional>
        </Notionals>
        <DayCounter>ACT/ACT</DayCounter>
        <PaymentConvention>Following</PaymentConvention>
        <FixedLegData>
          <Rates>
            <Rate>0.02</Rate>
          </Rates>
        </FixedLegData>
        <ScheduleData>
          <Rules>
            <StartDate>2021-03-01</StartDate>
            <EndDate>2036-03-01</EndDate>
            <Tenor>1Y</Tenor>
            <Calendar>TARGET</Calendar>
            <Convention>Following</Convention>
            <TermConvention>Following</TermConvention>
            <Rule>Forward</Rule>
            <EndOfMonth/>
            <FirstDate/>
            <LastDate/>
          </Rules>
        </ScheduleData>
      </LegData>
    </SwaptionData>
  </Trade>
  -->
</Portfolio>
